Not connected to PVD
+++ Using GPU PhysX
Physics Engine: PhysX
Physics Device: cuda:0
GPU Pipeline: disabled
Not connected to PVD
+++ Using GPU PhysX
Physics Engine: PhysX
Physics Device: cuda:0
GPU Pipeline: disabled
Importing module 'gym_38' (/data/code/yjh/isaacgym/python/isaacgym/_bindings/linux-x86_64/gym_38.so)
Setting GYM_USD_PLUG_INFO_PATH to /data/code/yjh/isaacgym/python/isaacgym/_bindings/linux-x86_64/usd/plugInfo.json
[Batch] Output directory: /data/code/yjh/Adaptation/batch_results/20260624_162055
[Batch] Testing 200 robots — seeds: [7, 42, 137, 256, 512, 8801, 3144, 8197, 5163, 2652, 5463, 2053, 6639, 6084, 562, 3792, 4674, 106, 1916, 6277, 3374, 1024, 1341, 3290, 6607, 4183, 8376, 2368, 4531, 9702, 8543, 3929, 9509, 2624, 5760, 1693, 9921, 5523, 5580, 9782, 1144, 3749, 9403, 5241, 467, 5278, 102, 7793, 8459, 1340, 7108, 7297, 7880, 5145, 3316, 8693, 1833, 3893, 9369, 8126, 1375, 6377, 6330, 6073, 8112, 1430, 2848, 3566, 2672, 114, 3521, 5255, 72, 7718, 7288, 1713, 9667, 7768, 7499, 4705, 2682, 4343, 5311, 9881, 9405, 372, 7117, 6996, 8242, 225, 9070, 8231, 6702, 7815, 1790, 9362, 3858, 6815, 1623, 2283, 2579, 2893, 6970, 8849, 2011, 9993, 235, 2329, 9963, 1611, 7670, 2119, 8658, 9779, 5253, 6583, 7562, 7864, 1567, 7131, 1945, 9758, 4748, 6094, 3569, 4138, 8535, 5232, 8497, 4126, 2060, 8785, 3379, 5123, 9790, 3019, 1628, 1398, 5724, 1316, 9127, 6214, 4677, 7077, 271, 5427, 1426, 1330, 9623, 2266, 9204, 974, 5494, 8737, 2938, 7528, 3639, 1777, 2667, 3000, 5964, 2029, 5304, 381, 8677, 7858, 9033, 2602, 4995, 4007, 1708, 9752, 6416, 2870, 6475, 8738, 2011, 6142, 348, 5670, 7817, 2384, 1333, 8763, 5536, 5352, 4257, 2520, 8924, 4313, 4513, 2449, 2788, 9309, 9823, 9362, 8244, 1665, 1191, 5970]

============================================================
[Ref] robot_ref_standard
  [Gen]  legs=6  (standard hexapod)
  [SSM]  ssm=0.5800m  passed=True
[Grouping] 标准六足对角三脚架: group_a=[0, 4, 2]  group_b=[5, 1, 3]
[YawComp] net_yaw_nominal=-0.0000  λ=-0.0000  max_adj=0.000
  [Probe1] yaw=-0.016 rad/s  fwd_vel=+0.0632 m/s  speed=0.0642 m/s
  [Opt] Plan OK → queued for batch sim
  [Sim]  steps=2412  fwd=+2.560m  lat=-0.699m
  [Plot] Saved → /data/code/yjh/Adaptation/batch_results/20260624_162055/robot_ref_standard/trajectory.png
============================================================
[1/200] robot_00_seed7
  [Gen]  legs=10  desc=robot_description.json  urdf=robot.urdf
  [SSM]  ssm=0.0948m  passed=True
[YawComp] net_yaw_nominal=1.1316  λ=0.2420  max_adj=0.168
============================================================
[2/200] robot_01_seed42
  [Gen]  legs=4  desc=robot_description.json  urdf=robot.urdf
  [SSM]  ssm=0.1763m  passed=True
[YawComp] net_yaw_nominal=0.3064  λ=0.1699  max_adj=0.108
============================================================
[3/200] robot_02_seed137
  [Gen]  legs=7  desc=robot_description.json  urdf=robot.urdf
  [SSM]  ssm=-0.1252m  passed=False
  [Skip] SSM below threshold, skipping gait test.
  [Plot] Saved → /data/code/yjh/Adaptation/batch_results/20260624_162055/robot_02_seed137/trajectory.png
============================================================
[4/200] robot_03_seed256
  [Gen]  legs=7  desc=robot_description.json  urdf=robot.urdf
  [SSM]  ssm=0.1311m  passed=True
[YawComp] net_yaw_nominal=-0.3941  λ=-0.0985  max_adj=0.073
============================================================
[5/200] robot_04_seed512
  [Gen]  legs=6  desc=robot_description.json  urdf=robot.urdf
  [SSM]  ssm=0.3909m  passed=True
[Grouping] 标准六足对角三脚架: group_a=[5, 1, 3]  group_b=[0, 4, 2]
[YawComp] net_yaw_nominal=-0.4921  λ=-0.4790  max_adj=0.226
============================================================
[6/200] robot_05_seed8801
  [Gen]  legs=5  desc=robot_description.json  urdf=robot.urdf
  [SSM]  ssm=0.0462m  passed=True
[YawComp] net_yaw_nominal=0.3991  λ=0.1917  max_adj=0.117
============================================================
[7/200] robot_06_seed3144
  [Gen]  legs=9  desc=robot_description.json  urdf=robot.urdf
  [SSM]  ssm=0.1751m  passed=True
[YawComp] net_yaw_nominal=1.1667  λ=1.0268  max_adj=0.431
============================================================
[8/200] robot_07_seed8197
  [Gen]  legs=6  desc=robot_description.json  urdf=robot.urdf
  [SSM]  ssm=0.0736m  passed=True
[YawComp] net_yaw_nominal=-0.3517  λ=-0.1677  max_adj=0.102
============================================================
[9/200] robot_08_seed5163
  [Gen]  legs=9  desc=robot_description.json  urdf=robot.urdf
  [SSM]  ssm=-0.0051m  passed=False
  [Skip] SSM below threshold, skipping gait test.
  [Plot] Saved → /data/code/yjh/Adaptation/batch_results/20260624_162055/robot_08_seed5163/trajectory.png
============================================================
[10/200] robot_09_seed2652
  [Gen]  legs=8  desc=robot_description.json  urdf=robot.urdf
  [SSM]  ssm=0.4225m  passed=True
[YawComp] net_yaw_nominal=0.5677  λ=0.3765  max_adj=0.226
============================================================
[11/200] robot_10_seed5463
  [Gen]  legs=5  desc=robot_description.json  urdf=robot.urdf
  [SSM]  ssm=-0.0199m  passed=False
  [Skip] SSM below threshold, skipping gait test.
  [Plot] Saved → /data/code/yjh/Adaptation/batch_results/20260624_162055/robot_10_seed5463/trajectory.png
============================================================
[12/200] robot_11_seed2053
  [Gen]  legs=4  desc=robot_description.json  urdf=robot.urdf
  [SSM]  ssm=0.2255m  passed=True
[YawComp] net_yaw_nominal=-0.1583  λ=-0.3855  max_adj=0.144
============================================================
[13/200] robot_12_seed6639
  [Gen]  legs=9  desc=robot_description.json  urdf=robot.urdf
  [SSM]  ssm=0.0751m  passed=True
[YawComp] net_yaw_nominal=-0.3818  λ=-0.1019  max_adj=0.063
============================================================
[14/200] robot_13_seed6084
  [Gen]  legs=6  desc=robot_description.json  urdf=robot.urdf
  [SSM]  ssm=0.3114m  passed=True
[Grouping] 标准六足对角三脚架: group_a=[5, 1, 3]  group_b=[0, 4, 2]
[YawComp] net_yaw_nominal=0.0910  λ=0.3519  max_adj=0.077
============================================================
[15/200] robot_14_seed562
  [Gen]  legs=5  desc=robot_description.json  urdf=robot.urdf
  [SSM]  ssm=-0.1651m  passed=False
  [Skip] SSM below threshold, skipping gait test.
  [Plot] Saved → /data/code/yjh/Adaptation/batch_results/20260624_162055/robot_14_seed562/trajectory.png
============================================================
[16/200] robot_15_seed3792
  [Gen]  legs=8  desc=robot_description.json  urdf=robot.urdf
  [SSM]  ssm=0.1685m  passed=True
[YawComp] net_yaw_nominal=-0.0135  λ=-0.0040  max_adj=0.003
============================================================
[17/200] robot_16_seed4674
  [Gen]  legs=5  desc=robot_description.json  urdf=robot.urdf
  [SSM]  ssm=0.0592m  passed=True
[YawComp] net_yaw_nominal=-0.4402  λ=-0.1405  max_adj=0.099
============================================================
[18/200] robot_17_seed106
  [Gen]  legs=7  desc=robot_description.json  urdf=robot.urdf
  [SSM]  ssm=0.0053m  passed=False
  [Skip] SSM below threshold, skipping gait test.
  [Plot] Saved → /data/code/yjh/Adaptation/batch_results/20260624_162055/robot_17_seed106/trajectory.png
============================================================
[19/200] robot_18_seed1916
  [Gen]  legs=8  desc=robot_description.json  urdf=robot.urdf
  [SSM]  ssm=0.1266m  passed=True
[YawComp] net_yaw_nominal=0.4288  λ=0.1937  max_adj=0.110
============================================================
[20/200] robot_19_seed6277
  [Gen]  legs=6  desc=robot_description.json  urdf=robot.urdf
  [SSM]  ssm=0.0643m  passed=True
[YawComp] net_yaw_nominal=0.4481  λ=0.2095  max_adj=0.117
============================================================
[21/200] robot_20_seed3374
  [Gen]  legs=6  desc=robot_description.json  urdf=robot.urdf
  [SSM]  ssm=-0.1496m  passed=False
  [Skip] SSM below threshold, skipping gait test.
  [Plot] Saved → /data/code/yjh/Adaptation/batch_results/20260624_162055/robot_20_seed3374/trajectory.png
============================================================
[22/200] robot_21_seed1024
  [Gen]  legs=7  desc=robot_description.json  urdf=robot.urdf
  [SSM]  ssm=0.2751m  passed=True
[YawComp] net_yaw_nominal=-0.5122  λ=-0.8600  max_adj=0.316
============================================================
[23/200] robot_22_seed1341
  [Gen]  legs=6  desc=robot_description.json  urdf=robot.urdf
  [SSM]  ssm=0.1627m  passed=True
[YawComp] net_yaw_nominal=-0.1992  λ=-0.0830  max_adj=0.057
============================================================
[24/200] robot_23_seed3290
  [Gen]  legs=9  desc=robot_description.json  urdf=robot.urdf
  [SSM]  ssm=-0.0022m  passed=False
  [Skip] SSM below threshold, skipping gait test.
  [Plot] Saved → /data/code/yjh/Adaptation/batch_results/20260624_162055/robot_23_seed3290/trajectory.png
============================================================
[25/200] robot_24_seed6607
  [Gen]  legs=5  desc=robot_description.json  urdf=robot.urdf
  [SSM]  ssm=-0.0287m  passed=False
  [Skip] SSM below threshold, skipping gait test.
  [Plot] Saved → /data/code/yjh/Adaptation/batch_results/20260624_162055/robot_24_seed6607/trajectory.png
============================================================
[26/200] robot_25_seed4183
  [Gen]  legs=6  desc=robot_description.json  urdf=robot.urdf
  [SSM]  ssm=0.0019m  passed=False
  [Skip] SSM below threshold, skipping gait test.
  [Plot] Saved → /data/code/yjh/Adaptation/batch_results/20260624_162055/robot_25_seed4183/trajectory.png
============================================================
[27/200] robot_26_seed8376
  [Gen]  legs=10  desc=robot_description.json  urdf=robot.urdf
  [SSM]  ssm=0.0471m  passed=True
[YawComp] net_yaw_nominal=1.5580  λ=1.5792  max_adj=0.667
============================================================
[28/200] robot_27_seed2368
  [Gen]  legs=6  desc=robot_description.json  urdf=robot.urdf
  [SSM]  ssm=0.1508m  passed=True
[Grouping] 标准六足对角三脚架: group_a=[4, 0, 2]  group_b=[5, 3, 1]
[YawComp] net_yaw_nominal=0.5222  λ=0.1505  max_adj=0.109
============================================================
[29/200] robot_28_seed4531
  [Gen]  legs=4  desc=robot_description.json  urdf=robot.urdf
  [SSM]  ssm=0.2884m  passed=True
[YawComp] net_yaw_nominal=0.0121  λ=0.0150  max_adj=0.008
============================================================
[30/200] robot_29_seed9702
  [Gen]  legs=9  desc=robot_description.json  urdf=robot.urdf
  [SSM]  ssm=0.1494m  passed=True
[YawComp] net_yaw_nominal=1.1620  λ=0.3425  max_adj=0.215
============================================================
[31/200] robot_30_seed8543
  [Gen]  legs=4  desc=robot_description.json  urdf=robot.urdf
  [SSM]  ssm=0.3253m  passed=True
[YawComp] net_yaw_nominal=0.3033  λ=0.3798  max_adj=0.208
============================================================
[32/200] robot_31_seed3929
  [Gen]  legs=5  desc=robot_description.json  urdf=robot.urdf
  [SSM]  ssm=-0.1098m  passed=False
  [Skip] SSM below threshold, skipping gait test.
  [Plot] Saved → /data/code/yjh/Adaptation/batch_results/20260624_162055/robot_31_seed3929/trajectory.png
============================================================
[33/200] robot_32_seed9509
  [Gen]  legs=6  desc=robot_description.json  urdf=robot.urdf
  [SSM]  ssm=0.1405m  passed=True
[YawComp] net_yaw_nominal=0.2207  λ=0.0775  max_adj=0.053
============================================================
[34/200] robot_33_seed2624
  [Gen]  legs=7  desc=robot_description.json  urdf=robot.urdf
  [SSM]  ssm=0.3805m  passed=True
[YawComp] net_yaw_nominal=-0.2358  λ=-0.2596  max_adj=0.133
============================================================
[35/200] robot_34_seed5760
  [Gen]  legs=10  desc=robot_description.json  urdf=robot.urdf
  [SSM]  ssm=0.1087m  passed=True
[YawComp] net_yaw_nominal=0.0755  λ=0.0600  max_adj=0.027
============================================================
[36/200] robot_35_seed1693
  [Gen]  legs=4  desc=robot_description.json  urdf=robot.urdf
  [SSM]  ssm=0.0775m  passed=True
[YawComp] net_yaw_nominal=-0.1072  λ=-0.1742  max_adj=0.073
============================================================
[37/200] robot_36_seed9921
  [Gen]  legs=4  desc=robot_description.json  urdf=robot.urdf
  [SSM]  ssm=-0.1647m  passed=False
  [Skip] SSM below threshold, skipping gait test.
  [Plot] Saved → /data/code/yjh/Adaptation/batch_results/20260624_162055/robot_36_seed9921/trajectory.png
============================================================
[38/200] robot_37_seed5523
  [Gen]  legs=4  desc=robot_description.json  urdf=robot.urdf
  [SSM]  ssm=0.1265m  passed=True
[YawComp] net_yaw_nominal=0.0804  λ=0.0565  max_adj=0.034
============================================================
[39/200] robot_38_seed5580
  [Gen]  legs=5  desc=robot_description.json  urdf=robot.urdf
  [SSM]  ssm=0.0720m  passed=True
[YawComp] net_yaw_nominal=0.5552  λ=0.8577  max_adj=0.404
============================================================
[40/200] robot_39_seed9782
  [Gen]  legs=10  desc=robot_description.json  urdf=robot.urdf
  [SSM]  ssm=0.2098m  passed=True
[YawComp] net_yaw_nominal=0.6855  λ=0.1465  max_adj=0.106
============================================================
[41/200] robot_40_seed1144
  [Gen]  legs=7  desc=robot_description.json  urdf=robot.urdf
  [SSM]  ssm=0.3696m  passed=True
[YawComp] net_yaw_nominal=0.3199  λ=0.1898  max_adj=0.115
============================================================
[42/200] robot_41_seed3749
  [Gen]  legs=6  desc=robot_description.json  urdf=robot.urdf
  [SSM]  ssm=0.1607m  passed=True
[YawComp] net_yaw_nominal=0.3779  λ=0.9520  max_adj=0.364
============================================================
[43/200] robot_42_seed9403
  [Gen]  legs=7  desc=robot_description.json  urdf=robot.urdf
  [SSM]  ssm=0.1172m  passed=True
[YawComp] net_yaw_nominal=0.3473  λ=0.2594  max_adj=0.125
============================================================
[44/200] robot_43_seed5241
  [Gen]  legs=8  desc=robot_description.json  urdf=robot.urdf
  [SSM]  ssm=0.1939m  passed=True
[YawComp] net_yaw_nominal=0.4746  λ=0.1246  max_adj=0.089
============================================================
[45/200] robot_44_seed467
  [Gen]  legs=5  desc=robot_description.json  urdf=robot.urdf
  [SSM]  ssm=0.2480m  passed=True
[YawComp] net_yaw_nominal=0.1333  λ=0.0606  max_adj=0.040
============================================================
[46/200] robot_45_seed5278
  [Gen]  legs=4  desc=robot_description.json  urdf=robot.urdf
  [SSM]  ssm=-0.1180m  passed=False
  [Skip] SSM below threshold, skipping gait test.
  [Plot] Saved → /data/code/yjh/Adaptation/batch_results/20260624_162055/robot_45_seed5278/trajectory.png
============================================================
[47/200] robot_46_seed102
  [Gen]  legs=7  desc=robot_description.json  urdf=robot.urdf
  [SSM]  ssm=0.1132m  passed=True
[YawComp] net_yaw_nominal=-0.9529  λ=-1.2686  max_adj=0.585
============================================================
[48/200] robot_47_seed7793
  [Gen]  legs=7  desc=robot_description.json  urdf=robot.urdf
  [SSM]  ssm=0.2260m  passed=True
[YawComp] net_yaw_nominal=0.3967  λ=0.1093  max_adj=0.066
============================================================
[49/200] robot_48_seed8459
  [Gen]  legs=7  desc=robot_description.json  urdf=robot.urdf
  [SSM]  ssm=0.2723m  passed=True
[YawComp] net_yaw_nominal=-0.5638  λ=-1.0603  max_adj=0.351
============================================================
[50/200] robot_49_seed1340
  [Gen]  legs=4  desc=robot_description.json  urdf=robot.urdf
  [SSM]  ssm=-0.0231m  passed=False
  [Skip] SSM below threshold, skipping gait test.
  [Plot] Saved → /data/code/yjh/Adaptation/batch_results/20260624_162055/robot_49_seed1340/trajectory.png
============================================================
[51/200] robot_50_seed7108
  [Gen]  legs=8  desc=robot_description.json  urdf=robot.urdf
  [SSM]  ssm=0.2277m  passed=True
[YawComp] net_yaw_nominal=0.9055  λ=1.0205  max_adj=0.488
============================================================
[52/200] robot_51_seed7297
  [Gen]  legs=9  desc=robot_description.json  urdf=robot.urdf
  [SSM]  ssm=0.3636m  passed=True
[YawComp] net_yaw_nominal=0.0384  λ=0.0171  max_adj=0.009
============================================================
[53/200] robot_52_seed7880
  [Gen]  legs=4  desc=robot_description.json  urdf=robot.urdf
  [SSM]  ssm=0.3130m  passed=True
[YawComp] net_yaw_nominal=0.0008  λ=0.0009  max_adj=0.000
============================================================
[54/200] robot_53_seed5145
  [Gen]  legs=7  desc=robot_description.json  urdf=robot.urdf
  [SSM]  ssm=0.2778m  passed=True
[YawComp] net_yaw_nominal=0.1945  λ=0.1122  max_adj=0.065
============================================================
[55/200] robot_54_seed3316
  [Gen]  legs=9  desc=robot_description.json  urdf=robot.urdf
  [SSM]  ssm=0.1626m  passed=True
[YawComp] net_yaw_nominal=0.6771  λ=0.3485  max_adj=0.218
============================================================
[56/200] robot_55_seed8693
  [Gen]  legs=8  desc=robot_description.json  urdf=robot.urdf
  [SSM]  ssm=0.0082m  passed=False
  [Skip] SSM below threshold, skipping gait test.
  [Plot] Saved → /data/code/yjh/Adaptation/batch_results/20260624_162055/robot_55_seed8693/trajectory.png
============================================================
[57/200] robot_56_seed1833
  [Gen]  legs=8  desc=robot_description.json  urdf=robot.urdf
  [SSM]  ssm=0.3703m  passed=True
[YawComp] net_yaw_nominal=-1.0531  λ=-0.3210  max_adj=0.237
============================================================
[58/200] robot_57_seed3893
  [Gen]  legs=9  desc=robot_description.json  urdf=robot.urdf
  [SSM]  ssm=0.2740m  passed=True
[YawComp] net_yaw_nominal=-0.7821  λ=-0.4775  max_adj=0.265
============================================================
[59/200] robot_58_seed9369
  [Gen]  legs=10  desc=robot_description.json  urdf=robot.urdf
  [SSM]  ssm=0.1570m  passed=True
[YawComp] net_yaw_nominal=1.6280  λ=0.5757  max_adj=0.325
============================================================
[60/200] robot_59_seed8126
  [Gen]  legs=6  desc=robot_description.json  urdf=robot.urdf
  [SSM]  ssm=-0.0144m  passed=False
  [Skip] SSM below threshold, skipping gait test.
  [Plot] Saved → /data/code/yjh/Adaptation/batch_results/20260624_162055/robot_59_seed8126/trajectory.png
============================================================
[61/200] robot_60_seed1375
  [Gen]  legs=4  desc=robot_description.json  urdf=robot.urdf
  [SSM]  ssm=0.0576m  passed=True
[YawComp] net_yaw_nominal=-0.5001  λ=-0.2165  max_adj=0.151
============================================================
[62/200] robot_61_seed6377
  [Gen]  legs=7  desc=robot_description.json  urdf=robot.urdf
  [SSM]  ssm=0.4107m  passed=True
[YawComp] net_yaw_nominal=0.3856  λ=0.2870  max_adj=0.142
============================================================
[63/200] robot_62_seed6330
  [Gen]  legs=10  desc=robot_description.json  urdf=robot.urdf
  [SSM]  ssm=0.2041m  passed=True
[YawComp] net_yaw_nominal=-0.0811  λ=-0.0187  max_adj=0.012
============================================================
[64/200] robot_63_seed6073
  [Gen]  legs=5  desc=robot_description.json  urdf=robot.urdf
  [SSM]  ssm=0.1813m  passed=True
[YawComp] net_yaw_nominal=0.2862  λ=0.1114  max_adj=0.074
============================================================
[65/200] robot_64_seed8112
  [Gen]  legs=10  desc=robot_description.json  urdf=robot.urdf
  [SSM]  ssm=0.4063m  passed=True
[YawComp] net_yaw_nominal=-0.7067  λ=-0.5036  max_adj=0.215
============================================================
[66/200] robot_65_seed1430
  [Gen]  legs=5  desc=robot_description.json  urdf=robot.urdf
  [SSM]  ssm=-0.0094m  passed=False
  [Skip] SSM below threshold, skipping gait test.
  [Plot] Saved → /data/code/yjh/Adaptation/batch_results/20260624_162055/robot_65_seed1430/trajectory.png
============================================================
[67/200] robot_66_seed2848
  [Gen]  legs=8  desc=robot_description.json  urdf=robot.urdf
  [SSM]  ssm=0.3923m  passed=True
[YawComp] net_yaw_nominal=0.2677  λ=0.1201  max_adj=0.068
============================================================
[68/200] robot_67_seed3566
  [Gen]  legs=7  desc=robot_description.json  urdf=robot.urdf
  [SSM]  ssm=0.0537m  passed=True
[YawComp] net_yaw_nominal=0.4208  λ=0.1385  max_adj=0.091
============================================================
[69/200] robot_68_seed2672
  [Gen]  legs=7  desc=robot_description.json  urdf=robot.urdf
  [SSM]  ssm=0.1731m  passed=True
[YawComp] net_yaw_nominal=-0.5683  λ=-0.2182  max_adj=0.137
============================================================
[70/200] robot_69_seed114
  [Gen]  legs=5  desc=robot_description.json  urdf=robot.urdf
  [SSM]  ssm=-0.0597m  passed=False
  [Skip] SSM below threshold, skipping gait test.
  [Plot] Saved → /data/code/yjh/Adaptation/batch_results/20260624_162055/robot_69_seed114/trajectory.png
============================================================
[71/200] robot_70_seed3521
  [Gen]  legs=6  desc=robot_description.json  urdf=robot.urdf
  [SSM]  ssm=-0.0048m  passed=False
  [Skip] SSM below threshold, skipping gait test.
  [Plot] Saved → /data/code/yjh/Adaptation/batch_results/20260624_162055/robot_70_seed3521/trajectory.png
============================================================
[72/200] robot_71_seed5255
  [Gen]  legs=9  desc=robot_description.json  urdf=robot.urdf
  [SSM]  ssm=0.0835m  passed=True
[YawComp] net_yaw_nominal=0.9971  λ=0.3184  max_adj=0.196
============================================================
[73/200] robot_72_seed72
  [Gen]  legs=10  desc=robot_description.json  urdf=robot.urdf
  [SSM]  ssm=-0.0765m  passed=False
  [Skip] SSM below threshold, skipping gait test.
  [Plot] Saved → /data/code/yjh/Adaptation/batch_results/20260624_162055/robot_72_seed72/trajectory.png
============================================================
[74/200] robot_73_seed7718
  [Gen]  legs=6  desc=robot_description.json  urdf=robot.urdf
  [SSM]  ssm=0.2038m  passed=True
[Grouping] 标准六足对角三脚架: group_a=[5, 1, 3]  group_b=[0, 4, 2]
[YawComp] net_yaw_nominal=0.1449  λ=0.1434  max_adj=0.074
============================================================
[75/200] robot_74_seed7288
  [Gen]  legs=8  desc=robot_description.json  urdf=robot.urdf
  [SSM]  ssm=0.3300m  passed=True
[YawComp] net_yaw_nominal=-0.1496  λ=-0.2152  max_adj=0.108
============================================================
[76/200] robot_75_seed1713
  [Gen]  legs=5  desc=robot_description.json  urdf=robot.urdf
  [SSM]  ssm=0.2261m  passed=True
[YawComp] net_yaw_nominal=-0.5216  λ=-0.3027  max_adj=0.175
============================================================
[77/200] robot_76_seed9667
  [Gen]  legs=10  desc=robot_description.json  urdf=robot.urdf
  [SSM]  ssm=0.1989m  passed=True
[YawComp] net_yaw_nominal=0.5651  λ=0.4879  max_adj=0.210
============================================================
[78/200] robot_77_seed7768
  [Gen]  legs=8  desc=robot_description.json  urdf=robot.urdf
  [SSM]  ssm=-0.1201m  passed=False
  [Skip] SSM below threshold, skipping gait test.
  [Plot] Saved → /data/code/yjh/Adaptation/batch_results/20260624_162055/robot_77_seed7768/trajectory.png
============================================================
[79/200] robot_78_seed7499
  [Gen]  legs=6  desc=robot_description.json  urdf=robot.urdf
  [SSM]  ssm=0.0362m  passed=True
[Grouping] 标准六足对角三脚架: group_a=[0, 3, 5]  group_b=[2, 1, 4]
[YawComp] net_yaw_nominal=0.3927  λ=0.1621  max_adj=0.101
============================================================
[80/200] robot_79_seed4705
  [Gen]  legs=10  desc=robot_description.json  urdf=robot.urdf
  [SSM]  ssm=0.2717m  passed=True
[YawComp] net_yaw_nominal=0.4945  λ=0.1012  max_adj=0.071
============================================================
[81/200] robot_80_seed2682
  [Gen]  legs=8  desc=robot_description.json  urdf=robot.urdf
  [SSM]  ssm=0.2962m  passed=True
[YawComp] net_yaw_nominal=0.1265  λ=0.0408  max_adj=0.024
============================================================
[82/200] robot_81_seed4343
  [Gen]  legs=9  desc=robot_description.json  urdf=robot.urdf
  [SSM]  ssm=0.3943m  passed=True
[YawComp] net_yaw_nominal=0.0056  λ=0.0040  max_adj=0.002
============================================================
[83/200] robot_82_seed5311
  [Gen]  legs=4  desc=robot_description.json  urdf=robot.urdf
  [SSM]  ssm=0.1196m  passed=True
[YawComp] net_yaw_nominal=0.3949  λ=0.3144  max_adj=0.162
============================================================
[84/200] robot_83_seed9881
  [Gen]  legs=7  desc=robot_description.json  urdf=robot.urdf
  [SSM]  ssm=0.0108m  passed=False
  [Skip] SSM below threshold, skipping gait test.
  [Plot] Saved → /data/code/yjh/Adaptation/batch_results/20260624_162055/robot_83_seed9881/trajectory.png
============================================================
[85/200] robot_84_seed9405
  [Gen]  legs=5  desc=robot_description.json  urdf=robot.urdf
  [SSM]  ssm=0.1674m  passed=True
[YawComp] net_yaw_nominal=-1.1208  λ=-0.5469  max_adj=0.328
============================================================
[86/200] robot_85_seed372
  [Gen]  legs=8  desc=robot_description.json  urdf=robot.urdf
  [SSM]  ssm=0.3211m  passed=True
[YawComp] net_yaw_nominal=-0.1620  λ=-0.0374  max_adj=0.027
============================================================
[87/200] robot_86_seed7117
  [Gen]  legs=6  desc=robot_description.json  urdf=robot.urdf
  [SSM]  ssm=0.0753m  passed=True
[YawComp] net_yaw_nominal=0.1928  λ=0.0689  max_adj=0.046
============================================================
[88/200] robot_87_seed6996
  [Gen]  legs=6  desc=robot_description.json  urdf=robot.urdf
  [SSM]  ssm=0.0680m  passed=True
[YawComp] net_yaw_nominal=-0.0414  λ=-0.0254  max_adj=0.014
============================================================
[89/200] robot_88_seed8242
  [Gen]  legs=6  desc=robot_description.json  urdf=robot.urdf
  [SSM]  ssm=0.3259m  passed=True
[YawComp] net_yaw_nominal=0.2916  λ=0.2081  max_adj=0.123
============================================================
[90/200] robot_89_seed225
  [Gen]  legs=10  desc=robot_description.json  urdf=robot.urdf
  [SSM]  ssm=0.3167m  passed=True
[YawComp] net_yaw_nominal=0.7314  λ=0.2799  max_adj=0.166
============================================================
[91/200] robot_90_seed9070
  [Gen]  legs=6  desc=robot_description.json  urdf=robot.urdf
  [SSM]  ssm=0.1212m  passed=True
[Grouping] 标准六足对角三脚架: group_a=[5, 1, 3]  group_b=[0, 4, 2]
[YawComp] net_yaw_nominal=-0.4059  λ=-0.1849  max_adj=0.117
============================================================
[92/200] robot_91_seed8231
  [Gen]  legs=8  desc=robot_description.json  urdf=robot.urdf
  [SSM]  ssm=0.2684m  passed=True
[YawComp] net_yaw_nominal=-0.5513  λ=-0.5633  max_adj=0.249
============================================================
[93/200] robot_92_seed6702
  [Gen]  legs=7  desc=robot_description.json  urdf=robot.urdf
  [SSM]  ssm=0.3034m  passed=True
[YawComp] net_yaw_nominal=-0.5250  λ=-0.1577  max_adj=0.102
============================================================
[94/200] robot_93_seed7815
  [Gen]  legs=5  desc=robot_description.json  urdf=robot.urdf
  [SSM]  ssm=0.0099m  passed=False
  [Skip] SSM below threshold, skipping gait test.
  [Plot] Saved → /data/code/yjh/Adaptation/batch_results/20260624_162055/robot_93_seed7815/trajectory.png
============================================================
[95/200] robot_94_seed1790
  [Gen]  legs=8  desc=robot_description.json  urdf=robot.urdf
  [SSM]  ssm=0.2993m  passed=True
[YawComp] net_yaw_nominal=-0.6312  λ=-0.6570  max_adj=0.272
============================================================
[96/200] robot_95_seed9362
  [Gen]  legs=9  desc=robot_description.json  urdf=robot.urdf
  [SSM]  ssm=0.1754m  passed=True
[YawComp] net_yaw_nominal=0.7885  λ=0.2938  max_adj=0.155
============================================================
[97/200] robot_96_seed3858
  [Gen]  legs=7  desc=robot_description.json  urdf=robot.urdf
  [SSM]  ssm=0.0485m  passed=True
[YawComp] net_yaw_nominal=-0.2651  λ=-0.0944  max_adj=0.060
============================================================
[98/200] robot_97_seed6815
  [Gen]  legs=5  desc=robot_description.json  urdf=robot.urdf
  [SSM]  ssm=0.3765m  passed=True
[YawComp] net_yaw_nominal=-0.4442  λ=-0.3677  max_adj=0.177
============================================================
[99/200] robot_98_seed1623
  [Gen]  legs=8  desc=robot_description.json  urdf=robot.urdf
  [SSM]  ssm=0.1874m  passed=True
[YawComp] net_yaw_nominal=1.0359  λ=0.3285  max_adj=0.222
============================================================
[100/200] robot_99_seed2283
  [Gen]  legs=9  desc=robot_description.json  urdf=robot.urdf
  [SSM]  ssm=0.3504m  passed=True
[YawComp] net_yaw_nominal=0.5737  λ=0.6269  max_adj=0.255
============================================================
[101/200] robot_100_seed2579
  [Gen]  legs=6  desc=robot_description.json  urdf=robot.urdf
  [SSM]  ssm=0.1306m  passed=True
[Grouping] 标准六足对角三脚架: group_a=[5, 1, 3]  group_b=[0, 4, 2]
[YawComp] net_yaw_nominal=-0.6071  λ=-0.1873  max_adj=0.122
============================================================
[102/200] robot_101_seed2893
  [Gen]  legs=8  desc=robot_description.json  urdf=robot.urdf
  [SSM]  ssm=0.3459m  passed=True
[YawComp] net_yaw_nominal=-0.8911  λ=-0.6413  max_adj=0.314
============================================================
[103/200] robot_102_seed6970
  [Gen]  legs=9  desc=robot_description.json  urdf=robot.urdf
  [SSM]  ssm=-0.2285m  passed=False
  [Skip] SSM below threshold, skipping gait test.
  [Plot] Saved → /data/code/yjh/Adaptation/batch_results/20260624_162055/robot_102_seed6970/trajectory.png
============================================================
[104/200] robot_103_seed8849
  [Gen]  legs=7  desc=robot_description.json  urdf=robot.urdf
  [SSM]  ssm=0.0609m  passed=True
[YawComp] net_yaw_nominal=0.5551  λ=0.1960  max_adj=0.130
============================================================
[105/200] robot_104_seed2011
  [Gen]  legs=8  desc=robot_description.json  urdf=robot.urdf
  [SSM]  ssm=-0.0687m  passed=False
  [Skip] SSM below threshold, skipping gait test.
  [Plot] Saved → /data/code/yjh/Adaptation/batch_results/20260624_162055/robot_104_seed2011/trajectory.png
============================================================
[106/200] robot_105_seed9993
  [Gen]  legs=6  desc=robot_description.json  urdf=robot.urdf
  [SSM]  ssm=0.2175m  passed=True
[Grouping] 标准六足对角三脚架: group_a=[5, 2, 4]  group_b=[1, 0, 3]
[YawComp] net_yaw_nominal=0.5275  λ=0.5697  max_adj=0.307
============================================================
[107/200] robot_106_seed235
  [Gen]  legs=8  desc=robot_description.json  urdf=robot.urdf
  [SSM]  ssm=0.3343m  passed=True
[YawComp] net_yaw_nominal=0.5561  λ=0.1631  max_adj=0.112
============================================================
[108/200] robot_107_seed2329
  [Gen]  legs=5  desc=robot_description.json  urdf=robot.urdf
  [SSM]  ssm=-0.0461m  passed=False
  [Skip] SSM below threshold, skipping gait test.
  [Plot] Saved → /data/code/yjh/Adaptation/batch_results/20260624_162055/robot_107_seed2329/trajectory.png
============================================================
[109/200] robot_108_seed9963
  [Gen]  legs=10  desc=robot_description.json  urdf=robot.urdf
  [SSM]  ssm=0.2734m  passed=True
[YawComp] net_yaw_nominal=-0.2298  λ=-0.0593  max_adj=0.038
============================================================
[110/200] robot_109_seed1611
  [Gen]  legs=8  desc=robot_description.json  urdf=robot.urdf
  [SSM]  ssm=0.1348m  passed=True
[YawComp] net_yaw_nominal=-0.7214  λ=-0.1721  max_adj=0.120
============================================================
[111/200] robot_110_seed7670
  [Gen]  legs=4  desc=robot_description.json  urdf=robot.urdf
  [SSM]  ssm=-0.0089m  passed=False
  [Skip] SSM below threshold, skipping gait test.
  [Plot] Saved → /data/code/yjh/Adaptation/batch_results/20260624_162055/robot_110_seed7670/trajectory.png
============================================================
[112/200] robot_111_seed2119
  [Gen]  legs=10  desc=robot_description.json  urdf=robot.urdf
  [SSM]  ssm=0.4221m  passed=True
[YawComp] net_yaw_nominal=-0.3071  λ=-0.0844  max_adj=0.046
============================================================
[113/200] robot_112_seed8658
  [Gen]  legs=6  desc=robot_description.json  urdf=robot.urdf
  [SSM]  ssm=0.3958m  passed=True
[Grouping] 标准六足对角三脚架: group_a=[5, 1, 3]  group_b=[0, 4, 2]
[YawComp] net_yaw_nominal=0.1091  λ=0.0983  max_adj=0.045
============================================================
[114/200] robot_113_seed9779
  [Gen]  legs=7  desc=robot_description.json  urdf=robot.urdf
  [SSM]  ssm=0.2575m  passed=True
[YawComp] net_yaw_nominal=0.8827  λ=0.4289  max_adj=0.252
============================================================
[115/200] robot_114_seed5253
  [Gen]  legs=8  desc=robot_description.json  urdf=robot.urdf
  [SSM]  ssm=0.0718m  passed=True
[YawComp] net_yaw_nominal=-0.6836  λ=-0.3366  max_adj=0.183
============================================================
[116/200] robot_115_seed6583
  [Gen]  legs=7  desc=robot_description.json  urdf=robot.urdf
  [SSM]  ssm=0.3135m  passed=True
[YawComp] net_yaw_nominal=-0.0037  λ=-0.0110  max_adj=0.003
============================================================
[117/200] robot_116_seed7562
  [Gen]  legs=8  desc=robot_description.json  urdf=robot.urdf
  [SSM]  ssm=0.2873m  passed=True
[YawComp] net_yaw_nominal=-0.5639  λ=-0.1436  max_adj=0.100
============================================================
[118/200] robot_117_seed7864
  [Gen]  legs=6  desc=robot_description.json  urdf=robot.urdf
  [SSM]  ssm=0.0182m  passed=False
  [Skip] SSM below threshold, skipping gait test.
  [Plot] Saved → /data/code/yjh/Adaptation/batch_results/20260624_162055/robot_117_seed7864/trajectory.png
============================================================
[119/200] robot_118_seed1567
  [Gen]  legs=4  desc=robot_description.json  urdf=robot.urdf
  [SSM]  ssm=0.0185m  passed=False
  [Skip] SSM below threshold, skipping gait test.
  [Plot] Saved → /data/code/yjh/Adaptation/batch_results/20260624_162055/robot_118_seed1567/trajectory.png
============================================================
[120/200] robot_119_seed7131
  [Gen]  legs=5  desc=robot_description.json  urdf=robot.urdf
  [SSM]  ssm=0.3061m  passed=True
[YawComp] net_yaw_nominal=-0.2550  λ=-0.2160  max_adj=0.133
============================================================
[121/200] robot_120_seed1945
  [Gen]  legs=10  desc=robot_description.json  urdf=robot.urdf
  [SSM]  ssm=0.3467m  passed=True
[YawComp] net_yaw_nominal=-0.9287  λ=-0.8667  max_adj=0.418
============================================================
[122/200] robot_121_seed9758
  [Gen]  legs=7  desc=robot_description.json  urdf=robot.urdf
  [SSM]  ssm=0.3866m  passed=True
[YawComp] net_yaw_nominal=-0.4858  λ=-0.1891  max_adj=0.117
============================================================
[123/200] robot_122_seed4748
  [Gen]  legs=9  desc=robot_description.json  urdf=robot.urdf
  [SSM]  ssm=0.2928m  passed=True
[YawComp] net_yaw_nominal=0.0635  λ=0.0343  max_adj=0.016
============================================================
[124/200] robot_123_seed6094
  [Gen]  legs=6  desc=robot_description.json  urdf=robot.urdf
  [SSM]  ssm=0.2464m  passed=True
[Grouping] 标准六足对角三脚架: group_a=[5, 1, 3]  group_b=[0, 4, 2]
[YawComp] net_yaw_nominal=-0.0460  λ=-0.0188  max_adj=0.012
============================================================
[125/200] robot_124_seed3569
  [Gen]  legs=7  desc=robot_description.json  urdf=robot.urdf
  [SSM]  ssm=-0.0666m  passed=False
  [Skip] SSM below threshold, skipping gait test.
  [Plot] Saved → /data/code/yjh/Adaptation/batch_results/20260624_162055/robot_124_seed3569/trajectory.png
============================================================
[126/200] robot_125_seed4138
  [Gen]  legs=4  desc=robot_description.json  urdf=robot.urdf
  [SSM]  ssm=-0.0716m  passed=False
  [Skip] SSM below threshold, skipping gait test.
  [Plot] Saved → /data/code/yjh/Adaptation/batch_results/20260624_162055/robot_125_seed4138/trajectory.png
============================================================
[127/200] robot_126_seed8535
  [Gen]  legs=4  desc=robot_description.json  urdf=robot.urdf
  [SSM]  ssm=0.1093m  passed=True
[YawComp] net_yaw_nominal=-0.5589  λ=-0.4115  max_adj=0.269
============================================================
[128/200] robot_127_seed5232
  [Gen]  legs=7  desc=robot_description.json  urdf=robot.urdf
  [SSM]  ssm=0.2394m  passed=True
[YawComp] net_yaw_nominal=-0.6374  λ=-0.2974  max_adj=0.166
============================================================
[129/200] robot_128_seed8497
  [Gen]  legs=4  desc=robot_description.json  urdf=robot.urdf
  [SSM]  ssm=0.1011m  passed=True
[YawComp] net_yaw_nominal=-0.3501  λ=-0.1457  max_adj=0.110
============================================================
[130/200] robot_129_seed4126
  [Gen]  legs=5  desc=robot_description.json  urdf=robot.urdf
  [SSM]  ssm=0.2998m  passed=True
[YawComp] net_yaw_nominal=-0.1536  λ=-0.0947  max_adj=0.059
============================================================
[131/200] robot_130_seed2060
  [Gen]  legs=5  desc=robot_description.json  urdf=robot.urdf
  [SSM]  ssm=0.0639m  passed=True
[YawComp] net_yaw_nominal=-0.1609  λ=-0.0575  max_adj=0.045
============================================================
[132/200] robot_131_seed8785
  [Gen]  legs=4  desc=robot_description.json  urdf=robot.urdf
  [SSM]  ssm=0.0074m  passed=False
  [Skip] SSM below threshold, skipping gait test.
  [Plot] Saved → /data/code/yjh/Adaptation/batch_results/20260624_162055/robot_131_seed8785/trajectory.png
============================================================
[133/200] robot_132_seed3379
  [Gen]  legs=10  desc=robot_description.json  urdf=robot.urdf
  [SSM]  ssm=0.2601m  passed=True
[YawComp] net_yaw_nominal=-0.1954  λ=-0.4660  max_adj=0.185
============================================================
[134/200] robot_133_seed5123
  [Gen]  legs=5  desc=robot_description.json  urdf=robot.urdf
  [SSM]  ssm=-0.0066m  passed=False
  [Skip] SSM below threshold, skipping gait test.
  [Plot] Saved → /data/code/yjh/Adaptation/batch_results/20260624_162055/robot_133_seed5123/trajectory.png
============================================================
[135/200] robot_134_seed9790
  [Gen]  legs=4  desc=robot_description.json  urdf=robot.urdf
  [SSM]  ssm=0.1776m  passed=True
[YawComp] net_yaw_nominal=-0.1484  λ=-0.1455  max_adj=0.085
============================================================
[136/200] robot_135_seed3019
  [Gen]  legs=10  desc=robot_description.json  urdf=robot.urdf
  [SSM]  ssm=0.1930m  passed=True
[YawComp] net_yaw_nominal=-0.7538  λ=-0.8168  max_adj=0.338
============================================================
[137/200] robot_136_seed1628
  [Gen]  legs=4  desc=robot_description.json  urdf=robot.urdf
  [SSM]  ssm=-0.0693m  passed=False
  [Skip] SSM below threshold, skipping gait test.
  [Plot] Saved → /data/code/yjh/Adaptation/batch_results/20260624_162055/robot_136_seed1628/trajectory.png
============================================================
[138/200] robot_137_seed1398
  [Gen]  legs=5  desc=robot_description.json  urdf=robot.urdf
  [SSM]  ssm=-0.0021m  passed=False
  [Skip] SSM below threshold, skipping gait test.
  [Plot] Saved → /data/code/yjh/Adaptation/batch_results/20260624_162055/robot_137_seed1398/trajectory.png
============================================================
[139/200] robot_138_seed5724
  [Gen]  legs=4  desc=robot_description.json  urdf=robot.urdf
  [SSM]  ssm=-0.0842m  passed=False
  [Skip] SSM below threshold, skipping gait test.
  [Plot] Saved → /data/code/yjh/Adaptation/batch_results/20260624_162055/robot_138_seed5724/trajectory.png
============================================================
[140/200] robot_139_seed1316
  [Gen]  legs=9  desc=robot_description.json  urdf=robot.urdf
  [SSM]  ssm=0.1439m  passed=True
[YawComp] net_yaw_nominal=0.3033  λ=0.0820  max_adj=0.052
============================================================
[141/200] robot_140_seed9127
  [Gen]  legs=8  desc=robot_description.json  urdf=robot.urdf
  [SSM]  ssm=-0.0216m  passed=False
  [Skip] SSM below threshold, skipping gait test.
  [Plot] Saved → /data/code/yjh/Adaptation/batch_results/20260624_162055/robot_140_seed9127/trajectory.png
============================================================
[142/200] robot_141_seed6214
  [Gen]  legs=5  desc=robot_description.json  urdf=robot.urdf
  [SSM]  ssm=-0.1289m  passed=False
  [Skip] SSM below threshold, skipping gait test.
  [Plot] Saved → /data/code/yjh/Adaptation/batch_results/20260624_162055/robot_141_seed6214/trajectory.png
============================================================
[143/200] robot_142_seed4677
  [Gen]  legs=8  desc=robot_description.json  urdf=robot.urdf
  [SSM]  ssm=0.2249m  passed=True
[YawComp] net_yaw_nominal=-0.7456  λ=-0.2271  max_adj=0.150
============================================================
[144/200] robot_143_seed7077
  [Gen]  legs=7  desc=robot_description.json  urdf=robot.urdf
  [SSM]  ssm=0.2472m  passed=True
[YawComp] net_yaw_nominal=0.2749  λ=0.3549  max_adj=0.154
============================================================
[145/200] robot_144_seed271
  [Gen]  legs=10  desc=robot_description.json  urdf=robot.urdf
  [SSM]  ssm=0.3099m  passed=True
[YawComp] net_yaw_nominal=-0.1051  λ=-0.0593  max_adj=0.032
============================================================
[146/200] robot_145_seed5427
  [Gen]  legs=10  desc=robot_description.json  urdf=robot.urdf
  [SSM]  ssm=0.2153m  passed=True
[YawComp] net_yaw_nominal=-1.3738  λ=-0.5081  max_adj=0.287
============================================================
[147/200] robot_146_seed1426
  [Gen]  legs=8  desc=robot_description.json  urdf=robot.urdf
  [SSM]  ssm=0.4462m  passed=True
[YawComp] net_yaw_nominal=0.5070  λ=0.1485  max_adj=0.105
============================================================
[148/200] robot_147_seed1330
  [Gen]  legs=4  desc=robot_description.json  urdf=robot.urdf
  [SSM]  ssm=0.1359m  passed=True
[YawComp] net_yaw_nominal=-0.4914  λ=-0.7040  max_adj=0.380
============================================================
[149/200] robot_148_seed9623
  [Gen]  legs=8  desc=robot_description.json  urdf=robot.urdf
  [SSM]  ssm=0.3019m  passed=True
[YawComp] net_yaw_nominal=0.7074  λ=0.6772  max_adj=0.338
============================================================
[150/200] robot_149_seed2266
  [Gen]  legs=6  desc=robot_description.json  urdf=robot.urdf
  [SSM]  ssm=0.0582m  passed=True
[Grouping] 标准六足对角三脚架: group_a=[4, 0, 2]  group_b=[5, 3, 1]
[YawComp] net_yaw_nominal=0.3601  λ=0.1032  max_adj=0.082
============================================================
[151/200] robot_150_seed9204
  [Gen]  legs=8  desc=robot_description.json  urdf=robot.urdf
  [SSM]  ssm=0.3558m  passed=True
[YawComp] net_yaw_nominal=0.5660  λ=0.6018  max_adj=0.285
============================================================
[152/200] robot_151_seed974
  [Gen]  legs=8  desc=robot_description.json  urdf=robot.urdf
  [SSM]  ssm=0.0685m  passed=True
[YawComp] net_yaw_nominal=0.9536  λ=0.5647  max_adj=0.278
============================================================
[153/200] robot_152_seed5494
  [Gen]  legs=5  desc=robot_description.json  urdf=robot.urdf
  [SSM]  ssm=0.0456m  passed=True
[YawComp] net_yaw_nominal=-0.6737  λ=-0.3083  max_adj=0.199
============================================================
[154/200] robot_153_seed8737
  [Gen]  legs=5  desc=robot_description.json  urdf=robot.urdf
  [SSM]  ssm=-0.4655m  passed=False
  [Skip] SSM below threshold, skipping gait test.
  [Plot] Saved → /data/code/yjh/Adaptation/batch_results/20260624_162055/robot_153_seed8737/trajectory.png
============================================================
[155/200] robot_154_seed2938
  [Gen]  legs=6  desc=robot_description.json  urdf=robot.urdf
  [SSM]  ssm=0.1294m  passed=True
[Grouping] 标准六足对角三脚架: group_a=[4, 0, 2]  group_b=[5, 3, 1]
[YawComp] net_yaw_nominal=-0.4326  λ=-0.2458  max_adj=0.138
============================================================
[156/200] robot_155_seed7528
  [Gen]  legs=9  desc=robot_description.json  urdf=robot.urdf
  [SSM]  ssm=0.3315m  passed=True
[YawComp] net_yaw_nominal=-0.8377  λ=-0.8606  max_adj=0.429
============================================================
[157/200] robot_156_seed3639
  [Gen]  legs=4  desc=robot_description.json  urdf=robot.urdf
  [SSM]  ssm=-0.0503m  passed=False
  [Skip] SSM below threshold, skipping gait test.
  [Plot] Saved → /data/code/yjh/Adaptation/batch_results/20260624_162055/robot_156_seed3639/trajectory.png
============================================================
[158/200] robot_157_seed1777
  [Gen]  legs=7  desc=robot_description.json  urdf=robot.urdf
  [SSM]  ssm=-0.0357m  passed=False
  [Skip] SSM below threshold, skipping gait test.
  [Plot] Saved → /data/code/yjh/Adaptation/batch_results/20260624_162055/robot_157_seed1777/trajectory.png
============================================================
[159/200] robot_158_seed2667
  [Gen]  legs=8  desc=robot_description.json  urdf=robot.urdf
  [SSM]  ssm=0.0754m  passed=True
[YawComp] net_yaw_nominal=0.3057  λ=0.1021  max_adj=0.066
============================================================
[160/200] robot_159_seed3000
  [Gen]  legs=9  desc=robot_description.json  urdf=robot.urdf
  [SSM]  ssm=0.3863m  passed=True
[YawComp] net_yaw_nominal=0.8177  λ=0.4725  max_adj=0.233
============================================================
[161/200] robot_160_seed5964
  [Gen]  legs=5  desc=robot_description.json  urdf=robot.urdf
  [SSM]  ssm=-0.0554m  passed=False
  [Skip] SSM below threshold, skipping gait test.
  [Plot] Saved → /data/code/yjh/Adaptation/batch_results/20260624_162055/robot_160_seed5964/trajectory.png
============================================================
[162/200] robot_161_seed2029
  [Gen]  legs=5  desc=robot_description.json  urdf=robot.urdf
  [SSM]  ssm=0.1628m  passed=True
[YawComp] net_yaw_nominal=-0.1969  λ=-0.2154  max_adj=0.107
============================================================
[163/200] robot_162_seed5304
  [Gen]  legs=5  desc=robot_description.json  urdf=robot.urdf
  [SSM]  ssm=0.1678m  passed=True
[YawComp] net_yaw_nominal=-0.0606  λ=-0.0425  max_adj=0.021
============================================================
[164/200] robot_163_seed381
  [Gen]  legs=9  desc=robot_description.json  urdf=robot.urdf
  [SSM]  ssm=-0.0060m  passed=False
  [Skip] SSM below threshold, skipping gait test.
  [Plot] Saved → /data/code/yjh/Adaptation/batch_results/20260624_162055/robot_163_seed381/trajectory.png
============================================================
[165/200] robot_164_seed8677
  [Gen]  legs=7  desc=robot_description.json  urdf=robot.urdf
  [SSM]  ssm=0.2311m  passed=True
[YawComp] net_yaw_nominal=-0.2036  λ=-0.0948  max_adj=0.061
============================================================
[166/200] robot_165_seed7858
  [Gen]  legs=9  desc=robot_description.json  urdf=robot.urdf
  [SSM]  ssm=-0.2081m  passed=False
  [Skip] SSM below threshold, skipping gait test.
  [Plot] Saved → /data/code/yjh/Adaptation/batch_results/20260624_162055/robot_165_seed7858/trajectory.png
============================================================
[167/200] robot_166_seed9033
  [Gen]  legs=6  desc=robot_description.json  urdf=robot.urdf
  [SSM]  ssm=0.1143m  passed=True
[Grouping] 标准六足对角三脚架: group_a=[5, 1, 4]  group_b=[0, 3, 2]
[YawComp] net_yaw_nominal=-0.0661  λ=-0.1116  max_adj=0.045
============================================================
[168/200] robot_167_seed2602
  [Gen]  legs=9  desc=robot_description.json  urdf=robot.urdf
  [SSM]  ssm=0.0991m  passed=True
[YawComp] net_yaw_nominal=-1.1304  λ=-0.2562  max_adj=0.190
============================================================
[169/200] robot_168_seed4995
  [Gen]  legs=6  desc=robot_description.json  urdf=robot.urdf
  [SSM]  ssm=0.0818m  passed=True
[Grouping] 标准六足对角三脚架: group_a=[4, 5, 2]  group_b=[0, 3, 1]
[YawComp] net_yaw_nominal=0.0447  λ=0.0256  max_adj=0.015
============================================================
[170/200] robot_169_seed4007
  [Gen]  legs=8  desc=robot_description.json  urdf=robot.urdf
  [SSM]  ssm=0.3146m  passed=True
[YawComp] net_yaw_nominal=-0.4545  λ=-0.4129  max_adj=0.210
============================================================
[171/200] robot_170_seed1708
  [Gen]  legs=4  desc=robot_description.json  urdf=robot.urdf
  [SSM]  ssm=0.0092m  passed=False
  [Skip] SSM below threshold, skipping gait test.
  [Plot] Saved → /data/code/yjh/Adaptation/batch_results/20260624_162055/robot_170_seed1708/trajectory.png
============================================================
[172/200] robot_171_seed9752
  [Gen]  legs=5  desc=robot_description.json  urdf=robot.urdf
  [SSM]  ssm=0.2599m  passed=True
[YawComp] net_yaw_nominal=0.0522  λ=0.0262  max_adj=0.014
============================================================
[173/200] robot_172_seed6416
  [Gen]  legs=5  desc=robot_description.json  urdf=robot.urdf
  [SSM]  ssm=0.0679m  passed=True
[YawComp] net_yaw_nominal=-0.7667  λ=-0.3779  max_adj=0.221
============================================================
[174/200] robot_173_seed2870
  [Gen]  legs=9  desc=robot_description.json  urdf=robot.urdf
  [SSM]  ssm=0.1516m  passed=True
[YawComp] net_yaw_nominal=-0.1441  λ=-0.0239  max_adj=0.018
============================================================
[175/200] robot_174_seed6475
  [Gen]  legs=8  desc=robot_description.json  urdf=robot.urdf
  [SSM]  ssm=0.1920m  passed=True
[YawComp] net_yaw_nominal=-0.1212  λ=-0.0309  max_adj=0.021
============================================================
[176/200] robot_175_seed8738
  [Gen]  legs=8  desc=robot_description.json  urdf=robot.urdf
  [SSM]  ssm=0.0923m  passed=True
[YawComp] net_yaw_nominal=-0.8935  λ=-0.7789  max_adj=0.380
============================================================
[177/200] robot_176_seed2011
  [Gen]  legs=8  desc=robot_description.json  urdf=robot.urdf
  [SSM]  ssm=-0.0687m  passed=False
  [Skip] SSM below threshold, skipping gait test.
  [Plot] Saved → /data/code/yjh/Adaptation/batch_results/20260624_162055/robot_176_seed2011/trajectory.png
============================================================
[178/200] robot_177_seed6142
  [Gen]  legs=7  desc=robot_description.json  urdf=robot.urdf
  [SSM]  ssm=0.0582m  passed=True
[YawComp] net_yaw_nominal=-0.2292  λ=-0.0666  max_adj=0.045
============================================================
[179/200] robot_178_seed348
  [Gen]  legs=5  desc=robot_description.json  urdf=robot.urdf
  [SSM]  ssm=0.1554m  passed=True
[YawComp] net_yaw_nominal=0.3194  λ=0.6095  max_adj=0.243
============================================================
[180/200] robot_179_seed5670
  [Gen]  legs=5  desc=robot_description.json  urdf=robot.urdf
  [SSM]  ssm=0.2396m  passed=True
[YawComp] net_yaw_nominal=0.0586  λ=0.0343  max_adj=0.020
============================================================
[181/200] robot_180_seed7817
  [Gen]  legs=4  desc=robot_description.json  urdf=robot.urdf
  [SSM]  ssm=-0.1873m  passed=False
  [Skip] SSM below threshold, skipping gait test.
  [Plot] Saved → /data/code/yjh/Adaptation/batch_results/20260624_162055/robot_180_seed7817/trajectory.png
============================================================
[182/200] robot_181_seed2384
  [Gen]  legs=10  desc=robot_description.json  urdf=robot.urdf
  [SSM]  ssm=0.1629m  passed=True
[YawComp] net_yaw_nominal=0.4727  λ=0.1029  max_adj=0.067
============================================================
[183/200] robot_182_seed1333
  [Gen]  legs=6  desc=robot_description.json  urdf=robot.urdf
  [SSM]  ssm=-0.0208m  passed=False
  [Skip] SSM below threshold, skipping gait test.
  [Plot] Saved → /data/code/yjh/Adaptation/batch_results/20260624_162055/robot_182_seed1333/trajectory.png
============================================================
[184/200] robot_183_seed8763
  [Gen]  legs=4  desc=robot_description.json  urdf=robot.urdf
  [SSM]  ssm=0.1549m  passed=True
[YawComp] net_yaw_nominal=-0.2222  λ=-0.1512  max_adj=0.093
============================================================
[185/200] robot_184_seed5536
  [Gen]  legs=8  desc=robot_description.json  urdf=robot.urdf
  [SSM]  ssm=0.1653m  passed=True
[YawComp] net_yaw_nominal=-1.3874  λ=-0.2999  max_adj=0.225
============================================================
[186/200] robot_185_seed5352
  [Gen]  legs=6  desc=robot_description.json  urdf=robot.urdf
  [SSM]  ssm=-0.0373m  passed=False
  [Skip] SSM below threshold, skipping gait test.
  [Plot] Saved → /data/code/yjh/Adaptation/batch_results/20260624_162055/robot_185_seed5352/trajectory.png
============================================================
[187/200] robot_186_seed4257
  [Gen]  legs=8  desc=robot_description.json  urdf=robot.urdf
  [SSM]  ssm=0.1148m  passed=True
[YawComp] net_yaw_nominal=-0.8882  λ=-0.2858  max_adj=0.169
============================================================
[188/200] robot_187_seed2520
  [Gen]  legs=10  desc=robot_description.json  urdf=robot.urdf
  [SSM]  ssm=0.3712m  passed=True
[YawComp] net_yaw_nominal=0.1921  λ=0.0974  max_adj=0.049
============================================================
[189/200] robot_188_seed8924
  [Gen]  legs=10  desc=robot_description.json  urdf=robot.urdf
  [SSM]  ssm=0.3113m  passed=True
[YawComp] net_yaw_nominal=0.1384  λ=0.0730  max_adj=0.037
============================================================
[190/200] robot_189_seed4313
  [Gen]  legs=7  desc=robot_description.json  urdf=robot.urdf
  [SSM]  ssm=0.1225m  passed=True
[YawComp] net_yaw_nominal=-0.2309  λ=-0.0859  max_adj=0.055
============================================================
[191/200] robot_190_seed4513
  [Gen]  legs=9  desc=robot_description.json  urdf=robot.urdf
  [SSM]  ssm=0.4315m  passed=True
[YawComp] net_yaw_nominal=0.6572  λ=0.4239  max_adj=0.205
============================================================
[192/200] robot_191_seed2449
  [Gen]  legs=8  desc=robot_description.json  urdf=robot.urdf
  [SSM]  ssm=0.0845m  passed=True
[YawComp] net_yaw_nominal=-0.8023  λ=-0.3017  max_adj=0.201
============================================================
[193/200] robot_192_seed2788
  [Gen]  legs=9  desc=robot_description.json  urdf=robot.urdf
  [SSM]  ssm=0.2641m  passed=True
[YawComp] net_yaw_nominal=-0.5277  λ=-0.1066  max_adj=0.073
============================================================
[194/200] robot_193_seed9309
  [Gen]  legs=7  desc=robot_description.json  urdf=robot.urdf
  [SSM]  ssm=-0.0518m  passed=False
  [Skip] SSM below threshold, skipping gait test.
  [Plot] Saved → /data/code/yjh/Adaptation/batch_results/20260624_162055/robot_193_seed9309/trajectory.png
============================================================
[195/200] robot_194_seed9823
  [Gen]  legs=8  desc=robot_description.json  urdf=robot.urdf
  [SSM]  ssm=0.1376m  passed=True
[YawComp] net_yaw_nominal=0.3400  λ=0.2401  max_adj=0.117
============================================================
[196/200] robot_195_seed9362
  [Gen]  legs=9  desc=robot_description.json  urdf=robot.urdf
  [SSM]  ssm=0.1754m  passed=True
[YawComp] net_yaw_nominal=0.7885  λ=0.2938  max_adj=0.155
============================================================
[197/200] robot_196_seed8244
  [Gen]  legs=7  desc=robot_description.json  urdf=robot.urdf
  [SSM]  ssm=0.1297m  passed=True
[YawComp] net_yaw_nominal=0.3547  λ=0.4805  max_adj=0.235
============================================================
[198/200] robot_197_seed1665
  [Gen]  legs=5  desc=robot_description.json  urdf=robot.urdf
  [SSM]  ssm=-0.0316m  passed=False
  [Skip] SSM below threshold, skipping gait test.
  [Plot] Saved → /data/code/yjh/Adaptation/batch_results/20260624_162055/robot_197_seed1665/trajectory.png
============================================================
[199/200] robot_198_seed1191
  [Gen]  legs=4  desc=robot_description.json  urdf=robot.urdf
  [SSM]  ssm=0.2766m  passed=True
[YawComp] net_yaw_nominal=0.0467  λ=0.3641  max_adj=0.055
============================================================
[200/200] robot_199_seed5970
  [Gen]  legs=4  desc=robot_description.json  urdf=robot.urdf
  [SSM]  ssm=0.1810m  passed=True
[YawComp] net_yaw_nominal=0.2346  λ=0.1956  max_adj=0.097

============================================================
[Batch] Unified pipeline: 150 robots, 38 sub-batch(es) of ≤4, GPU=True

  [Sub-batch 1/38] robots 0–3
Not connected to PVD
+++ Using GPU PhysX
Physics Engine: PhysX
Physics Device: cuda:0
GPU Pipeline: disabled
Importing module 'gym_38' (/data/code/yjh/isaacgym/python/isaacgym/_bindings/linux-x86_64/gym_38.so)
Setting GYM_USD_PLUG_INFO_PATH to /data/code/yjh/isaacgym/python/isaacgym/_bindings/linux-x86_64/usd/plugInfo.json
    [robot_00_seed7] P1 yaw=+0.009  fwd=+0.1098  score=0.1072  → OK
    [robot_01_seed42] P1 yaw=+0.004  fwd=-0.0099  score=-0.0111[YawComp] net_yaw_nominal=-0.3092  λ=-0.8497  max_adj=0.324
  → stuck, trying [-0.479, -0.878]
    [robot_03_seed256] P1 yaw=+0.015  fwd=-0.0779  score=-0.0826[YawComp] net_yaw_nominal=0.7803  λ=1.1747  max_adj=0.536
  → stuck, trying [1.0, -0.02]
    [robot_04_seed512] P1 yaw=+0.051  fwd=-0.0347  score=-0.0500[Grouping] 标准六足对角三脚架: group_a=[5, 1, 3]  group_b=[0, 4, 2]
[YawComp] net_yaw_nominal=0.4921  λ=0.4790  max_adj=0.226
  → stuck, trying [0.94, -0.342]
    [robot_01_seed42] R2 yaw=+0.006  fwd=+0.0010  score=-0.0007[YawComp] net_yaw_nominal=-0.3064  λ=-0.1699  max_adj=0.108
  → try [0.878, -0.479]
    [robot_03_seed256] R2 yaw=+0.066  fwd=-0.0053  score=-0.0252[YawComp] net_yaw_nominal=0.3941  λ=0.0985  max_adj=0.073
  → try [0.02, 1.0]
    [robot_04_seed512] R2 yaw=-0.030  fwd=-0.0186  score=-0.0276[Grouping] 标准六足对角三脚架: group_a=[5, 1, 3]  group_b=[0, 4, 2]
[YawComp] net_yaw_nominal=-0.4074  λ=-0.2343  max_adj=0.130
  → try [-0.342, -0.94]
    [robot_01_seed42] R3 yaw=+0.030  fwd=-0.0103  score=-0.0192  → axis [-0.479, -0.878]
    [robot_03_seed256] R3 yaw=+0.036  fwd=-0.0647  score=-0.0755  → axis [1.0, -0.02]
    [robot_04_seed512] R3 yaw=+0.052  fwd=-0.0015  score=-0.0173[Grouping] 标准六足对角三脚架: group_a=[5, 1, 3]  group_b=[0, 4, 2]
[YawComp] net_yaw_nominal=0.4074  λ=0.2343  max_adj=0.130
  → try [0.342, 0.94]
    [robot_04_seed512] R4 yaw=-0.011  fwd=-0.0204  score=-0.0236  → axis [-0.342, -0.94]
[Warning] [carb.gym.plugin] Incomplete articulation end index in function setRigidBodyStates
[Warning] [carb.gym.plugin] Incomplete articulation start index in function setRigidBodyStates
[Warning] [carb.gym.plugin] Incomplete articulation end index in function setRigidBodyStates
[Warning] [carb.gym.plugin] Incomplete articulation start index in function setRigidBodyStates
[Warning] [carb.gym.plugin] Incomplete articulation end index in function setRigidBodyStates
[Warning] [carb.gym.plugin] Incomplete articulation start index in function setRigidBodyStates
[Warning] [carb.gym.plugin] Incomplete articulation start index in function setRigidBodyStates
[Warning] [carb.gym.plugin] Incomplete articulation end index in function setRigidBodyStates
[Warning] [carb.gym.plugin] Incomplete articulation start index in function setRigidBodyStates
[Warning] [carb.gym.plugin] Incomplete articulation end index in function setRigidBodyStates
[Warning] [carb.gym.plugin] Incomplete articulation start index in function setRigidBodyStates
[Warning] [carb.gym.plugin] Incomplete articulation start index in function setRigidBodyStates
[Warning] [carb.gym.plugin] Incomplete articulation end index in function setRigidBodyStates
[Warning] [carb.gym.plugin] Incomplete articulation start index in function setRigidBodyStates
[Warning] [carb.gym.plugin] Incomplete articulation end index in function setRigidBodyStates
[Warning] [carb.gym.plugin] Incomplete articulation start index in function setRigidBodyStates
[Warning] [carb.gym.plugin] Incomplete articulation start index in function setRigidBodyStates
[Warning] [carb.gym.plugin] Incomplete articulation end index in function setRigidBodyStates
[Warning] [carb.gym.plugin] Incomplete articulation start index in function setRigidBodyStates
[Warning] [carb.gym.plugin] Incomplete articulation end index in function setRigidBodyStates
[Warning] [carb.gym.plugin] Incomplete articulation start index in function setRigidBodyStates
[Warning] [carb.gym.plugin] Incomplete articulation end index in function setRigidBodyStates
[Warning] [carb.gym.plugin] Incomplete articulation start index in function setRigidBodyStates
  [Sim]  robot_00_seed7  steps=7560  fwd=-0.128m  lat=+0.030m  drift=0.23
  [Plot] Saved → /data/code/yjh/Adaptation/batch_results/20260624_162055/robot_00_seed7/trajectory.png
  [Sim]  robot_01_seed42  steps=7560  fwd=+0.374m  lat=+1.333m  drift=3.56
    [EKF] drift=3.56 > 0.3, trying online correction … Not connected to PVD
+++ Using GPU PhysX
Physics Engine: PhysX
Physics Device: cuda:0
GPU Pipeline: disabled
✗ not better: drift=11.08
  [Plot] Saved → /data/code/yjh/Adaptation/batch_results/20260624_162055/robot_01_seed42/trajectory.png
  [Sim]  robot_03_seed256  steps=7560  fwd=+3.158m  lat=+1.319m  drift=0.42
    [EKF] drift=0.42 > 0.3, trying online correction … Not connected to PVD
+++ Using GPU PhysX
Physics Engine: PhysX
Physics Device: cuda:0
GPU Pipeline: disabled
✓ improved: drift=0.36
  [Plot] Saved → /data/code/yjh/Adaptation/batch_results/20260624_162055/robot_03_seed256/trajectory.png
  [Sim]  robot_04_seed512  steps=7560  fwd=+1.606m  lat=+0.281m  drift=0.17
  [Plot] Saved → /data/code/yjh/Adaptation/batch_results/20260624_162055/robot_04_seed512/trajectory.png

  [Sub-batch 2/38] robots 4–7
Not connected to PVD
+++ Using GPU PhysX
Physics Engine: PhysX
Physics Device: cuda:0
GPU Pipeline: disabled
Importing module 'gym_38' (/data/code/yjh/isaacgym/python/isaacgym/_bindings/linux-x86_64/gym_38.so)
Setting GYM_USD_PLUG_INFO_PATH to /data/code/yjh/isaacgym/python/isaacgym/_bindings/linux-x86_64/usd/plugInfo.json
    [robot_05_seed8801] P1 yaw=+0.000  fwd=-0.0000  score=-0.0000[YawComp] net_yaw_nominal=-0.8005  λ=-1.3962  max_adj=0.554
  → stuck, trying [0.943, 0.333]
    [robot_06_seed3144] P1 yaw=+0.016  fwd=-0.0188  score=-0.0237[YawComp] net_yaw_nominal=-1.1667  λ=-1.0268  max_adj=0.431
  → stuck, trying [0.946, 0.324]
    [robot_07_seed8197] P1 yaw=+0.009  fwd=-0.0971  score=-0.0999[YawComp] net_yaw_nominal=1.1563  λ=1.2203  max_adj=0.591
  → stuck, trying [0.539, -0.842]
    [robot_09_seed2652] P1 yaw=-0.068  fwd=-0.0289  score=-0.0492[YawComp] net_yaw_nominal=-0.5677  λ=-0.3765  max_adj=0.226
  → stuck, trying [0.796, -0.606]
    [robot_05_seed8801] R2 yaw=+0.000  fwd=+0.0000  score=-0.0000[YawComp] net_yaw_nominal=-0.3991  λ=-0.1917  max_adj=0.117
  → try [0.333, -0.943]
    [robot_06_seed3144] R2 yaw=+0.053  fwd=-0.0184  score=-0.0344[YawComp] net_yaw_nominal=1.0566  λ=0.4979  max_adj=0.274
  → try [0.324, -0.946]
    [robot_07_seed8197] R2 yaw=-0.041  fwd=+0.0499  score=0.0375[YawComp] net_yaw_nominal=0.3517  λ=0.1677  max_adj=0.102
  → try [0.842, 0.539]
    [robot_09_seed2652] R2 yaw=+0.014  fwd=-0.0271  score=-0.0313[YawComp] net_yaw_nominal=0.2130  λ=0.0962  max_adj=0.055
  → try [-0.606, -0.796]
    [robot_05_seed8801] R3 yaw=+0.000  fwd=+0.0000  score=-0.0000  → axis [0.333, -0.943]
    [robot_06_seed3144] R3 yaw=+0.078  fwd=-0.0375  score=-0.0608[YawComp] net_yaw_nominal=-1.0566  λ=-0.4979  max_adj=0.274
  → try [-0.324, 0.946]
    [robot_07_seed8197] R3 yaw=-0.002  fwd=+0.0537  score=0.0530  → axis [0.842, 0.539]
    [robot_09_seed2652] R3 yaw=+0.000  fwd=-0.0146  score=-0.0146[YawComp] net_yaw_nominal=-0.2130  λ=-0.0962  max_adj=0.055
  → try [0.606, 0.796]
    [robot_06_seed3144] R4 yaw=+0.001  fwd=-0.0108  score=-0.0110  → axis [-0.324, 0.946]
    [robot_09_seed2652] R4 yaw=-0.043  fwd=+0.0072  score=-0.0059  → axis [0.606, 0.796]
[Warning] [carb.gym.plugin] Incomplete articulation end index in function setRigidBodyStates
[Warning] [carb.gym.plugin] Incomplete articulation start index in function setRigidBodyStates
[Warning] [carb.gym.plugin] Incomplete articulation end index in function setRigidBodyStates
[Warning] [carb.gym.plugin] Incomplete articulation start index in function setRigidBodyStates
[Warning] [carb.gym.plugin] Incomplete articulation end index in function setRigidBodyStates
[Warning] [carb.gym.plugin] Incomplete articulation start index in function setRigidBodyStates
[Warning] [carb.gym.plugin] Incomplete articulation end index in function setRigidBodyStates
[Warning] [carb.gym.plugin] Incomplete articulation start index in function setRigidBodyStates
[Warning] [carb.gym.plugin] Incomplete articulation end index in function setRigidBodyStates
[Warning] [carb.gym.plugin] Incomplete articulation start index in function setRigidBodyStates
[Warning] [carb.gym.plugin] Incomplete articulation end index in function setRigidBodyStates
[Warning] [carb.gym.plugin] Incomplete articulation start index in function setRigidBodyStates
[Warning] [carb.gym.plugin] Incomplete articulation end index in function setRigidBodyStates
[Warning] [carb.gym.plugin] Incomplete articulation start index in function setRigidBodyStates
[Warning] [carb.gym.plugin] Incomplete articulation end index in function setRigidBodyStates
[Warning] [carb.gym.plugin] Incomplete articulation start index in function setRigidBodyStates
[Warning] [carb.gym.plugin] Incomplete articulation end index in function setRigidBodyStates
[Warning] [carb.gym.plugin] Incomplete articulation start index in function setRigidBodyStates
[Warning] [carb.gym.plugin] Incomplete articulation start index in function setRigidBodyStates
[Warning] [carb.gym.plugin] Incomplete articulation end index in function setRigidBodyStates
[Warning] [carb.gym.plugin] Incomplete articulation start index in function setRigidBodyStates
[Warning] [carb.gym.plugin] Incomplete articulation end index in function setRigidBodyStates
[Warning] [carb.gym.plugin] Incomplete articulation start index in function setRigidBodyStates
[Warning] [carb.gym.plugin] Incomplete articulation end index in function setRigidBodyStates
[Warning] [carb.gym.plugin] Incomplete articulation start index in function setRigidBodyStates
[Warning] [carb.gym.plugin] Incomplete articulation end index in function setRigidBodyStates
[Warning] [carb.gym.plugin] Incomplete articulation start index in function setRigidBodyStates
  [Sim]  robot_05_seed8801  steps=7560  fwd=-0.000m  lat=-0.000m  drift=0.00
  [Plot] Saved → /data/code/yjh/Adaptation/batch_results/20260624_162055/robot_05_seed8801/trajectory.png
  [Sim]  robot_06_seed3144  steps=7229  fwd=-2.111m  lat=-0.091m  drift=0.04
  [Plot] Saved → /data/code/yjh/Adaptation/batch_results/20260624_162055/robot_06_seed3144/trajectory.png
  [Sim]  robot_07_seed8197  steps=7560  fwd=+0.320m  lat=+0.062m  drift=0.19
  [Plot] Saved → /data/code/yjh/Adaptation/batch_results/20260624_162055/robot_07_seed8197/trajectory.png
  [Sim]  robot_09_seed2652  steps=7560  fwd=-0.895m  lat=-0.341m  drift=0.38
    [EKF] drift=0.38 > 0.3, trying online correction … Not connected to PVD
+++ Using GPU PhysX
Physics Engine: PhysX
Physics Device: cuda:0
GPU Pipeline: disabled
✗ not better: drift=25.57
  [Plot] Saved → /data/code/yjh/Adaptation/batch_results/20260624_162055/robot_09_seed2652/trajectory.png

  [Sub-batch 3/38] robots 8–11
Not connected to PVD
+++ Using GPU PhysX
Physics Engine: PhysX
Physics Device: cuda:0
GPU Pipeline: disabled
Importing module 'gym_38' (/data/code/yjh/isaacgym/python/isaacgym/_bindings/linux-x86_64/gym_38.so)
Setting GYM_USD_PLUG_INFO_PATH to /data/code/yjh/isaacgym/python/isaacgym/_bindings/linux-x86_64/usd/plugInfo.json
    [robot_11_seed2053] P1 yaw=+0.002  fwd=+0.0052  score=0.0046  → OK
    [robot_12_seed6639] P1 yaw=+0.021  fwd=+0.0053  score=-0.0009  → OK
    [robot_13_seed6084] P1 yaw=-0.002  fwd=+0.0021  score=0.0016[Grouping] 标准六足对角三脚架: group_a=[5, 1, 3]  group_b=[0, 4, 2]
[YawComp] net_yaw_nominal=-0.0910  λ=-0.3519  max_adj=0.077
  → stuck, trying [0.999, 0.04]
    [robot_15_seed3792] P1 yaw=-0.005  fwd=+0.0075  score=0.0061  → OK
    [robot_13_seed6084] R2 yaw=-0.052  fwd=-0.0559  score=-0.0715[Grouping] 标准六足对角三脚架: group_a=[5, 1, 3]  group_b=[0, 4, 2]
[YawComp] net_yaw_nominal=0.9845  λ=0.3287  max_adj=0.198
  → try [0.04, -0.999]
    [robot_13_seed6084] R3 yaw=-0.003  fwd=-0.0882  score=-0.0892[Grouping] 标准六足对角三脚架: group_a=[5, 1, 3]  group_b=[0, 4, 2]
[YawComp] net_yaw_nominal=-0.9845  λ=-0.3287  max_adj=0.198
  → try [-0.04, 0.999]
    [robot_13_seed6084] R4 yaw=-0.094  fwd=-0.0534  score=-0.0816  → axis [-0.999, -0.04]
[Warning] [carb.gym.plugin] Incomplete articulation end index in function setRigidBodyStates
[Warning] [carb.gym.plugin] Incomplete articulation start index in function setRigidBodyStates
[Warning] [carb.gym.plugin] Incomplete articulation end index in function setRigidBodyStates
[Warning] [carb.gym.plugin] Incomplete articulation start index in function setRigidBodyStates
[Warning] [carb.gym.plugin] Incomplete articulation end index in function setRigidBodyStates
[Warning] [carb.gym.plugin] Incomplete articulation start index in function setRigidBodyStates
[Warning] [carb.gym.plugin] Incomplete articulation start index in function setRigidBodyStates
[Warning] [carb.gym.plugin] Incomplete articulation end index in function setRigidBodyStates
[Warning] [carb.gym.plugin] Incomplete articulation start index in function setRigidBodyStates
[Warning] [carb.gym.plugin] Incomplete articulation end index in function setRigidBodyStates
[Warning] [carb.gym.plugin] Incomplete articulation start index in function setRigidBodyStates
[Warning] [carb.gym.plugin] Incomplete articulation end index in function setRigidBodyStates
[Warning] [carb.gym.plugin] Incomplete articulation end index in function setRigidBodyStates
[Warning] [carb.gym.plugin] Incomplete articulation start index in function setRigidBodyStates
[Warning] [carb.gym.plugin] Incomplete articulation end index in function setRigidBodyStates
[Warning] [carb.gym.plugin] Incomplete articulation start index in function setRigidBodyStates
[Warning] [carb.gym.plugin] Incomplete articulation end index in function setRigidBodyStates
[Warning] [carb.gym.plugin] Incomplete articulation start index in function setRigidBodyStates
  [Sim]  robot_11_seed2053  steps=7560  fwd=+1.063m  lat=+0.417m  drift=0.39
    [EKF] drift=0.39 > 0.3, trying online correction … Not connected to PVD
+++ Using GPU PhysX
Physics Engine: PhysX
Physics Device: cuda:0
GPU Pipeline: disabled
✗ not better: drift=0.89
  [Plot] Saved → /data/code/yjh/Adaptation/batch_results/20260624_162055/robot_11_seed2053/trajectory.png
  [Sim]  robot_12_seed6639  steps=7560  fwd=+1.663m  lat=+0.164m  drift=0.10
  [Plot] Saved → /data/code/yjh/Adaptation/batch_results/20260624_162055/robot_12_seed6639/trajectory.png
  [Sim]  robot_13_seed6084  steps=7560  fwd=+0.065m  lat=+0.183m  drift=2.83
    [EKF] drift=2.83 > 0.3, trying online correction … Not connected to PVD
+++ Using GPU PhysX
Physics Engine: PhysX
Physics Device: cuda:0
GPU Pipeline: disabled
✓ improved: drift=0.73
  [Plot] Saved → /data/code/yjh/Adaptation/batch_results/20260624_162055/robot_13_seed6084/trajectory.png
  [Sim]  robot_15_seed3792  steps=7560  fwd=-0.666m  lat=-0.094m  drift=0.14
  [Plot] Saved → /data/code/yjh/Adaptation/batch_results/20260624_162055/robot_15_seed3792/trajectory.png

  [Sub-batch 4/38] robots 12–15
Not connected to PVD
+++ Using GPU PhysX
Physics Engine: PhysX
Physics Device: cuda:0
GPU Pipeline: disabled
Importing module 'gym_38' (/data/code/yjh/isaacgym/python/isaacgym/_bindings/linux-x86_64/gym_38.so)
Setting GYM_USD_PLUG_INFO_PATH to /data/code/yjh/isaacgym/python/isaacgym/_bindings/linux-x86_64/usd/plugInfo.json
    [robot_16_seed4674] P1 yaw=-0.001  fwd=+0.0025  score=0.0021[YawComp] net_yaw_nominal=0.5947  λ=2.2512  max_adj=0.597
  → stuck, trying [0.998, -0.069]
    [robot_18_seed1916] P1 yaw=-0.023  fwd=-0.1247  score=-0.1315[YawComp] net_yaw_nominal=1.5670  λ=1.1174  max_adj=0.578
  → stuck, trying [0.888, -0.46]
    [robot_19_seed6277] P1 yaw=-0.039  fwd=+0.1252  score=0.1135  → OK
    [robot_21_seed1024] P1 yaw=-0.052  fwd=-0.0156  score=-0.0314[YawComp] net_yaw_nominal=0.5122  λ=0.8600  max_adj=0.316
  → stuck, trying [0.965, -0.262]
    [robot_16_seed4674] R2 yaw=-0.002  fwd=+0.0006  score=0.0001[YawComp] net_yaw_nominal=0.4402  λ=0.1405  max_adj=0.099
  → try [0.069, 0.998]
    [robot_18_seed1916] R2 yaw=+0.014  fwd=-0.0117  score=-0.0160[YawComp] net_yaw_nominal=-0.4288  λ=-0.1937  max_adj=0.110
  → try [0.46, 0.888]
    [robot_21_seed1024] R2 yaw=-0.042  fwd=+0.0139  score=0.0011[YawComp] net_yaw_nominal=0.3138  λ=0.0948  max_adj=0.064
  → try [-0.262, -0.965]
    [robot_16_seed4674] R3 yaw=-0.002  fwd=+0.0060  score=0.0053  → axis [0.069, 0.998]
    [robot_18_seed1916] R3 yaw=+0.044  fwd=+0.0557  score=0.0426  → axis [0.46, 0.888]
    [robot_21_seed1024] R3 yaw=-0.014  fwd=-0.0278  score=-0.0321[YawComp] net_yaw_nominal=-0.3138  λ=-0.0948  max_adj=0.064
  → try [0.262, 0.965]
    [robot_21_seed1024] R4 yaw=-0.029  fwd=-0.0275  score=-0.0363  → axis [0.965, -0.262]
[Warning] [carb.gym.plugin] Incomplete articulation end index in function setRigidBodyStates
[Warning] [carb.gym.plugin] Incomplete articulation start index in function setRigidBodyStates
[Warning] [carb.gym.plugin] Incomplete articulation end index in function setRigidBodyStates
[Warning] [carb.gym.plugin] Incomplete articulation start index in function setRigidBodyStates
[Warning] [carb.gym.plugin] Incomplete articulation end index in function setRigidBodyStates
[Warning] [carb.gym.plugin] Incomplete articulation start index in function setRigidBodyStates
[Warning] [carb.gym.plugin] Incomplete articulation end index in function setRigidBodyStates
[Warning] [carb.gym.plugin] Incomplete articulation start index in function setRigidBodyStates
[Warning] [carb.gym.plugin] Incomplete articulation end index in function setRigidBodyStates
[Warning] [carb.gym.plugin] Incomplete articulation start index in function setRigidBodyStates
[Warning] [carb.gym.plugin] Incomplete articulation end index in function setRigidBodyStates
[Warning] [carb.gym.plugin] Incomplete articulation start index in function setRigidBodyStates
[Warning] [carb.gym.plugin] Incomplete articulation end index in function setRigidBodyStates
[Warning] [carb.gym.plugin] Incomplete articulation start index in function setRigidBodyStates
[Warning] [carb.gym.plugin] Incomplete articulation start index in function setRigidBodyStates
[Warning] [carb.gym.plugin] Incomplete articulation end index in function setRigidBodyStates
[Warning] [carb.gym.plugin] Incomplete articulation start index in function setRigidBodyStates
[Warning] [carb.gym.plugin] Incomplete articulation end index in function setRigidBodyStates
[Warning] [carb.gym.plugin] Incomplete articulation start index in function setRigidBodyStates
[Warning] [carb.gym.plugin] Incomplete articulation end index in function setRigidBodyStates
[Warning] [carb.gym.plugin] Incomplete articulation start index in function setRigidBodyStates
  [Sim]  robot_16_seed4674  steps=7560  fwd=+0.035m  lat=-0.002m  drift=0.06
  [Plot] Saved → /data/code/yjh/Adaptation/batch_results/20260624_162055/robot_16_seed4674/trajectory.png
  [Sim]  robot_18_seed1916  steps=7560  fwd=+0.347m  lat=+0.153m  drift=0.44
    [EKF] drift=0.44 > 0.3, trying online correction … Not connected to PVD
+++ Using GPU PhysX
Physics Engine: PhysX
Physics Device: cuda:0
GPU Pipeline: disabled
✗ not better: drift=17.39
  [Plot] Saved → /data/code/yjh/Adaptation/batch_results/20260624_162055/robot_18_seed1916/trajectory.png
  [Sim]  robot_19_seed6277  steps=7560  fwd=+0.722m  lat=-0.251m  drift=0.35
    [EKF] drift=0.35 > 0.3, trying online correction … Not connected to PVD
+++ Using GPU PhysX
Physics Engine: PhysX
Physics Device: cuda:0
GPU Pipeline: disabled
✗ not better: drift=0.85
  [Plot] Saved → /data/code/yjh/Adaptation/batch_results/20260624_162055/robot_19_seed6277/trajectory.png
  [Sim]  robot_21_seed1024  steps=7560  fwd=-1.786m  lat=+0.402m  drift=0.23
  [Plot] Saved → /data/code/yjh/Adaptation/batch_results/20260624_162055/robot_21_seed1024/trajectory.png

  [Sub-batch 5/38] robots 16–19
Not connected to PVD
+++ Using GPU PhysX
Physics Engine: PhysX
Physics Device: cuda:0
GPU Pipeline: disabled
Importing module 'gym_38' (/data/code/yjh/isaacgym/python/isaacgym/_bindings/linux-x86_64/gym_38.so)
Setting GYM_USD_PLUG_INFO_PATH to /data/code/yjh/isaacgym/python/isaacgym/_bindings/linux-x86_64/usd/plugInfo.json
    [robot_22_seed1341] P1 yaw=-0.070  fwd=-0.0669  score=-0.0880[YawComp] net_yaw_nominal=0.7969  λ=1.1892  max_adj=0.459
  → stuck, trying [0.978, -0.208]
    [robot_26_seed8376] P1 yaw=-0.011  fwd=-0.0069  score=-0.0102[YawComp] net_yaw_nominal=-1.5580  λ=-1.5792  max_adj=0.667
  → stuck, trying [0.982, 0.19]
    [robot_27_seed2368] P1 yaw=+0.049  fwd=+0.0376  score=0.0229  → OK
    [robot_28_seed4531] P1 yaw=-0.048  fwd=-0.0276  score=-0.0418[YawComp] net_yaw_nominal=-0.0121  λ=-0.0150  max_adj=0.008
  → stuck, trying [0.995, -0.103]
    [robot_22_seed1341] R2 yaw=-0.066  fwd=+0.0034  score=-0.0164[YawComp] net_yaw_nominal=0.1992  λ=0.0830  max_adj=0.057
  → try [0.208, 0.978]
    [robot_26_seed8376] R2 yaw=-0.008  fwd=+0.0157  score=0.0134[YawComp] net_yaw_nominal=1.6751  λ=0.3830  max_adj=0.272
  → try [0.19, -0.982]
    [robot_28_seed4531] R2 yaw=+0.053  fwd=-0.0269  score=-0.0427[YawComp] net_yaw_nominal=0.3916  λ=0.3221  max_adj=0.211
  → try [-0.103, -0.995]
    [robot_22_seed1341] R3 yaw=-0.019  fwd=-0.0418  score=-0.0475  → axis [0.978, -0.208]
    [robot_26_seed8376] R3 yaw=+0.002  fwd=+0.1265  score=0.1259[YawComp] net_yaw_nominal=-1.6751  λ=-0.3830  max_adj=0.272
  → try [-0.19, 0.982]
    [robot_28_seed4531] R3 yaw=+0.014  fwd=-0.0580  score=-0.0621[YawComp] net_yaw_nominal=-0.3916  λ=-0.3221  max_adj=0.211
  → try [0.103, 0.995]
    [robot_26_seed8376] R4 yaw=-0.017  fwd=-0.0474  score=-0.0527  → axis [0.19, -0.982]
    [robot_28_seed4531] R4 yaw=+0.008  fwd=+0.0006  score=-0.0018  → axis [0.103, 0.995]
[Warning] [carb.gym.plugin] Incomplete articulation end index in function setRigidBodyStates
[Warning] [carb.gym.plugin] Incomplete articulation start index in function setRigidBodyStates
[Warning] [carb.gym.plugin] Incomplete articulation end index in function setRigidBodyStates
[Warning] [carb.gym.plugin] Incomplete articulation start index in function setRigidBodyStates
[Warning] [carb.gym.plugin] Incomplete articulation end index in function setRigidBodyStates
[Warning] [carb.gym.plugin] Incomplete articulation start index in function setRigidBodyStates
[Warning] [carb.gym.plugin] Incomplete articulation end index in function setRigidBodyStates
[Warning] [carb.gym.plugin] Incomplete articulation start index in function setRigidBodyStates
[Warning] [carb.gym.plugin] Incomplete articulation end index in function setRigidBodyStates
[Warning] [carb.gym.plugin] Incomplete articulation start index in function setRigidBodyStates
[Warning] [carb.gym.plugin] Incomplete articulation end index in function setRigidBodyStates
[Warning] [carb.gym.plugin] Incomplete articulation start index in function setRigidBodyStates
[Warning] [carb.gym.plugin] Incomplete articulation end index in function setRigidBodyStates
[Warning] [carb.gym.plugin] Incomplete articulation start index in function setRigidBodyStates
[Warning] [carb.gym.plugin] Incomplete articulation start index in function setRigidBodyStates
[Warning] [carb.gym.plugin] Incomplete articulation end index in function setRigidBodyStates
[Warning] [carb.gym.plugin] Incomplete articulation start index in function setRigidBodyStates
[Warning] [carb.gym.plugin] Incomplete articulation end index in function setRigidBodyStates
[Warning] [carb.gym.plugin] Incomplete articulation start index in function setRigidBodyStates
[Warning] [carb.gym.plugin] Incomplete articulation end index in function setRigidBodyStates
[Warning] [carb.gym.plugin] Incomplete articulation start index in function setRigidBodyStates
[Warning] [carb.gym.plugin] Incomplete articulation end index in function setRigidBodyStates
[Warning] [carb.gym.plugin] Incomplete articulation start index in function setRigidBodyStates
  [Sim]  robot_22_seed1341  steps=4615  fwd=-0.014m  lat=-2.524m  drift=177.03
    [EKF] drift=177.03 > 0.3, trying online correction … Not connected to PVD
+++ Using GPU PhysX
Physics Engine: PhysX
Physics Device: cuda:0
GPU Pipeline: disabled
✓ improved: drift=0.40
  [Plot] Saved → /data/code/yjh/Adaptation/batch_results/20260624_162055/robot_22_seed1341/trajectory.png
  [Sim]  robot_26_seed8376  steps=7560  fwd=+0.349m  lat=-0.003m  drift=0.01
  [Plot] Saved → /data/code/yjh/Adaptation/batch_results/20260624_162055/robot_26_seed8376/trajectory.png
  [Sim]  robot_27_seed2368  steps=7560  fwd=+0.346m  lat=+1.341m  drift=3.88
    [EKF] drift=3.88 > 0.3, trying online correction … Not connected to PVD
+++ Using GPU PhysX
Physics Engine: PhysX
Physics Device: cuda:0
GPU Pipeline: disabled
✓ improved: drift=0.95
  [Plot] Saved → /data/code/yjh/Adaptation/batch_results/20260624_162055/robot_27_seed2368/trajectory.png
  [Sim]  robot_28_seed4531  steps=7560  fwd=-0.590m  lat=+0.352m  drift=0.60
    [EKF] drift=0.60 > 0.3, trying online correction … Not connected to PVD
+++ Using GPU PhysX
Physics Engine: PhysX
Physics Device: cuda:0
GPU Pipeline: disabled
✗ not better: drift=1.38
  [Plot] Saved → /data/code/yjh/Adaptation/batch_results/20260624_162055/robot_28_seed4531/trajectory.png

  [Sub-batch 6/38] robots 20–23
Not connected to PVD
+++ Using GPU PhysX
Physics Engine: PhysX
Physics Device: cuda:0
GPU Pipeline: disabled
Importing module 'gym_38' (/data/code/yjh/isaacgym/python/isaacgym/_bindings/linux-x86_64/gym_38.so)
Setting GYM_USD_PLUG_INFO_PATH to /data/code/yjh/isaacgym/python/isaacgym/_bindings/linux-x86_64/usd/plugInfo.json
    [robot_29_seed9702] P1 yaw=+0.057  fwd=-0.0588  score=-0.0758[YawComp] net_yaw_nominal=0.9059  λ=1.4732  max_adj=0.618
  → stuck, trying [0.982, -0.189]
    [robot_30_seed8543] P1 yaw=+0.044  fwd=-0.0290  score=-0.0422[YawComp] net_yaw_nominal=-0.3033  λ=-0.3798  max_adj=0.208
  → stuck, trying [0.995, 0.1]
    [robot_32_seed9509] P1 yaw=+0.005  fwd=+0.0012  score=-0.0004[YawComp] net_yaw_nominal=-0.8541  λ=-1.1247  max_adj=0.612
  → stuck, trying [1.0, 0.003]
    [robot_33_seed2624] P1 yaw=-0.019  fwd=-0.0396  score=-0.0452[YawComp] net_yaw_nominal=0.2358  λ=0.2596  max_adj=0.133
  → stuck, trying [0.993, -0.116]
    [robot_29_seed9702] R2 yaw=-0.041  fwd=-0.0006  score=-0.0128[YawComp] net_yaw_nominal=-1.1620  λ=-0.3425  max_adj=0.215
  → try [0.189, 0.982]
    [robot_30_seed8543] R2 yaw=+0.026  fwd=-0.0256  score=-0.0335[YawComp] net_yaw_nominal=-0.2143  λ=-0.1900  max_adj=0.097
  → try [0.1, -0.995]
    [robot_32_seed9509] R2 yaw=+0.005  fwd=+0.0339  score=0.0323[YawComp] net_yaw_nominal=-0.2207  λ=-0.0775  max_adj=0.053
  → try [-0.003, 1.0]
    [robot_33_seed2624] R2 yaw=+0.037  fwd=-0.0304  score=-0.0414[YawComp] net_yaw_nominal=-0.6724  λ=-0.2020  max_adj=0.137
  → try [-0.116, -0.993]
    [robot_29_seed9702] R3 yaw=-0.077  fwd=-0.0381  score=-0.0612  → axis [0.982, -0.189]
    [robot_30_seed8543] R3 yaw=+0.082  fwd=-0.0476  score=-0.0721[YawComp] net_yaw_nominal=0.2143  λ=0.1900  max_adj=0.097
  → try [-0.1, 0.995]
    [robot_32_seed9509] R3 yaw=+0.026  fwd=-0.0351  score=-0.0428  → axis [1.0, 0.003]
    [robot_33_seed2624] R3 yaw=+0.023  fwd=-0.0265  score=-0.0333[YawComp] net_yaw_nominal=0.6724  λ=0.2020  max_adj=0.137
  → try [0.116, 0.993]
    [robot_30_seed8543] R4 yaw=-0.032  fwd=-0.0514  score=-0.0611  → axis [0.995, 0.1]
    [robot_33_seed2624] R4 yaw=-0.005  fwd=-0.0036  score=-0.0051  → axis [0.116, 0.993]
[Warning] [carb.gym.plugin] Incomplete articulation end index in function setRigidBodyStates
[Warning] [carb.gym.plugin] Incomplete articulation start index in function setRigidBodyStates
[Warning] [carb.gym.plugin] Incomplete articulation end index in function setRigidBodyStates
[Warning] [carb.gym.plugin] Incomplete articulation start index in function setRigidBodyStates
[Warning] [carb.gym.plugin] Incomplete articulation end index in function setRigidBodyStates
[Warning] [carb.gym.plugin] Incomplete articulation start index in function setRigidBodyStates
[Warning] [carb.gym.plugin] Incomplete articulation end index in function setRigidBodyStates
[Warning] [carb.gym.plugin] Incomplete articulation start index in function setRigidBodyStates
[Warning] [carb.gym.plugin] Incomplete articulation end index in function setRigidBodyStates
[Warning] [carb.gym.plugin] Incomplete articulation start index in function setRigidBodyStates
[Warning] [carb.gym.plugin] Incomplete articulation end index in function setRigidBodyStates
[Warning] [carb.gym.plugin] Incomplete articulation start index in function setRigidBodyStates
[Warning] [carb.gym.plugin] Incomplete articulation end index in function setRigidBodyStates
[Warning] [carb.gym.plugin] Incomplete articulation start index in function setRigidBodyStates
[Warning] [carb.gym.plugin] Incomplete articulation end index in function setRigidBodyStates
[Warning] [carb.gym.plugin] Incomplete articulation start index in function setRigidBodyStates
[Warning] [carb.gym.plugin] Incomplete articulation end index in function setRigidBodyStates
[Warning] [carb.gym.plugin] Incomplete articulation start index in function setRigidBodyStates
[Warning] [carb.gym.plugin] Incomplete articulation start index in function setRigidBodyStates
[Warning] [carb.gym.plugin] Incomplete articulation end index in function setRigidBodyStates
[Warning] [carb.gym.plugin] Incomplete articulation start index in function setRigidBodyStates
[Warning] [carb.gym.plugin] Incomplete articulation end index in function setRigidBodyStates
[Warning] [carb.gym.plugin] Incomplete articulation start index in function setRigidBodyStates
[Warning] [carb.gym.plugin] Incomplete articulation end index in function setRigidBodyStates
[Warning] [carb.gym.plugin] Incomplete articulation start index in function setRigidBodyStates
[Warning] [carb.gym.plugin] Incomplete articulation end index in function setRigidBodyStates
[Warning] [carb.gym.plugin] Incomplete articulation start index in function setRigidBodyStates
  [Sim]  robot_29_seed9702  steps=7560  fwd=+0.180m  lat=+0.479m  drift=2.66
    [EKF] drift=2.66 > 0.3, trying online correction … Not connected to PVD
+++ Using GPU PhysX
Physics Engine: PhysX
Physics Device: cuda:0
GPU Pipeline: disabled
✓ improved: drift=0.37
  [Plot] Saved → /data/code/yjh/Adaptation/batch_results/20260624_162055/robot_29_seed9702/trajectory.png
  [Sim]  robot_30_seed8543  steps=7560  fwd=-0.406m  lat=+0.490m  drift=1.21
    [EKF] drift=1.21 > 0.3, trying online correction … Not connected to PVD
+++ Using GPU PhysX
Physics Engine: PhysX
Physics Device: cuda:0
GPU Pipeline: disabled
✓ improved: drift=0.96
  [Plot] Saved → /data/code/yjh/Adaptation/batch_results/20260624_162055/robot_30_seed8543/trajectory.png
  [Sim]  robot_32_seed9509  steps=7560  fwd=+0.128m  lat=-0.213m  drift=1.66
    [EKF] drift=1.66 > 0.3, trying online correction … Not connected to PVD
+++ Using GPU PhysX
Physics Engine: PhysX
Physics Device: cuda:0
GPU Pipeline: disabled
✓ improved: drift=0.49
  [Plot] Saved → /data/code/yjh/Adaptation/batch_results/20260624_162055/robot_32_seed9509/trajectory.png
  [Sim]  robot_33_seed2624  steps=7560  fwd=-0.858m  lat=+0.647m  drift=0.75
    [EKF] drift=0.75 > 0.3, trying online correction … Not connected to PVD
+++ Using GPU PhysX
Physics Engine: PhysX
Physics Device: cuda:0
GPU Pipeline: disabled
✗ not better: drift=1.55
  [Plot] Saved → /data/code/yjh/Adaptation/batch_results/20260624_162055/robot_33_seed2624/trajectory.png

  [Sub-batch 7/38] robots 24–27
Not connected to PVD
+++ Using GPU PhysX
Physics Engine: PhysX
Physics Device: cuda:0
GPU Pipeline: disabled
Importing module 'gym_38' (/data/code/yjh/isaacgym/python/isaacgym/_bindings/linux-x86_64/gym_38.so)
Setting GYM_USD_PLUG_INFO_PATH to /data/code/yjh/isaacgym/python/isaacgym/_bindings/linux-x86_64/usd/plugInfo.json
    [robot_34_seed5760] P1 yaw=+0.042  fwd=-0.0357  score=-0.0483[YawComp] net_yaw_nominal=-0.0755  λ=-0.0600  max_adj=0.027
  → stuck, trying [0.811, -0.586]
    [robot_35_seed1693] P1 yaw=+0.002  fwd=-0.0962  score=-0.0969[YawComp] net_yaw_nominal=0.1072  λ=0.1742  max_adj=0.073
  → stuck, trying [0.914, -0.405]
    [robot_37_seed5523] P1 yaw=-0.007  fwd=-0.0058  score=-0.0080[YawComp] net_yaw_nominal=-0.8655  λ=-1.0352  max_adj=0.525
  → stuck, trying [0.584, -0.812]
    [robot_38_seed5580] P1 yaw=+0.027  fwd=-0.0530  score=-0.0609[YawComp] net_yaw_nominal=-0.5552  λ=-0.8577  max_adj=0.404
  → stuck, trying [0.938, 0.346]
    [robot_34_seed5760] R2 yaw=+0.050  fwd=-0.0186  score=-0.0335[YawComp] net_yaw_nominal=-0.6919  λ=-0.1829  max_adj=0.118
  → try [-0.586, -0.811]
    [robot_35_seed1693] R2 yaw=-0.036  fwd=+0.0129  score=0.0020[YawComp] net_yaw_nominal=0.7336  λ=0.7628  max_adj=0.445
  → try [-0.405, -0.914]
    [robot_37_seed5523] R2 yaw=-0.012  fwd=-0.0019  score=-0.0054[YawComp] net_yaw_nominal=-0.0804  λ=-0.0565  max_adj=0.034
  → try [0.812, 0.584]
    [robot_38_seed5580] R2 yaw=-0.096  fwd=-0.0181  score=-0.0471[YawComp] net_yaw_nominal=0.9235  λ=0.6186  max_adj=0.331
  → try [0.346, -0.938]
    [robot_34_seed5760] R3 yaw=-0.016  fwd=-0.0166  score=-0.0216[YawComp] net_yaw_nominal=0.6919  λ=0.1829  max_adj=0.118
  → try [0.586, 0.811]
    [robot_35_seed1693] R3 yaw=+0.017  fwd=+0.0059  score=0.0008[YawComp] net_yaw_nominal=-0.7336  λ=-0.7628  max_adj=0.445
  → try [0.405, 0.914]
    [robot_37_seed5523] R3 yaw=-0.009  fwd=+0.0054  score=0.0027  → axis [0.812, 0.584]
    [robot_38_seed5580] R3 yaw=-0.109  fwd=+0.0139  score=-0.0187[YawComp] net_yaw_nominal=-0.9235  λ=-0.6186  max_adj=0.331
  → try [-0.346, 0.938]
    [robot_34_seed5760] R4 yaw=+0.009  fwd=-0.0225  score=-0.0252  → axis [-0.586, -0.811]
    [robot_35_seed1693] R4 yaw=+0.042  fwd=-0.0065  score=-0.0191  → axis [0.914, -0.405]
    [robot_38_seed5580] R4 yaw=-0.090  fwd=-0.0182  score=-0.0451  → axis [0.346, -0.938]
[Warning] [carb.gym.plugin] Incomplete articulation end index in function setRigidBodyStates
[Warning] [carb.gym.plugin] Incomplete articulation start index in function setRigidBodyStates
[Warning] [carb.gym.plugin] Incomplete articulation end index in function setRigidBodyStates
[Warning] [carb.gym.plugin] Incomplete articulation start index in function setRigidBodyStates
[Warning] [carb.gym.plugin] Incomplete articulation end index in function setRigidBodyStates
[Warning] [carb.gym.plugin] Incomplete articulation start index in function setRigidBodyStates
[Warning] [carb.gym.plugin] Incomplete articulation end index in function setRigidBodyStates
[Warning] [carb.gym.plugin] Incomplete articulation start index in function setRigidBodyStates
[Warning] [carb.gym.plugin] Incomplete articulation end index in function setRigidBodyStates
[Warning] [carb.gym.plugin] Incomplete articulation start index in function setRigidBodyStates
[Warning] [carb.gym.plugin] Incomplete articulation end index in function setRigidBodyStates
[Warning] [carb.gym.plugin] Incomplete articulation start index in function setRigidBodyStates
[Warning] [carb.gym.plugin] Incomplete articulation end index in function setRigidBodyStates
[Warning] [carb.gym.plugin] Incomplete articulation start index in function setRigidBodyStates
[Warning] [carb.gym.plugin] Incomplete articulation end index in function setRigidBodyStates
[Warning] [carb.gym.plugin] Incomplete articulation start index in function setRigidBodyStates
[Warning] [carb.gym.plugin] Incomplete articulation end index in function setRigidBodyStates
[Warning] [carb.gym.plugin] Incomplete articulation start index in function setRigidBodyStates
[Warning] [carb.gym.plugin] Incomplete articulation end index in function setRigidBodyStates
[Warning] [carb.gym.plugin] Incomplete articulation start index in function setRigidBodyStates
[Warning] [carb.gym.plugin] Incomplete articulation end index in function setRigidBodyStates
[Warning] [carb.gym.plugin] Incomplete articulation start index in function setRigidBodyStates
[Warning] [carb.gym.plugin] Incomplete articulation end index in function setRigidBodyStates
[Warning] [carb.gym.plugin] Incomplete articulation start index in function setRigidBodyStates
[Warning] [carb.gym.plugin] Incomplete articulation end index in function setRigidBodyStates
[Warning] [carb.gym.plugin] Incomplete articulation start index in function setRigidBodyStates
[Warning] [carb.gym.plugin] Incomplete articulation end index in function setRigidBodyStates
[Warning] [carb.gym.plugin] Incomplete articulation start index in function setRigidBodyStates
  [Sim]  robot_34_seed5760  steps=5779  fwd=+2.132m  lat=+0.526m  drift=0.25
  [Plot] Saved → /data/code/yjh/Adaptation/batch_results/20260624_162055/robot_34_seed5760/trajectory.png
  [Sim]  robot_35_seed1693  steps=7560  fwd=+0.019m  lat=-0.039m  drift=2.09
    [EKF] drift=2.09 > 0.3, trying online correction … Not connected to PVD
+++ Using GPU PhysX
Physics Engine: PhysX
Physics Device: cuda:0
GPU Pipeline: disabled
✗ not better: drift=3.31
  [Plot] Saved → /data/code/yjh/Adaptation/batch_results/20260624_162055/robot_35_seed1693/trajectory.png
  [Sim]  robot_37_seed5523  steps=7560  fwd=+0.339m  lat=+0.868m  drift=2.56
    [EKF] drift=2.56 > 0.3, trying online correction … Not connected to PVD
+++ Using GPU PhysX
Physics Engine: PhysX
Physics Device: cuda:0
GPU Pipeline: disabled
✓ improved: drift=2.17
  [Plot] Saved → /data/code/yjh/Adaptation/batch_results/20260624_162055/robot_37_seed5523/trajectory.png
  [Sim]  robot_38_seed5580  steps=7560  fwd=+0.113m  lat=-0.111m  drift=0.99
    [EKF] drift=0.99 > 0.3, trying online correction … Not connected to PVD
+++ Using GPU PhysX
Physics Engine: PhysX
Physics Device: cuda:0
GPU Pipeline: disabled
✗ not better: drift=2.22
  [Plot] Saved → /data/code/yjh/Adaptation/batch_results/20260624_162055/robot_38_seed5580/trajectory.png

  [Sub-batch 8/38] robots 28–31
Not connected to PVD
+++ Using GPU PhysX
Physics Engine: PhysX
Physics Device: cuda:0
GPU Pipeline: disabled
Importing module 'gym_38' (/data/code/yjh/isaacgym/python/isaacgym/_bindings/linux-x86_64/gym_38.so)
Setting GYM_USD_PLUG_INFO_PATH to /data/code/yjh/isaacgym/python/isaacgym/_bindings/linux-x86_64/usd/plugInfo.json
    [robot_39_seed9782] P1 yaw=-0.011  fwd=-0.1241  score=-0.1275[YawComp] net_yaw_nominal=1.0782  λ=1.1627  max_adj=0.439
  → stuck, trying [0.999, 0.048]
    [robot_40_seed1144] P1 yaw=+0.015  fwd=+0.0071  score=0.0026  → OK
    [robot_41_seed3749] P1 yaw=-0.034  fwd=-0.0250  score=-0.0352[YawComp] net_yaw_nominal=-0.3779  λ=-0.9520  max_adj=0.364
  → stuck, trying [1.0, 0.015]
    [robot_42_seed9403] P1 yaw=+0.004  fwd=-0.0659  score=-0.0670[YawComp] net_yaw_nominal=-0.3473  λ=-0.2594  max_adj=0.125
  → stuck, trying [0.982, 0.19]
    [robot_39_seed9782] R2 yaw=+0.020  fwd=-0.0007  score=-0.0066[YawComp] net_yaw_nominal=-0.6855  λ=-0.1465  max_adj=0.106
  → try [-0.048, 0.999]
    [robot_41_seed3749] R2 yaw=-0.073  fwd=-0.0204  score=-0.0424[YawComp] net_yaw_nominal=-1.4022  λ=-0.3980  max_adj=0.307
  → try [0.015, -1.0]
    [robot_42_seed9403] R2 yaw=+0.048  fwd=+0.0336  score=0.0192[YawComp] net_yaw_nominal=2.0512  λ=0.9707  max_adj=0.608
  → try [0.19, -0.982]
    [robot_39_seed9782] R3 yaw=-0.037  fwd=-0.0410  score=-0.0520  → axis [0.999, 0.048]
    [robot_41_seed3749] R3 yaw=+0.039  fwd=-0.0442  score=-0.0560[YawComp] net_yaw_nominal=1.4022  λ=0.3980  max_adj=0.307
  → try [-0.015, 1.0]
    [robot_42_seed9403] R3 yaw=+0.019  fwd=+0.0032  score=-0.0025[YawComp] net_yaw_nominal=-2.0512  λ=-0.9707  max_adj=0.608
  → try [-0.19, 0.982]
    [robot_41_seed3749] R4 yaw=-0.074  fwd=-0.0588  score=-0.0811  → axis [-1.0, -0.015]
    [robot_42_seed9403] R4 yaw=+0.001  fwd=-0.0055  score=-0.0059  → axis [0.982, 0.19]
[Warning] [carb.gym.plugin] Incomplete articulation end index in function setRigidBodyStates
[Warning] [carb.gym.plugin] Incomplete articulation start index in function setRigidBodyStates
[Warning] [carb.gym.plugin] Incomplete articulation end index in function setRigidBodyStates
[Warning] [carb.gym.plugin] Incomplete articulation start index in function setRigidBodyStates
[Warning] [carb.gym.plugin] Incomplete articulation end index in function setRigidBodyStates
[Warning] [carb.gym.plugin] Incomplete articulation start index in function setRigidBodyStates
[Warning] [carb.gym.plugin] Incomplete articulation end index in function setRigidBodyStates
[Warning] [carb.gym.plugin] Incomplete articulation start index in function setRigidBodyStates
[Warning] [carb.gym.plugin] Incomplete articulation end index in function setRigidBodyStates
[Warning] [carb.gym.plugin] Incomplete articulation start index in function setRigidBodyStates
[Warning] [carb.gym.plugin] Incomplete articulation end index in function setRigidBodyStates
[Warning] [carb.gym.plugin] Incomplete articulation start index in function setRigidBodyStates
[Warning] [carb.gym.plugin] Incomplete articulation end index in function setRigidBodyStates
[Warning] [carb.gym.plugin] Incomplete articulation start index in function setRigidBodyStates
[Warning] [carb.gym.plugin] Incomplete articulation start index in function setRigidBodyStates
[Warning] [carb.gym.plugin] Incomplete articulation end index in function setRigidBodyStates
[Warning] [carb.gym.plugin] Incomplete articulation start index in function setRigidBodyStates
[Warning] [carb.gym.plugin] Incomplete articulation end index in function setRigidBodyStates
[Warning] [carb.gym.plugin] Incomplete articulation start index in function setRigidBodyStates
[Warning] [carb.gym.plugin] Incomplete articulation end index in function setRigidBodyStates
[Warning] [carb.gym.plugin] Incomplete articulation start index in function setRigidBodyStates
[Warning] [carb.gym.plugin] Incomplete articulation end index in function setRigidBodyStates
[Warning] [carb.gym.plugin] Incomplete articulation start index in function setRigidBodyStates
  [Sim]  robot_39_seed9782  steps=7560  fwd=-0.569m  lat=+0.846m  drift=1.49
    [EKF] drift=1.49 > 0.3, trying online correction … Not connected to PVD
+++ Using GPU PhysX
Physics Engine: PhysX
Physics Device: cuda:0
GPU Pipeline: disabled
✓ improved: drift=0.68
  [Plot] Saved → /data/code/yjh/Adaptation/batch_results/20260624_162055/robot_39_seed9782/trajectory.png
  [Sim]  robot_40_seed1144  steps=7560  fwd=+0.009m  lat=+0.447m  drift=44.75
    [EKF] drift=44.75 > 0.3, trying online correction … Not connected to PVD
+++ Using GPU PhysX
Physics Engine: PhysX
Physics Device: cuda:0
GPU Pipeline: disabled
✓ improved: drift=1.44
  [Plot] Saved → /data/code/yjh/Adaptation/batch_results/20260624_162055/robot_40_seed1144/trajectory.png
  [Sim]  robot_41_seed3749  steps=7560  fwd=+1.188m  lat=-0.772m  drift=0.65
    [EKF] drift=0.65 > 0.3, trying online correction … Not connected to PVD
+++ Using GPU PhysX
Physics Engine: PhysX
Physics Device: cuda:0
GPU Pipeline: disabled
✗ not better: drift=0.67
  [Plot] Saved → /data/code/yjh/Adaptation/batch_results/20260624_162055/robot_41_seed3749/trajectory.png
  [Sim]  robot_42_seed9403  steps=7560  fwd=+0.232m  lat=-0.159m  drift=0.68
    [EKF] drift=0.68 > 0.3, trying online correction … Not connected to PVD
+++ Using GPU PhysX
Physics Engine: PhysX
Physics Device: cuda:0
GPU Pipeline: disabled
✓ improved: drift=0.28
  [Plot] Saved → /data/code/yjh/Adaptation/batch_results/20260624_162055/robot_42_seed9403/trajectory.png

  [Sub-batch 9/38] robots 32–35
Not connected to PVD
+++ Using GPU PhysX
Physics Engine: PhysX
Physics Device: cuda:0
GPU Pipeline: disabled
Importing module 'gym_38' (/data/code/yjh/isaacgym/python/isaacgym/_bindings/linux-x86_64/gym_38.so)
Setting GYM_USD_PLUG_INFO_PATH to /data/code/yjh/isaacgym/python/isaacgym/_bindings/linux-x86_64/usd/plugInfo.json
    [robot_43_seed5241] P1 yaw=+0.016  fwd=-0.0785  score=-0.0834[YawComp] net_yaw_nominal=1.1016  λ=1.1214  max_adj=0.589
  → stuck, trying [0.997, -0.078]
    [robot_44_seed467] P1 yaw=-0.113  fwd=-0.0769  score=-0.1107[YawComp] net_yaw_nominal=0.3191  λ=0.6200  max_adj=0.264
  → stuck, trying [0.868, -0.496]
    [robot_46_seed102] P1 yaw=+0.008  fwd=-0.0025  score=-0.0049[YawComp] net_yaw_nominal=0.9529  λ=1.2686  max_adj=0.585
  → stuck, trying [1.0, 0.011]
    [robot_47_seed7793] P1 yaw=-0.035  fwd=-0.1177  score=-0.1282[YawComp] net_yaw_nominal=0.1411  λ=1.1492  max_adj=0.213
  → stuck, trying [0.992, -0.125]
    [robot_43_seed5241] R2 yaw=+0.015  fwd=-0.0068  score=-0.0112[YawComp] net_yaw_nominal=-0.4746  λ=-0.1246  max_adj=0.089
  → try [0.078, 0.997]
    [robot_44_seed467] R2 yaw=+0.034  fwd=-0.0371  score=-0.0473[YawComp] net_yaw_nominal=-0.1333  λ=-0.0606  max_adj=0.040
  → try [0.496, 0.868]
    [robot_46_seed102] R2 yaw=+0.013  fwd=+0.0021  score=-0.0018[YawComp] net_yaw_nominal=1.2357  λ=0.4362  max_adj=0.264
  → try [0.011, -1.0]
    [robot_47_seed7793] R2 yaw=-0.011  fwd=-0.0091  score=-0.0123[YawComp] net_yaw_nominal=-0.3967  λ=-0.1093  max_adj=0.066
  → try [0.125, 0.992]
    [robot_43_seed5241] R3 yaw=+0.014  fwd=-0.0050  score=-0.0093  → axis [0.078, 0.997]
    [robot_44_seed467] R3 yaw=+0.003  fwd=-0.0705  score=-0.0715  → axis [0.868, -0.496]
    [robot_46_seed102] R3 yaw=+0.012  fwd=-0.0178  score=-0.0215[YawComp] net_yaw_nominal=-1.2357  λ=-0.4362  max_adj=0.264
  → try [-0.011, 1.0]
    [robot_47_seed7793] R3 yaw=-0.088  fwd=-0.0226  score=-0.0490  → axis [0.992, -0.125]
    [robot_46_seed102] R4 yaw=+0.014  fwd=+0.0059  score=0.0018  → axis [-0.011, 1.0]
[Warning] [carb.gym.plugin] Incomplete articulation end index in function setRigidBodyStates
[Warning] [carb.gym.plugin] Incomplete articulation start index in function setRigidBodyStates
[Warning] [carb.gym.plugin] Incomplete articulation end index in function setRigidBodyStates
[Warning] [carb.gym.plugin] Incomplete articulation start index in function setRigidBodyStates
[Warning] [carb.gym.plugin] Incomplete articulation end index in function setRigidBodyStates
[Warning] [carb.gym.plugin] Incomplete articulation start index in function setRigidBodyStates
[Warning] [carb.gym.plugin] Incomplete articulation end index in function setRigidBodyStates
[Warning] [carb.gym.plugin] Incomplete articulation start index in function setRigidBodyStates
[Warning] [carb.gym.plugin] Incomplete articulation end index in function setRigidBodyStates
[Warning] [carb.gym.plugin] Incomplete articulation start index in function setRigidBodyStates
[Warning] [carb.gym.plugin] Incomplete articulation end index in function setRigidBodyStates
[Warning] [carb.gym.plugin] Incomplete articulation start index in function setRigidBodyStates
[Warning] [carb.gym.plugin] Incomplete articulation end index in function setRigidBodyStates
[Warning] [carb.gym.plugin] Incomplete articulation start index in function setRigidBodyStates
[Warning] [carb.gym.plugin] Incomplete articulation end index in function setRigidBodyStates
[Warning] [carb.gym.plugin] Incomplete articulation start index in function setRigidBodyStates
[Warning] [carb.gym.plugin] Incomplete articulation end index in function setRigidBodyStates
[Warning] [carb.gym.plugin] Incomplete articulation start index in function setRigidBodyStates
[Warning] [carb.gym.plugin] Incomplete articulation start index in function setRigidBodyStates
[Warning] [carb.gym.plugin] Incomplete articulation end index in function setRigidBodyStates
[Warning] [carb.gym.plugin] Incomplete articulation end index in function setRigidBodyStates
[Warning] [carb.gym.plugin] Incomplete articulation start index in function setRigidBodyStates
[Warning] [carb.gym.plugin] Incomplete articulation end index in function setRigidBodyStates
[Warning] [carb.gym.plugin] Incomplete articulation start index in function setRigidBodyStates
[Warning] [carb.gym.plugin] Incomplete articulation end index in function setRigidBodyStates
[Warning] [carb.gym.plugin] Incomplete articulation start index in function setRigidBodyStates
  [Sim]  robot_43_seed5241  steps=7560  fwd=-1.416m  lat=+0.985m  drift=0.70
    [EKF] drift=0.70 > 0.3, trying online correction … Not connected to PVD
+++ Using GPU PhysX
Physics Engine: PhysX
Physics Device: cuda:0
GPU Pipeline: disabled
✗ not better: drift=2.65
  [Plot] Saved → /data/code/yjh/Adaptation/batch_results/20260624_162055/robot_43_seed5241/trajectory.png
  [Sim]  robot_44_seed467  steps=2428  fwd=+0.220m  lat=-2.443m  drift=11.10
    [EKF] drift=11.10 > 0.3, trying online correction … Not connected to PVD
+++ Using GPU PhysX
Physics Engine: PhysX
Physics Device: cuda:0
GPU Pipeline: disabled
✓ improved: drift=0.08
  [Plot] Saved → /data/code/yjh/Adaptation/batch_results/20260624_162055/robot_44_seed467/trajectory.png
  [Sim]  robot_46_seed102  steps=7560  fwd=-0.123m  lat=-0.772m  drift=6.27
    [EKF] drift=6.27 > 0.3, trying online correction … Not connected to PVD
+++ Using GPU PhysX
Physics Engine: PhysX
Physics Device: cuda:0
GPU Pipeline: disabled
✗ not better: drift=7.79
  [Plot] Saved → /data/code/yjh/Adaptation/batch_results/20260624_162055/robot_46_seed102/trajectory.png
  [Sim]  robot_47_seed7793  steps=7560  fwd=-0.304m  lat=+0.749m  drift=2.46
    [EKF] drift=2.46 > 0.3, trying online correction … Not connected to PVD
+++ Using GPU PhysX
Physics Engine: PhysX
Physics Device: cuda:0
GPU Pipeline: disabled
✓ improved: drift=0.22
  [Plot] Saved → /data/code/yjh/Adaptation/batch_results/20260624_162055/robot_47_seed7793/trajectory.png

  [Sub-batch 10/38] robots 36–39
Not connected to PVD
+++ Using GPU PhysX
Physics Engine: PhysX
Physics Device: cuda:0
GPU Pipeline: disabled
Importing module 'gym_38' (/data/code/yjh/isaacgym/python/isaacgym/_bindings/linux-x86_64/gym_38.so)
Setting GYM_USD_PLUG_INFO_PATH to /data/code/yjh/isaacgym/python/isaacgym/_bindings/linux-x86_64/usd/plugInfo.json
    [robot_48_seed8459] P1 yaw=+0.016  fwd=-0.0126  score=-0.0174[YawComp] net_yaw_nominal=0.5638  λ=1.0603  max_adj=0.351
  → stuck, trying [0.997, -0.08]
    [robot_50_seed7108] P1 yaw=+0.068  fwd=-0.0280  score=-0.0486[YawComp] net_yaw_nominal=-0.9055  λ=-1.0205  max_adj=0.488
  → stuck, trying [0.998, -0.068]
    [robot_51_seed7297] P1 yaw=+0.032  fwd=-0.0231  score=-0.0327[YawComp] net_yaw_nominal=0.6517  λ=0.4400  max_adj=0.225
  → stuck, trying [0.752, -0.659]
    [robot_52_seed7880] P1 yaw=-0.021  fwd=-0.0237  score=-0.0301[YawComp] net_yaw_nominal=-0.0008  λ=-0.0009  max_adj=0.000
  → stuck, trying [0.994, -0.112]
    [robot_48_seed8459] R2 yaw=-0.008  fwd=+0.0025  score=0.0002[YawComp] net_yaw_nominal=-0.5010  λ=-0.1552  max_adj=0.124
  → try [-0.08, -0.997]
    [robot_50_seed7108] R2 yaw=+0.073  fwd=-0.0260  score=-0.0479[YawComp] net_yaw_nominal=1.3613  λ=0.3755  max_adj=0.273
  → try [-0.068, -0.998]
    [robot_51_seed7297] R2 yaw=+0.007  fwd=-0.0187  score=-0.0208[YawComp] net_yaw_nominal=-0.0384  λ=-0.0171  max_adj=0.009
  → try [0.659, 0.752]
    [robot_52_seed7880] R2 yaw=-0.016  fwd=-0.0488  score=-0.0537[YawComp] net_yaw_nominal=-0.1244  λ=-0.0750  max_adj=0.048
  → try [-0.112, -0.994]
    [robot_48_seed8459] R3 yaw=+0.055  fwd=-0.0018  score=-0.0182[YawComp] net_yaw_nominal=0.5010  λ=0.1552  max_adj=0.124
  → try [0.08, 0.997]
    [robot_50_seed7108] R3 yaw=+0.058  fwd=-0.0243  score=-0.0415[YawComp] net_yaw_nominal=-1.3613  λ=-0.3755  max_adj=0.273
  → try [0.068, 0.998]
    [robot_51_seed7297] R3 yaw=-0.005  fwd=-0.0285  score=-0.0300  → axis [0.752, -0.659]
    [robot_52_seed7880] R3 yaw=+0.017  fwd=-0.0135  score=-0.0187[YawComp] net_yaw_nominal=0.1244  λ=0.0750  max_adj=0.048
  → try [0.112, 0.994]
    [robot_48_seed8459] R4 yaw=-0.034  fwd=-0.0270  score=-0.0372  → axis [0.997, -0.08]
    [robot_50_seed7108] R4 yaw=+0.098  fwd=-0.0261  score=-0.0555  → axis [-0.068, -0.998]
    [robot_52_seed7880] R4 yaw=-0.011  fwd=-0.0020  score=-0.0052  → axis [0.112, 0.994]
[Warning] [carb.gym.plugin] Incomplete articulation end index in function setRigidBodyStates
[Warning] [carb.gym.plugin] Incomplete articulation start index in function setRigidBodyStates
[Warning] [carb.gym.plugin] Incomplete articulation end index in function setRigidBodyStates
[Warning] [carb.gym.plugin] Incomplete articulation start index in function setRigidBodyStates
[Warning] [carb.gym.plugin] Incomplete articulation end index in function setRigidBodyStates
[Warning] [carb.gym.plugin] Incomplete articulation start index in function setRigidBodyStates
[Warning] [carb.gym.plugin] Incomplete articulation end index in function setRigidBodyStates
[Warning] [carb.gym.plugin] Incomplete articulation start index in function setRigidBodyStates
[Warning] [carb.gym.plugin] Incomplete articulation end index in function setRigidBodyStates
[Warning] [carb.gym.plugin] Incomplete articulation start index in function setRigidBodyStates
[Warning] [carb.gym.plugin] Incomplete articulation end index in function setRigidBodyStates
[Warning] [carb.gym.plugin] Incomplete articulation start index in function setRigidBodyStates
[Warning] [carb.gym.plugin] Incomplete articulation end index in function setRigidBodyStates
[Warning] [carb.gym.plugin] Incomplete articulation start index in function setRigidBodyStates
[Warning] [carb.gym.plugin] Incomplete articulation end index in function setRigidBodyStates
[Warning] [carb.gym.plugin] Incomplete articulation start index in function setRigidBodyStates
[Warning] [carb.gym.plugin] Incomplete articulation end index in function setRigidBodyStates
[Warning] [carb.gym.plugin] Incomplete articulation start index in function setRigidBodyStates
[Warning] [carb.gym.plugin] Incomplete articulation end index in function setRigidBodyStates
[Warning] [carb.gym.plugin] Incomplete articulation start index in function setRigidBodyStates
[Warning] [carb.gym.plugin] Incomplete articulation end index in function setRigidBodyStates
[Warning] [carb.gym.plugin] Incomplete articulation start index in function setRigidBodyStates
[Warning] [carb.gym.plugin] Incomplete articulation end index in function setRigidBodyStates
[Warning] [carb.gym.plugin] Incomplete articulation start index in function setRigidBodyStates
[Warning] [carb.gym.plugin] Incomplete articulation end index in function setRigidBodyStates
[Warning] [carb.gym.plugin] Incomplete articulation start index in function setRigidBodyStates
[Warning] [carb.gym.plugin] Incomplete articulation end index in function setRigidBodyStates
[Warning] [carb.gym.plugin] Incomplete articulation start index in function setRigidBodyStates
  [Sim]  robot_48_seed8459  steps=7560  fwd=-2.244m  lat=+1.092m  drift=0.49
    [EKF] drift=0.49 > 0.3, trying online correction … Not connected to PVD
+++ Using GPU PhysX
Physics Engine: PhysX
Physics Device: cuda:0
GPU Pipeline: disabled
✗ not better: drift=2.13
  [Plot] Saved → /data/code/yjh/Adaptation/batch_results/20260624_162055/robot_48_seed8459/trajectory.png
  [Sim]  robot_50_seed7108  steps=7560  fwd=-0.364m  lat=-0.070m  drift=0.19
  [Plot] Saved → /data/code/yjh/Adaptation/batch_results/20260624_162055/robot_50_seed7108/trajectory.png
  [Sim]  robot_51_seed7297  steps=7560  fwd=-3.786m  lat=-1.622m  drift=0.43
    [EKF] drift=0.43 > 0.3, trying online correction … Not connected to PVD
+++ Using GPU PhysX
Physics Engine: PhysX
Physics Device: cuda:0
GPU Pipeline: disabled
✗ not better: drift=0.68
  [Plot] Saved → /data/code/yjh/Adaptation/batch_results/20260624_162055/robot_51_seed7297/trajectory.png
  [Sim]  robot_52_seed7880  steps=7560  fwd=-0.895m  lat=+0.606m  drift=0.68
    [EKF] drift=0.68 > 0.3, trying online correction … Not connected to PVD
+++ Using GPU PhysX
Physics Engine: PhysX
Physics Device: cuda:0
GPU Pipeline: disabled
✗ not better: drift=1.99
  [Plot] Saved → /data/code/yjh/Adaptation/batch_results/20260624_162055/robot_52_seed7880/trajectory.png

  [Sub-batch 11/38] robots 40–43
Not connected to PVD
+++ Using GPU PhysX
Physics Engine: PhysX
Physics Device: cuda:0
GPU Pipeline: disabled
Importing module 'gym_38' (/data/code/yjh/isaacgym/python/isaacgym/_bindings/linux-x86_64/gym_38.so)
Setting GYM_USD_PLUG_INFO_PATH to /data/code/yjh/isaacgym/python/isaacgym/_bindings/linux-x86_64/usd/plugInfo.json
    [robot_53_seed5145] P1 yaw=-0.062  fwd=-0.0245  score=-0.0432[YawComp] net_yaw_nominal=-0.1945  λ=-0.1122  max_adj=0.065
  → stuck, trying [0.988, 0.154]
    [robot_54_seed3316] P1 yaw=+0.009  fwd=+0.0590  score=0.0563  → OK
    [robot_56_seed1833] P1 yaw=-0.047  fwd=-0.0318  score=-0.0459[YawComp] net_yaw_nominal=-0.0666  λ=-0.0511  max_adj=0.027
  → stuck, trying [0.963, -0.268]
    [robot_57_seed3893] P1 yaw=-0.014  fwd=-0.0539  score=-0.0581[YawComp] net_yaw_nominal=0.7821  λ=0.4775  max_adj=0.265
  → stuck, trying [0.999, -0.049]
    [robot_53_seed5145] R2 yaw=+0.045  fwd=-0.0329  score=-0.0463[YawComp] net_yaw_nominal=-1.4722  λ=-0.8722  max_adj=0.505
  → try [0.154, -0.988]
    [robot_56_seed1833] R2 yaw=-0.015  fwd=-0.0256  score=-0.0300[YawComp] net_yaw_nominal=1.0531  λ=0.3210  max_adj=0.237
  → try [0.268, 0.963]
    [robot_57_seed3893] R2 yaw=+0.003  fwd=-0.0184  score=-0.0193[YawComp] net_yaw_nominal=1.9002  λ=0.5956  max_adj=0.354
  → try [-0.049, -0.999]
    [robot_53_seed5145] R3 yaw=+0.016  fwd=-0.0137  score=-0.0184[YawComp] net_yaw_nominal=1.4722  λ=0.8722  max_adj=0.505
  → try [-0.154, 0.988]
    [robot_56_seed1833] R3 yaw=-0.001  fwd=-0.0365  score=-0.0369  → axis [0.963, -0.268]
    [robot_57_seed3893] R3 yaw=+0.018  fwd=-0.0275  score=-0.0329[YawComp] net_yaw_nominal=-1.9002  λ=-0.5956  max_adj=0.354
  → try [0.049, 0.999]
    [robot_53_seed5145] R4 yaw=-0.037  fwd=-0.0086  score=-0.0197  → axis [0.154, -0.988]
    [robot_57_seed3893] R4 yaw=-0.046  fwd=-0.0226  score=-0.0365  → axis [0.999, -0.049]
[Warning] [carb.gym.plugin] Incomplete articulation end index in function setRigidBodyStates
[Warning] [carb.gym.plugin] Incomplete articulation start index in function setRigidBodyStates
[Warning] [carb.gym.plugin] Incomplete articulation end index in function setRigidBodyStates
[Warning] [carb.gym.plugin] Incomplete articulation start index in function setRigidBodyStates
[Warning] [carb.gym.plugin] Incomplete articulation end index in function setRigidBodyStates
[Warning] [carb.gym.plugin] Incomplete articulation start index in function setRigidBodyStates
[Warning] [carb.gym.plugin] Incomplete articulation end index in function setRigidBodyStates
[Warning] [carb.gym.plugin] Incomplete articulation start index in function setRigidBodyStates
[Warning] [carb.gym.plugin] Incomplete articulation end index in function setRigidBodyStates
[Warning] [carb.gym.plugin] Incomplete articulation start index in function setRigidBodyStates
[Warning] [carb.gym.plugin] Incomplete articulation end index in function setRigidBodyStates
[Warning] [carb.gym.plugin] Incomplete articulation start index in function setRigidBodyStates
[Warning] [carb.gym.plugin] Incomplete articulation end index in function setRigidBodyStates
[Warning] [carb.gym.plugin] Incomplete articulation start index in function setRigidBodyStates
[Warning] [carb.gym.plugin] Incomplete articulation end index in function setRigidBodyStates
[Warning] [carb.gym.plugin] Incomplete articulation start index in function setRigidBodyStates
[Warning] [carb.gym.plugin] Incomplete articulation end index in function setRigidBodyStates
[Warning] [carb.gym.plugin] Incomplete articulation start index in function setRigidBodyStates
[Warning] [carb.gym.plugin] Incomplete articulation end index in function setRigidBodyStates
[Warning] [carb.gym.plugin] Incomplete articulation start index in function setRigidBodyStates
[Warning] [carb.gym.plugin] Incomplete articulation end index in function setRigidBodyStates
[Warning] [carb.gym.plugin] Incomplete articulation start index in function setRigidBodyStates
  [Sim]  robot_53_seed5145  steps=7560  fwd=+0.909m  lat=-0.754m  drift=0.83
    [EKF] drift=0.83 > 0.3, trying online correction … Not connected to PVD
+++ Using GPU PhysX
Physics Engine: PhysX
Physics Device: cuda:0
GPU Pipeline: disabled
✗ not better: drift=2.70
  [Plot] Saved → /data/code/yjh/Adaptation/batch_results/20260624_162055/robot_53_seed5145/trajectory.png
  [Sim]  robot_54_seed3316  steps=7560  fwd=+0.364m  lat=+0.009m  drift=0.02
  [Plot] Saved → /data/code/yjh/Adaptation/batch_results/20260624_162055/robot_54_seed3316/trajectory.png
  [Sim]  robot_56_seed1833  steps=4745  fwd=-0.355m  lat=-2.787m  drift=7.85
    [EKF] drift=7.85 > 0.3, trying online correction … Not connected to PVD
+++ Using GPU PhysX
Physics Engine: PhysX
Physics Device: cuda:0
GPU Pipeline: disabled
✓ improved: drift=0.17
  [Plot] Saved → /data/code/yjh/Adaptation/batch_results/20260624_162055/robot_56_seed1833/trajectory.png
  [Sim]  robot_57_seed3893  steps=7560  fwd=+0.099m  lat=+0.607m  drift=6.16
    [EKF] drift=6.16 > 0.3, trying online correction … Not connected to PVD
+++ Using GPU PhysX
Physics Engine: PhysX
Physics Device: cuda:0
GPU Pipeline: disabled
✓ improved: drift=3.34
  [Plot] Saved → /data/code/yjh/Adaptation/batch_results/20260624_162055/robot_57_seed3893/trajectory.png

  [Sub-batch 12/38] robots 44–47
Not connected to PVD
+++ Using GPU PhysX
Physics Engine: PhysX
Physics Device: cuda:0
GPU Pipeline: disabled
Importing module 'gym_38' (/data/code/yjh/isaacgym/python/isaacgym/_bindings/linux-x86_64/gym_38.so)
Setting GYM_USD_PLUG_INFO_PATH to /data/code/yjh/isaacgym/python/isaacgym/_bindings/linux-x86_64/usd/plugInfo.json
    [robot_58_seed9369] P1 yaw=-0.092  fwd=-0.0420  score=-0.0696[YawComp] net_yaw_nominal=1.7590  λ=1.0397  max_adj=0.566
  → stuck, trying [0.87, -0.494]
    [robot_60_seed1375] P1 yaw=+0.025  fwd=-0.1067  score=-0.1141[YawComp] net_yaw_nominal=-0.4648  λ=-1.1885  max_adj=0.511
  → stuck, trying [0.988, 0.156]
    [robot_61_seed6377] P1 yaw=-0.039  fwd=-0.0358  score=-0.0475[YawComp] net_yaw_nominal=-0.3856  λ=-0.2870  max_adj=0.142
  → stuck, trying [0.994, -0.11]
    [robot_62_seed6330] P1 yaw=-0.056  fwd=+0.0000  score=-0.0167[YawComp] net_yaw_nominal=1.3230  λ=1.1279  max_adj=0.605
  → stuck, trying [0.942, 0.336]
    [robot_58_seed9369] R2 yaw=-0.003  fwd=-0.0101  score=-0.0110[YawComp] net_yaw_nominal=-1.6280  λ=-0.5757  max_adj=0.325
  → try [0.494, 0.87]
    [robot_60_seed1375] R2 yaw=-0.024  fwd=-0.0062  score=-0.0136[YawComp] net_yaw_nominal=0.5001  λ=0.2165  max_adj=0.151
  → try [0.156, -0.988]
    [robot_61_seed6377] R2 yaw=+0.043  fwd=-0.0053  score=-0.0181[YawComp] net_yaw_nominal=0.0192  λ=0.0100  max_adj=0.006
  → try [-0.11, -0.994]
    [robot_62_seed6330] R2 yaw=-0.045  fwd=-0.0031  score=-0.0165[YawComp] net_yaw_nominal=0.0811  λ=0.0187  max_adj=0.012
  → try [0.336, -0.942]
    [robot_58_seed9369] R3 yaw=-0.000  fwd=-0.0263  score=-0.0263  → axis [0.87, -0.494]
    [robot_60_seed1375] R3 yaw=-0.024  fwd=+0.0134  score=0.0062  → axis [0.156, -0.988]
    [robot_61_seed6377] R3 yaw=+0.026  fwd=-0.0441  score=-0.0518[YawComp] net_yaw_nominal=-0.0192  λ=-0.0100  max_adj=0.006
  → try [0.11, 0.994]
    [robot_62_seed6330] R3 yaw=-0.012  fwd=-0.0211  score=-0.0248  → axis [0.942, 0.336]
    [robot_61_seed6377] R4 yaw=-0.056  fwd=-0.0101  score=-0.0269  → axis [0.994, -0.11]
[Warning] [carb.gym.plugin] Incomplete articulation end index in function setRigidBodyStates
[Warning] [carb.gym.plugin] Incomplete articulation start index in function setRigidBodyStates
[Warning] [carb.gym.plugin] Incomplete articulation end index in function setRigidBodyStates
[Warning] [carb.gym.plugin] Incomplete articulation start index in function setRigidBodyStates
[Warning] [carb.gym.plugin] Incomplete articulation end index in function setRigidBodyStates
[Warning] [carb.gym.plugin] Incomplete articulation start index in function setRigidBodyStates
[Warning] [carb.gym.plugin] Incomplete articulation end index in function setRigidBodyStates
[Warning] [carb.gym.plugin] Incomplete articulation start index in function setRigidBodyStates
[Warning] [carb.gym.plugin] Incomplete articulation end index in function setRigidBodyStates
[Warning] [carb.gym.plugin] Incomplete articulation start index in function setRigidBodyStates
[Warning] [carb.gym.plugin] Incomplete articulation end index in function setRigidBodyStates
[Warning] [carb.gym.plugin] Incomplete articulation start index in function setRigidBodyStates
[Warning] [carb.gym.plugin] Incomplete articulation end index in function setRigidBodyStates
[Warning] [carb.gym.plugin] Incomplete articulation start index in function setRigidBodyStates
[Warning] [carb.gym.plugin] Incomplete articulation end index in function setRigidBodyStates
[Warning] [carb.gym.plugin] Incomplete articulation start index in function setRigidBodyStates
[Warning] [carb.gym.plugin] Incomplete articulation end index in function setRigidBodyStates
[Warning] [carb.gym.plugin] Incomplete articulation start index in function setRigidBodyStates
[Warning] [carb.gym.plugin] Incomplete articulation start index in function setRigidBodyStates
[Warning] [carb.gym.plugin] Incomplete articulation end index in function setRigidBodyStates
[Warning] [carb.gym.plugin] Incomplete articulation end index in function setRigidBodyStates
[Warning] [carb.gym.plugin] Incomplete articulation start index in function setRigidBodyStates
[Warning] [carb.gym.plugin] Incomplete articulation end index in function setRigidBodyStates
[Warning] [carb.gym.plugin] Incomplete articulation start index in function setRigidBodyStates
[Warning] [carb.gym.plugin] Incomplete articulation end index in function setRigidBodyStates
[Warning] [carb.gym.plugin] Incomplete articulation start index in function setRigidBodyStates
  [Sim]  robot_58_seed9369  steps=5219  fwd=-1.800m  lat=-2.105m  drift=1.17
    [EKF] drift=1.17 > 0.3, trying online correction … Not connected to PVD
+++ Using GPU PhysX
Physics Engine: PhysX
Physics Device: cuda:0
GPU Pipeline: disabled
✓ improved: drift=0.35
  [Plot] Saved → /data/code/yjh/Adaptation/batch_results/20260624_162055/robot_58_seed9369/trajectory.png
  [Sim]  robot_60_seed1375  steps=7560  fwd=+0.085m  lat=-0.040m  drift=0.47
    [EKF] drift=0.47 > 0.3, trying online correction … Not connected to PVD
+++ Using GPU PhysX
Physics Engine: PhysX
Physics Device: cuda:0
GPU Pipeline: disabled
✗ not better: drift=0.98
  [Plot] Saved → /data/code/yjh/Adaptation/batch_results/20260624_162055/robot_60_seed1375/trajectory.png
  [Sim]  robot_61_seed6377  steps=7560  fwd=+0.233m  lat=-0.170m  drift=0.73
    [EKF] drift=0.73 > 0.3, trying online correction … Not connected to PVD
+++ Using GPU PhysX
Physics Engine: PhysX
Physics Device: cuda:0
GPU Pipeline: disabled
✓ improved: drift=0.23
  [Plot] Saved → /data/code/yjh/Adaptation/batch_results/20260624_162055/robot_61_seed6377/trajectory.png
  [Sim]  robot_62_seed6330  steps=7560  fwd=+2.938m  lat=-0.022m  drift=0.01
  [Plot] Saved → /data/code/yjh/Adaptation/batch_results/20260624_162055/robot_62_seed6330/trajectory.png

  [Sub-batch 13/38] robots 48–51
Not connected to PVD
+++ Using GPU PhysX
Physics Engine: PhysX
Physics Device: cuda:0
GPU Pipeline: disabled
Importing module 'gym_38' (/data/code/yjh/isaacgym/python/isaacgym/_bindings/linux-x86_64/gym_38.so)
Setting GYM_USD_PLUG_INFO_PATH to /data/code/yjh/isaacgym/python/isaacgym/_bindings/linux-x86_64/usd/plugInfo.json
    [robot_63_seed6073] P1 yaw=-0.023  fwd=-0.0877  score=-0.0946[YawComp] net_yaw_nominal=0.3381  λ=0.9313  max_adj=0.331
  → stuck, trying [0.823, -0.568]
    [robot_64_seed8112] P1 yaw=+0.016  fwd=-0.0407  score=-0.0457[YawComp] net_yaw_nominal=0.7067  λ=0.5036  max_adj=0.215
  → stuck, trying [0.907, -0.422]
    [robot_66_seed2848] P1 yaw=-0.011  fwd=-0.0411  score=-0.0443[YawComp] net_yaw_nominal=-0.2875  λ=-0.1747  max_adj=0.098
  → stuck, trying [-0.188, -0.982]
    [robot_67_seed3566] P1 yaw=+0.033  fwd=+0.0668  score=0.0569  → OK
    [robot_63_seed6073] R2 yaw=+0.004  fwd=-0.0286  score=-0.0298[YawComp] net_yaw_nominal=-0.2862  λ=-0.1114  max_adj=0.074
  → try [0.568, 0.823]
    [robot_64_seed8112] R2 yaw=-0.013  fwd=-0.0331  score=-0.0371[YawComp] net_yaw_nominal=-0.3805  λ=-0.1689  max_adj=0.086
  → try [-0.422, -0.907]
    [robot_66_seed2848] R2 yaw=-0.068  fwd=-0.0143  score=-0.0347[YawComp] net_yaw_nominal=-0.2677  λ=-0.1201  max_adj=0.068
  → try [0.982, -0.188]
    [robot_63_seed6073] R3 yaw=-0.030  fwd=-0.1107  score=-0.1196  → axis [0.823, -0.568]
    [robot_64_seed8112] R3 yaw=+0.054  fwd=-0.0277  score=-0.0439[YawComp] net_yaw_nominal=0.3805  λ=0.1689  max_adj=0.086
  → try [0.422, 0.907]
    [robot_66_seed2848] R3 yaw=-0.018  fwd=-0.0399  score=-0.0454  → axis [-0.188, -0.982]
    [robot_64_seed8112] R4 yaw=-0.032  fwd=-0.0225  score=-0.0321  → axis [0.422, 0.907]
[Warning] [carb.gym.plugin] Incomplete articulation end index in function setRigidBodyStates
[Warning] [carb.gym.plugin] Incomplete articulation start index in function setRigidBodyStates
[Warning] [carb.gym.plugin] Incomplete articulation end index in function setRigidBodyStates
[Warning] [carb.gym.plugin] Incomplete articulation start index in function setRigidBodyStates
[Warning] [carb.gym.plugin] Incomplete articulation end index in function setRigidBodyStates
[Warning] [carb.gym.plugin] Incomplete articulation start index in function setRigidBodyStates
[Warning] [carb.gym.plugin] Incomplete articulation end index in function setRigidBodyStates
[Warning] [carb.gym.plugin] Incomplete articulation start index in function setRigidBodyStates
[Warning] [carb.gym.plugin] Incomplete articulation end index in function setRigidBodyStates
[Warning] [carb.gym.plugin] Incomplete articulation start index in function setRigidBodyStates
[Warning] [carb.gym.plugin] Incomplete articulation end index in function setRigidBodyStates
[Warning] [carb.gym.plugin] Incomplete articulation end index in function setRigidBodyStates
[Warning] [carb.gym.plugin] Incomplete articulation start index in function setRigidBodyStates
[Warning] [carb.gym.plugin] Incomplete articulation end index in function setRigidBodyStates
[Warning] [carb.gym.plugin] Incomplete articulation start index in function setRigidBodyStates
[Warning] [carb.gym.plugin] Incomplete articulation end index in function setRigidBodyStates
[Warning] [carb.gym.plugin] Incomplete articulation start index in function setRigidBodyStates
[Warning] [carb.gym.plugin] Incomplete articulation end index in function setRigidBodyStates
[Warning] [carb.gym.plugin] Incomplete articulation end index in function setRigidBodyStates
[Warning] [carb.gym.plugin] Incomplete articulation start index in function setRigidBodyStates
[Warning] [carb.gym.plugin] Incomplete articulation end index in function setRigidBodyStates
[Warning] [carb.gym.plugin] Incomplete articulation start index in function setRigidBodyStates
[Warning] [carb.gym.plugin] Incomplete articulation end index in function setRigidBodyStates
[Warning] [carb.gym.plugin] Incomplete articulation start index in function setRigidBodyStates
  [Sim]  robot_63_seed6073  steps=1834  fwd=-1.393m  lat=-2.410m  drift=1.73
    [EKF] drift=1.73 > 0.3, trying online correction … Not connected to PVD
+++ Using GPU PhysX
Physics Engine: PhysX
Physics Device: cuda:0
GPU Pipeline: disabled
✓ improved: drift=0.19
  [Plot] Saved → /data/code/yjh/Adaptation/batch_results/20260624_162055/robot_63_seed6073/trajectory.png
  [Sim]  robot_64_seed8112  steps=7560  fwd=+0.434m  lat=+1.074m  drift=2.47
    [EKF] drift=2.47 > 0.3, trying online correction … Not connected to PVD
+++ Using GPU PhysX
Physics Engine: PhysX
Physics Device: cuda:0
GPU Pipeline: disabled
✗ not better: drift=9.00
  [Plot] Saved → /data/code/yjh/Adaptation/batch_results/20260624_162055/robot_64_seed8112/trajectory.png
  [Sim]  robot_66_seed2848  steps=3307  fwd=-0.282m  lat=-2.163m  drift=7.68
    [EKF] drift=7.68 > 0.3, trying online correction … Not connected to PVD
+++ Using GPU PhysX
Physics Engine: PhysX
Physics Device: cuda:0
GPU Pipeline: disabled
✓ improved: drift=1.70
  [Plot] Saved → /data/code/yjh/Adaptation/batch_results/20260624_162055/robot_66_seed2848/trajectory.png
  [Sim]  robot_67_seed3566  steps=7560  fwd=+0.616m  lat=+0.057m  drift=0.09
  [Plot] Saved → /data/code/yjh/Adaptation/batch_results/20260624_162055/robot_67_seed3566/trajectory.png

  [Sub-batch 14/38] robots 52–55
Not connected to PVD
+++ Using GPU PhysX
Physics Engine: PhysX
Physics Device: cuda:0
GPU Pipeline: disabled
Importing module 'gym_38' (/data/code/yjh/isaacgym/python/isaacgym/_bindings/linux-x86_64/gym_38.so)
Setting GYM_USD_PLUG_INFO_PATH to /data/code/yjh/isaacgym/python/isaacgym/_bindings/linux-x86_64/usd/plugInfo.json
    [robot_68_seed2672] P1 yaw=+0.076  fwd=-0.0351  score=-0.0579[YawComp] net_yaw_nominal=-0.7021  λ=-0.8119  max_adj=0.398
  → stuck, trying [0.83, 0.557]
    [robot_71_seed5255] P1 yaw=+0.026  fwd=+0.0447  score=0.0369  → OK
    [robot_73_seed7718] P1 yaw=-0.005  fwd=+0.0016  score=-0.0000[Grouping] 标准六足对角三脚架: group_a=[5, 1, 3]  group_b=[0, 4, 2]
[YawComp] net_yaw_nominal=-0.1449  λ=-0.1434  max_adj=0.074
  → stuck, trying [0.983, 0.185]
    [robot_74_seed7288] P1 yaw=-0.039  fwd=-0.0122  score=-0.0239[YawComp] net_yaw_nominal=0.1496  λ=0.2152  max_adj=0.108
  → stuck, trying [0.984, -0.178]
    [robot_68_seed2672] R2 yaw=+0.002  fwd=-0.0057  score=-0.0062[YawComp] net_yaw_nominal=0.5683  λ=0.2182  max_adj=0.137
  → try [0.557, -0.83]
    [robot_73_seed7718] R2 yaw=+0.006  fwd=-0.0064  score=-0.0081[Grouping] 标准六足对角三脚架: group_a=[5, 1, 3]  group_b=[0, 4, 2]
[YawComp] net_yaw_nominal=1.6290  λ=0.7750  max_adj=0.565
  → try [0.185, -0.983]
    [robot_74_seed7288] R2 yaw=+0.023  fwd=-0.0295  score=-0.0365[YawComp] net_yaw_nominal=-1.4002  λ=-0.3564  max_adj=0.241
  → try [-0.178, -0.984]
    [robot_68_seed2672] R3 yaw=+0.010  fwd=-0.0047  score=-0.0078  → axis [0.83, 0.557]
    [robot_73_seed7718] R3 yaw=+0.009  fwd=-0.0048  score=-0.0074[Grouping] 标准六足对角三脚架: group_a=[5, 1, 3]  group_b=[0, 4, 2]
[YawComp] net_yaw_nominal=-1.6290  λ=-0.7750  max_adj=0.565
  → try [-0.185, 0.983]
    [robot_74_seed7288] R3 yaw=-0.026  fwd=-0.0985  score=-0.1062[YawComp] net_yaw_nominal=1.4002  λ=0.3564  max_adj=0.241
  → try [0.178, 0.984]
    [robot_73_seed7718] R4 yaw=+0.003  fwd=+0.0052  score=0.0042  → axis [-0.185, 0.983]
    [robot_74_seed7288] R4 yaw=-0.024  fwd=-0.0288  score=-0.0361  → axis [-0.984, 0.178]
[Warning] [carb.gym.plugin] Incomplete articulation end index in function setRigidBodyStates
[Warning] [carb.gym.plugin] Incomplete articulation start index in function setRigidBodyStates
[Warning] [carb.gym.plugin] Incomplete articulation end index in function setRigidBodyStates
[Warning] [carb.gym.plugin] Incomplete articulation start index in function setRigidBodyStates
[Warning] [carb.gym.plugin] Incomplete articulation end index in function setRigidBodyStates
[Warning] [carb.gym.plugin] Incomplete articulation start index in function setRigidBodyStates
[Warning] [carb.gym.plugin] Incomplete articulation end index in function setRigidBodyStates
[Warning] [carb.gym.plugin] Incomplete articulation start index in function setRigidBodyStates
[Warning] [carb.gym.plugin] Incomplete articulation end index in function setRigidBodyStates
[Warning] [carb.gym.plugin] Incomplete articulation start index in function setRigidBodyStates
[Warning] [carb.gym.plugin] Incomplete articulation end index in function setRigidBodyStates
[Warning] [carb.gym.plugin] Incomplete articulation start index in function setRigidBodyStates
[Warning] [carb.gym.plugin] Incomplete articulation end index in function setRigidBodyStates
[Warning] [carb.gym.plugin] Incomplete articulation start index in function setRigidBodyStates
[Warning] [carb.gym.plugin] Incomplete articulation start index in function setRigidBodyStates
[Warning] [carb.gym.plugin] Incomplete articulation end index in function setRigidBodyStates
[Warning] [carb.gym.plugin] Incomplete articulation start index in function setRigidBodyStates
[Warning] [carb.gym.plugin] Incomplete articulation end index in function setRigidBodyStates
[Warning] [carb.gym.plugin] Incomplete articulation start index in function setRigidBodyStates
[Warning] [carb.gym.plugin] Incomplete articulation end index in function setRigidBodyStates
[Warning] [carb.gym.plugin] Incomplete articulation start index in function setRigidBodyStates
[Warning] [carb.gym.plugin] Incomplete articulation end index in function setRigidBodyStates
[Warning] [carb.gym.plugin] Incomplete articulation start index in function setRigidBodyStates
  [Sim]  robot_68_seed2672  steps=7560  fwd=-0.720m  lat=+0.498m  drift=0.69
    [EKF] drift=0.69 > 0.3, trying online correction … Not connected to PVD
+++ Using GPU PhysX
Physics Engine: PhysX
Physics Device: cuda:0
GPU Pipeline: disabled
✗ not better: drift=2.01
  [Plot] Saved → /data/code/yjh/Adaptation/batch_results/20260624_162055/robot_68_seed2672/trajectory.png
  [Sim]  robot_71_seed5255  steps=7560  fwd=+0.268m  lat=+0.074m  drift=0.28
  [Plot] Saved → /data/code/yjh/Adaptation/batch_results/20260624_162055/robot_71_seed5255/trajectory.png
  [Sim]  robot_73_seed7718  steps=7560  fwd=-1.037m  lat=+0.279m  drift=0.27
  [Plot] Saved → /data/code/yjh/Adaptation/batch_results/20260624_162055/robot_73_seed7718/trajectory.png
  [Sim]  robot_74_seed7288  steps=7560  fwd=+2.401m  lat=-0.377m  drift=0.16
  [Plot] Saved → /data/code/yjh/Adaptation/batch_results/20260624_162055/robot_74_seed7288/trajectory.png

  [Sub-batch 15/38] robots 56–59
Not connected to PVD
+++ Using GPU PhysX
Physics Engine: PhysX
Physics Device: cuda:0
GPU Pipeline: disabled
Importing module 'gym_38' (/data/code/yjh/isaacgym/python/isaacgym/_bindings/linux-x86_64/gym_38.so)
Setting GYM_USD_PLUG_INFO_PATH to /data/code/yjh/isaacgym/python/isaacgym/_bindings/linux-x86_64/usd/plugInfo.json
    [robot_75_seed1713] P1 yaw=-0.135  fwd=-0.1211  score=-0.1616[YawComp] net_yaw_nominal=-0.2587  λ=-0.3481  max_adj=0.149
  → stuck, trying [0.948, -0.319]
    [robot_76_seed9667] P1 yaw=+0.018  fwd=-0.0245  score=-0.0300[YawComp] net_yaw_nominal=-0.5651  λ=-0.4879  max_adj=0.210
  → stuck, trying [0.944, -0.331]
    [robot_78_seed7499] P1 yaw=+0.027  fwd=+0.0063  score=-0.0019  → OK
    [robot_79_seed4705] P1 yaw=-0.020  fwd=-0.0877  score=-0.0936[YawComp] net_yaw_nominal=1.1061  λ=1.1309  max_adj=0.517
  → stuck, trying [0.993, -0.122]
    [robot_75_seed1713] R2 yaw=+0.002  fwd=-0.0167  score=-0.0173[YawComp] net_yaw_nominal=0.5216  λ=0.3027  max_adj=0.175
  → try [0.319, 0.948]
    [robot_76_seed9667] R2 yaw=-0.023  fwd=-0.0458  score=-0.0527[YawComp] net_yaw_nominal=0.2029  λ=0.0585  max_adj=0.037
  → try [-0.331, -0.944]
    [robot_79_seed4705] R2 yaw=-0.027  fwd=-0.0189  score=-0.0269[YawComp] net_yaw_nominal=-0.4945  λ=-0.1012  max_adj=0.071
  → try [0.122, 0.993]
    [robot_75_seed1713] R3 yaw=+0.016  fwd=+0.0062  score=0.0014  → axis [0.319, 0.948]
    [robot_76_seed9667] R3 yaw=-0.052  fwd=-0.0369  score=-0.0526[YawComp] net_yaw_nominal=-0.2029  λ=-0.0585  max_adj=0.037
  → try [0.331, 0.944]
    [robot_79_seed4705] R3 yaw=-0.056  fwd=-0.0302  score=-0.0471  → axis [0.993, -0.122]
    [robot_76_seed9667] R4 yaw=+0.029  fwd=-0.0820  score=-0.0908  → axis [-0.944, 0.331]
[Warning] [carb.gym.plugin] Incomplete articulation end index in function setRigidBodyStates
[Warning] [carb.gym.plugin] Incomplete articulation start index in function setRigidBodyStates
[Warning] [carb.gym.plugin] Incomplete articulation end index in function setRigidBodyStates
[Warning] [carb.gym.plugin] Incomplete articulation start index in function setRigidBodyStates
[Warning] [carb.gym.plugin] Incomplete articulation end index in function setRigidBodyStates
[Warning] [carb.gym.plugin] Incomplete articulation start index in function setRigidBodyStates
[Warning] [carb.gym.plugin] Incomplete articulation end index in function setRigidBodyStates
[Warning] [carb.gym.plugin] Incomplete articulation start index in function setRigidBodyStates
[Warning] [carb.gym.plugin] Incomplete articulation end index in function setRigidBodyStates
[Warning] [carb.gym.plugin] Incomplete articulation start index in function setRigidBodyStates
[Warning] [carb.gym.plugin] Incomplete articulation end index in function setRigidBodyStates
[Warning] [carb.gym.plugin] Incomplete articulation start index in function setRigidBodyStates
[Warning] [carb.gym.plugin] Incomplete articulation end index in function setRigidBodyStates
[Warning] [carb.gym.plugin] Incomplete articulation start index in function setRigidBodyStates
[Warning] [carb.gym.plugin] Incomplete articulation start index in function setRigidBodyStates
[Warning] [carb.gym.plugin] Incomplete articulation end index in function setRigidBodyStates
[Warning] [carb.gym.plugin] Incomplete articulation end index in function setRigidBodyStates
[Warning] [carb.gym.plugin] Incomplete articulation start index in function setRigidBodyStates
[Warning] [carb.gym.plugin] Incomplete articulation end index in function setRigidBodyStates
[Warning] [carb.gym.plugin] Incomplete articulation start index in function setRigidBodyStates
[Warning] [carb.gym.plugin] Incomplete articulation end index in function setRigidBodyStates
[Warning] [carb.gym.plugin] Incomplete articulation start index in function setRigidBodyStates
  [Sim]  robot_75_seed1713  steps=7560  fwd=+0.367m  lat=+1.804m  drift=4.91
    [EKF] drift=4.91 > 0.3, trying online correction … Not connected to PVD
+++ Using GPU PhysX
Physics Engine: PhysX
Physics Device: cuda:0
GPU Pipeline: disabled
✓ improved: drift=1.54
  [Plot] Saved → /data/code/yjh/Adaptation/batch_results/20260624_162055/robot_75_seed1713/trajectory.png
  [Sim]  robot_76_seed9667  steps=2185  fwd=-0.766m  lat=+2.347m  drift=3.07
    [EKF] drift=3.07 > 0.3, trying online correction … Not connected to PVD
+++ Using GPU PhysX
Physics Engine: PhysX
Physics Device: cuda:0
GPU Pipeline: disabled
✓ improved: drift=0.29
  [Plot] Saved → /data/code/yjh/Adaptation/batch_results/20260624_162055/robot_76_seed9667/trajectory.png
  [Sim]  robot_78_seed7499  steps=7560  fwd=-0.348m  lat=-0.091m  drift=0.26
  [Plot] Saved → /data/code/yjh/Adaptation/batch_results/20260624_162055/robot_78_seed7499/trajectory.png
  [Sim]  robot_79_seed4705  steps=7560  fwd=-0.028m  lat=-0.057m  drift=2.00
    [EKF] drift=2.00 > 0.3, trying online correction … Not connected to PVD
+++ Using GPU PhysX
Physics Engine: PhysX
Physics Device: cuda:0
GPU Pipeline: disabled
✓ improved: drift=0.43
  [Plot] Saved → /data/code/yjh/Adaptation/batch_results/20260624_162055/robot_79_seed4705/trajectory.png

  [Sub-batch 16/38] robots 60–63
Not connected to PVD
+++ Using GPU PhysX
Physics Engine: PhysX
Physics Device: cuda:0
GPU Pipeline: disabled
Importing module 'gym_38' (/data/code/yjh/isaacgym/python/isaacgym/_bindings/linux-x86_64/gym_38.so)
Setting GYM_USD_PLUG_INFO_PATH to /data/code/yjh/isaacgym/python/isaacgym/_bindings/linux-x86_64/usd/plugInfo.json
    [robot_80_seed2682] P1 yaw=+0.005  fwd=-0.0143  score=-0.0159[YawComp] net_yaw_nominal=0.4634  λ=0.4233  max_adj=0.210
  → stuck, trying [0.873, -0.489]
    [robot_81_seed4343] P1 yaw=-0.000  fwd=-0.0206  score=-0.0207[YawComp] net_yaw_nominal=-0.0056  λ=-0.0040  max_adj=0.002
  → stuck, trying [0.996, -0.084]
    [robot_82_seed5311] P1 yaw=+0.019  fwd=+0.0112  score=0.0055  → OK
    [robot_84_seed9405] P1 yaw=+0.024  fwd=-0.0117  score=-0.0188[YawComp] net_yaw_nominal=-0.0777  λ=-0.3578  max_adj=0.089
  → stuck, trying [0.888, -0.46]
    [robot_80_seed2682] R2 yaw=-0.033  fwd=-0.0151  score=-0.0251[YawComp] net_yaw_nominal=-0.1265  λ=-0.0408  max_adj=0.024
  → try [0.489, 0.873]
    [robot_81_seed4343] R2 yaw=-0.013  fwd=-0.0219  score=-0.0258[YawComp] net_yaw_nominal=-0.5649  λ=-0.2019  max_adj=0.121
  → try [-0.084, -0.996]
    [robot_84_seed9405] R2 yaw=-0.002  fwd=+0.0003  score=-0.0003[YawComp] net_yaw_nominal=1.1208  λ=0.5469  max_adj=0.328
  → try [0.46, 0.888]
    [robot_80_seed2682] R3 yaw=-0.016  fwd=-0.0140  score=-0.0187  → axis [-0.489, -0.873]
    [robot_81_seed4343] R3 yaw=-0.008  fwd=-0.0498  score=-0.0523[YawComp] net_yaw_nominal=0.5649  λ=0.2019  max_adj=0.121
  → try [0.084, 0.996]
    [robot_84_seed9405] R3 yaw=-0.003  fwd=-0.0005  score=-0.0012  → axis [0.888, -0.46]
    [robot_81_seed4343] R4 yaw=-0.013  fwd=-0.0351  score=-0.0391  → axis [-0.996, 0.084]
[Warning] [carb.gym.plugin] Incomplete articulation end index in function setRigidBodyStates
[Warning] [carb.gym.plugin] Incomplete articulation start index in function setRigidBodyStates
[Warning] [carb.gym.plugin] Incomplete articulation end index in function setRigidBodyStates
[Warning] [carb.gym.plugin] Incomplete articulation start index in function setRigidBodyStates
[Warning] [carb.gym.plugin] Incomplete articulation end index in function setRigidBodyStates
[Warning] [carb.gym.plugin] Incomplete articulation start index in function setRigidBodyStates
[Warning] [carb.gym.plugin] Incomplete articulation end index in function setRigidBodyStates
[Warning] [carb.gym.plugin] Incomplete articulation start index in function setRigidBodyStates
[Warning] [carb.gym.plugin] Incomplete articulation end index in function setRigidBodyStates
[Warning] [carb.gym.plugin] Incomplete articulation start index in function setRigidBodyStates
[Warning] [carb.gym.plugin] Incomplete articulation end index in function setRigidBodyStates
[Warning] [carb.gym.plugin] Incomplete articulation start index in function setRigidBodyStates
[Warning] [carb.gym.plugin] Incomplete articulation end index in function setRigidBodyStates
[Warning] [carb.gym.plugin] Incomplete articulation start index in function setRigidBodyStates
[Warning] [carb.gym.plugin] Incomplete articulation start index in function setRigidBodyStates
[Warning] [carb.gym.plugin] Incomplete articulation end index in function setRigidBodyStates
[Warning] [carb.gym.plugin] Incomplete articulation end index in function setRigidBodyStates
[Warning] [carb.gym.plugin] Incomplete articulation start index in function setRigidBodyStates
[Warning] [carb.gym.plugin] Incomplete articulation end index in function setRigidBodyStates
[Warning] [carb.gym.plugin] Incomplete articulation start index in function setRigidBodyStates
[Warning] [carb.gym.plugin] Incomplete articulation end index in function setRigidBodyStates
[Warning] [carb.gym.plugin] Incomplete articulation start index in function setRigidBodyStates
  [Sim]  robot_80_seed2682  steps=7560  fwd=+0.675m  lat=-1.364m  drift=2.02
    [EKF] drift=2.02 > 0.3, trying online correction … Not connected to PVD
+++ Using GPU PhysX
Physics Engine: PhysX
Physics Device: cuda:0
GPU Pipeline: disabled
✓ improved: drift=1.80
  [Plot] Saved → /data/code/yjh/Adaptation/batch_results/20260624_162055/robot_80_seed2682/trajectory.png
  [Sim]  robot_81_seed4343  steps=4337  fwd=+0.590m  lat=+2.406m  drift=4.08
    [EKF] drift=4.08 > 0.3, trying online correction … Not connected to PVD
+++ Using GPU PhysX
Physics Engine: PhysX
Physics Device: cuda:0
GPU Pipeline: disabled
✓ improved: drift=0.99
  [Plot] Saved → /data/code/yjh/Adaptation/batch_results/20260624_162055/robot_81_seed4343/trajectory.png
  [Sim]  robot_82_seed5311  steps=7560  fwd=-0.141m  lat=+0.883m  drift=6.26
    [EKF] drift=6.26 > 0.3, trying online correction … Not connected to PVD
+++ Using GPU PhysX
Physics Engine: PhysX
Physics Device: cuda:0
GPU Pipeline: disabled
✓ improved: drift=1.86
  [Plot] Saved → /data/code/yjh/Adaptation/batch_results/20260624_162055/robot_82_seed5311/trajectory.png
  [Sim]  robot_84_seed9405  steps=7560  fwd=+0.690m  lat=-0.946m  drift=1.37
    [EKF] drift=1.37 > 0.3, trying online correction … Not connected to PVD
+++ Using GPU PhysX
Physics Engine: PhysX
Physics Device: cuda:0
GPU Pipeline: disabled
✓ improved: drift=0.80
  [Plot] Saved → /data/code/yjh/Adaptation/batch_results/20260624_162055/robot_84_seed9405/trajectory.png

  [Sub-batch 17/38] robots 64–67
Not connected to PVD
+++ Using GPU PhysX
Physics Engine: PhysX
Physics Device: cuda:0
GPU Pipeline: disabled
Importing module 'gym_38' (/data/code/yjh/isaacgym/python/isaacgym/_bindings/linux-x86_64/gym_38.so)
Setting GYM_USD_PLUG_INFO_PATH to /data/code/yjh/isaacgym/python/isaacgym/_bindings/linux-x86_64/usd/plugInfo.json
    [robot_85_seed372] P1 yaw=+0.015  fwd=-0.0595  score=-0.0639[YawComp] net_yaw_nominal=0.0948  λ=0.1814  max_adj=0.076
  → stuck, trying [0.973, 0.23]
    [robot_86_seed7117] P1 yaw=-0.041  fwd=-0.1273  score=-0.1397[YawComp] net_yaw_nominal=0.9335  λ=1.2676  max_adj=0.535
  → stuck, trying [0.941, -0.339]
    [robot_87_seed6996] P1 yaw=-0.024  fwd=+0.1267  score=0.1195  → OK
    [robot_88_seed8242] P1 yaw=+0.012  fwd=+0.0083  score=0.0047  → OK
    [robot_85_seed372] R2 yaw=+0.041  fwd=-0.0240  score=-0.0362[YawComp] net_yaw_nominal=0.1620  λ=0.0374  max_adj=0.027
  → try [0.23, -0.973]
    [robot_86_seed7117] R2 yaw=-0.023  fwd=-0.0033  score=-0.0101[YawComp] net_yaw_nominal=-0.1928  λ=-0.0689  max_adj=0.046
  → try [0.339, 0.941]
    [robot_85_seed372] R3 yaw=+0.038  fwd=-0.0754  score=-0.0868  → axis [0.973, 0.23]
    [robot_86_seed7117] R3 yaw=+0.024  fwd=-0.0013  score=-0.0084  → axis [0.339, 0.941]
[Warning] [carb.gym.plugin] Incomplete articulation end index in function setRigidBodyStates
[Warning] [carb.gym.plugin] Incomplete articulation start index in function setRigidBodyStates
[Warning] [carb.gym.plugin] Incomplete articulation end index in function setRigidBodyStates
[Warning] [carb.gym.plugin] Incomplete articulation start index in function setRigidBodyStates
[Warning] [carb.gym.plugin] Incomplete articulation end index in function setRigidBodyStates
[Warning] [carb.gym.plugin] Incomplete articulation start index in function setRigidBodyStates
[Warning] [carb.gym.plugin] Incomplete articulation end index in function setRigidBodyStates
[Warning] [carb.gym.plugin] Incomplete articulation start index in function setRigidBodyStates
[Warning] [carb.gym.plugin] Incomplete articulation end index in function setRigidBodyStates
[Warning] [carb.gym.plugin] Incomplete articulation end index in function setRigidBodyStates
[Warning] [carb.gym.plugin] Incomplete articulation start index in function setRigidBodyStates
[Warning] [carb.gym.plugin] Incomplete articulation end index in function setRigidBodyStates
[Warning] [carb.gym.plugin] Incomplete articulation end index in function setRigidBodyStates
[Warning] [carb.gym.plugin] Incomplete articulation start index in function setRigidBodyStates
[Warning] [carb.gym.plugin] Incomplete articulation end index in function setRigidBodyStates
[Warning] [carb.gym.plugin] Incomplete articulation start index in function setRigidBodyStates
[Warning] [carb.gym.plugin] Incomplete articulation end index in function setRigidBodyStates
[Warning] [carb.gym.plugin] Incomplete articulation start index in function setRigidBodyStates
  [Sim]  robot_85_seed372  steps=7560  fwd=-2.519m  lat=-1.967m  drift=0.78
    [EKF] drift=0.78 > 0.3, trying online correction … Not connected to PVD
+++ Using GPU PhysX
Physics Engine: PhysX
Physics Device: cuda:0
GPU Pipeline: disabled
✗ not better: drift=1.08
  [Plot] Saved → /data/code/yjh/Adaptation/batch_results/20260624_162055/robot_85_seed372/trajectory.png
  [Sim]  robot_86_seed7117  steps=7560  fwd=-0.021m  lat=-0.135m  drift=6.54
    [EKF] drift=6.54 > 0.3, trying online correction … Not connected to PVD
+++ Using GPU PhysX
Physics Engine: PhysX
Physics Device: cuda:0
GPU Pipeline: disabled
✓ improved: drift=5.91
  [Plot] Saved → /data/code/yjh/Adaptation/batch_results/20260624_162055/robot_86_seed7117/trajectory.png
  [Sim]  robot_87_seed6996  steps=7560  fwd=+0.148m  lat=+0.074m  drift=0.50
    [EKF] drift=0.50 > 0.3, trying online correction … Not connected to PVD
+++ Using GPU PhysX
Physics Engine: PhysX
Physics Device: cuda:0
GPU Pipeline: disabled
✗ not better: drift=1.28
  [Plot] Saved → /data/code/yjh/Adaptation/batch_results/20260624_162055/robot_87_seed6996/trajectory.png
  [Sim]  robot_88_seed8242  steps=7560  fwd=+1.559m  lat=-0.606m  drift=0.39
    [EKF] drift=0.39 > 0.3, trying online correction … Not connected to PVD
+++ Using GPU PhysX
Physics Engine: PhysX
Physics Device: cuda:0
GPU Pipeline: disabled
✗ not better: drift=1.26
  [Plot] Saved → /data/code/yjh/Adaptation/batch_results/20260624_162055/robot_88_seed8242/trajectory.png

  [Sub-batch 18/38] robots 68–71
Not connected to PVD
+++ Using GPU PhysX
Physics Engine: PhysX
Physics Device: cuda:0
GPU Pipeline: disabled
Importing module 'gym_38' (/data/code/yjh/isaacgym/python/isaacgym/_bindings/linux-x86_64/gym_38.so)
Setting GYM_USD_PLUG_INFO_PATH to /data/code/yjh/isaacgym/python/isaacgym/_bindings/linux-x86_64/usd/plugInfo.json
    [robot_89_seed225] P1 yaw=+0.037  fwd=-0.0169  score=-0.0280[YawComp] net_yaw_nominal=-0.7314  λ=-0.2799  max_adj=0.166
  → stuck, trying [0.981, 0.195]
    [robot_90_seed9070] P1 yaw=-0.010  fwd=+0.0050  score=0.0020  → OK
    [robot_91_seed8231] P1 yaw=+0.059  fwd=+0.0195  score=0.0019  → OK
    [robot_92_seed6702] P1 yaw=+0.014  fwd=-0.0408  score=-0.0450[YawComp] net_yaw_nominal=-0.3567  λ=-0.7840  max_adj=0.258
  → stuck, trying [0.82, -0.572]
    [robot_89_seed225] R2 yaw=-0.017  fwd=-0.0186  score=-0.0236[YawComp] net_yaw_nominal=1.7340  λ=0.4651  max_adj=0.358
  → try [0.195, -0.981]
    [robot_92_seed6702] R2 yaw=-0.032  fwd=-0.0420  score=-0.0516[YawComp] net_yaw_nominal=0.5250  λ=0.1577  max_adj=0.102
  → try [0.572, 0.82]
    [robot_89_seed225] R3 yaw=+0.003  fwd=-0.0570  score=-0.0580[YawComp] net_yaw_nominal=-1.7340  λ=-0.4651  max_adj=0.358
  → try [-0.195, 0.981]
    [robot_92_seed6702] R3 yaw=-0.032  fwd=-0.0852  score=-0.0949  → axis [-0.572, -0.82]
    [robot_89_seed225] R4 yaw=+0.014  fwd=-0.0255  score=-0.0296  → axis [0.981, 0.195]
[Warning] [carb.gym.plugin] Incomplete articulation end index in function setRigidBodyStates
[Warning] [carb.gym.plugin] Incomplete articulation start index in function setRigidBodyStates
[Warning] [carb.gym.plugin] Incomplete articulation end index in function setRigidBodyStates
[Warning] [carb.gym.plugin] Incomplete articulation start index in function setRigidBodyStates
[Warning] [carb.gym.plugin] Incomplete articulation end index in function setRigidBodyStates
[Warning] [carb.gym.plugin] Incomplete articulation start index in function setRigidBodyStates
[Warning] [carb.gym.plugin] Incomplete articulation end index in function setRigidBodyStates
[Warning] [carb.gym.plugin] Incomplete articulation start index in function setRigidBodyStates
[Warning] [carb.gym.plugin] Incomplete articulation end index in function setRigidBodyStates
[Warning] [carb.gym.plugin] Incomplete articulation start index in function setRigidBodyStates
[Warning] [carb.gym.plugin] Incomplete articulation end index in function setRigidBodyStates
[Warning] [carb.gym.plugin] Incomplete articulation end index in function setRigidBodyStates
[Warning] [carb.gym.plugin] Incomplete articulation start index in function setRigidBodyStates
[Warning] [carb.gym.plugin] Incomplete articulation end index in function setRigidBodyStates
[Warning] [carb.gym.plugin] Incomplete articulation start index in function setRigidBodyStates
[Warning] [carb.gym.plugin] Incomplete articulation end index in function setRigidBodyStates
[Warning] [carb.gym.plugin] Incomplete articulation start index in function setRigidBodyStates
  [Sim]  robot_89_seed225  steps=7560  fwd=+2.658m  lat=+0.370m  drift=0.14
  [Plot] Saved → /data/code/yjh/Adaptation/batch_results/20260624_162055/robot_89_seed225/trajectory.png
  [Sim]  robot_90_seed9070  steps=7560  fwd=-0.068m  lat=-0.880m  drift=13.04
    [EKF] drift=13.04 > 0.3, trying online correction … Not connected to PVD
+++ Using GPU PhysX
Physics Engine: PhysX
Physics Device: cuda:0
GPU Pipeline: disabled
✓ improved: drift=1.18
  [Plot] Saved → /data/code/yjh/Adaptation/batch_results/20260624_162055/robot_90_seed9070/trajectory.png
  [Sim]  robot_91_seed8231  steps=7560  fwd=+0.138m  lat=+0.640m  drift=4.63
    [EKF] drift=4.63 > 0.3, trying online correction … Not connected to PVD
+++ Using GPU PhysX
Physics Engine: PhysX
Physics Device: cuda:0
GPU Pipeline: disabled
✓ improved: drift=1.11
  [Plot] Saved → /data/code/yjh/Adaptation/batch_results/20260624_162055/robot_91_seed8231/trajectory.png
  [Sim]  robot_92_seed6702  steps=5505  fwd=-2.650m  lat=-4.511m  drift=1.70
    [EKF] drift=1.70 > 0.3, trying online correction … Not connected to PVD
+++ Using GPU PhysX
Physics Engine: PhysX
Physics Device: cuda:0
GPU Pipeline: disabled
✗ not better: drift=3.54
  [Plot] Saved → /data/code/yjh/Adaptation/batch_results/20260624_162055/robot_92_seed6702/trajectory.png

  [Sub-batch 19/38] robots 72–75
Not connected to PVD
+++ Using GPU PhysX
Physics Engine: PhysX
Physics Device: cuda:0
GPU Pipeline: disabled
Importing module 'gym_38' (/data/code/yjh/isaacgym/python/isaacgym/_bindings/linux-x86_64/gym_38.so)
Setting GYM_USD_PLUG_INFO_PATH to /data/code/yjh/isaacgym/python/isaacgym/_bindings/linux-x86_64/usd/plugInfo.json
    [robot_94_seed1790] P1 yaw=-0.033  fwd=-0.0384  score=-0.0483[YawComp] net_yaw_nominal=0.6312  λ=0.6570  max_adj=0.272
  → stuck, trying [0.999, 0.054]
    [robot_95_seed9362] P1 yaw=+0.204  fwd=-0.1042  score=-0.1654[YawComp] net_yaw_nominal=1.4916  λ=1.3271  max_adj=0.626
  → stuck, trying [0.699, -0.715]
    [robot_96_seed3858] P1 yaw=+0.012  fwd=-0.0152  score=-0.0189[YawComp] net_yaw_nominal=-1.2072  λ=-1.4258  max_adj=0.628
  → stuck, trying [0.991, -0.137]
    [robot_97_seed6815] P1 yaw=+0.038  fwd=-0.0250  score=-0.0365[YawComp] net_yaw_nominal=0.4442  λ=0.3677  max_adj=0.177
  → stuck, trying [0.912, -0.411]
    [robot_94_seed1790] R2 yaw=+0.010  fwd=-0.0615  score=-0.0646[YawComp] net_yaw_nominal=1.4368  λ=0.4232  max_adj=0.289
  → try [0.054, -0.999]
    [robot_95_seed9362] R2 yaw=-0.050  fwd=+0.0380  score=0.0229[YawComp] net_yaw_nominal=-0.7885  λ=-0.2938  max_adj=0.155
  → try [0.715, 0.699]
    [robot_96_seed3858] R2 yaw=+0.018  fwd=+0.0086  score=0.0032[YawComp] net_yaw_nominal=0.2651  λ=0.0944  max_adj=0.060
  → try [-0.137, -0.991]
    [robot_97_seed6815] R2 yaw=-0.040  fwd=-0.0130  score=-0.0251[YawComp] net_yaw_nominal=-0.6332  λ=-0.5668  max_adj=0.278
  → try [-0.411, -0.912]
    [robot_94_seed1790] R3 yaw=-0.024  fwd=-0.0476  score=-0.0549[YawComp] net_yaw_nominal=-1.4368  λ=-0.4232  max_adj=0.289
  → try [-0.054, 0.999]
    [robot_95_seed9362] R3 yaw=-0.006  fwd=+0.0114  score=0.0096  → axis [0.699, -0.715]
    [robot_96_seed3858] R3 yaw=+0.052  fwd=+0.0257  score=0.0101  → axis [-0.137, -0.991]
    [robot_97_seed6815] R3 yaw=+0.036  fwd=-0.0120  score=-0.0228[YawComp] net_yaw_nominal=0.6332  λ=0.5668  max_adj=0.278
  → try [0.411, 0.912]
    [robot_94_seed1790] R4 yaw=+0.007  fwd=-0.0510  score=-0.0532  → axis [-0.999, -0.054]
    [robot_97_seed6815] R4 yaw=-0.047  fwd=-0.0196  score=-0.0338  → axis [-0.411, -0.912]
[Warning] [carb.gym.plugin] Incomplete articulation end index in function setRigidBodyStates
[Warning] [carb.gym.plugin] Incomplete articulation start index in function setRigidBodyStates
[Warning] [carb.gym.plugin] Incomplete articulation end index in function setRigidBodyStates
[Warning] [carb.gym.plugin] Incomplete articulation start index in function setRigidBodyStates
[Warning] [carb.gym.plugin] Incomplete articulation end index in function setRigidBodyStates
[Warning] [carb.gym.plugin] Incomplete articulation start index in function setRigidBodyStates
[Warning] [carb.gym.plugin] Incomplete articulation end index in function setRigidBodyStates
[Warning] [carb.gym.plugin] Incomplete articulation start index in function setRigidBodyStates
[Warning] [carb.gym.plugin] Incomplete articulation end index in function setRigidBodyStates
[Warning] [carb.gym.plugin] Incomplete articulation start index in function setRigidBodyStates
[Warning] [carb.gym.plugin] Incomplete articulation end index in function setRigidBodyStates
[Warning] [carb.gym.plugin] Incomplete articulation start index in function setRigidBodyStates
[Warning] [carb.gym.plugin] Incomplete articulation end index in function setRigidBodyStates
[Warning] [carb.gym.plugin] Incomplete articulation start index in function setRigidBodyStates
[Warning] [carb.gym.plugin] Incomplete articulation end index in function setRigidBodyStates
[Warning] [carb.gym.plugin] Incomplete articulation start index in function setRigidBodyStates
[Warning] [carb.gym.plugin] Incomplete articulation end index in function setRigidBodyStates
[Warning] [carb.gym.plugin] Incomplete articulation start index in function setRigidBodyStates
[Warning] [carb.gym.plugin] Incomplete articulation end index in function setRigidBodyStates
[Warning] [carb.gym.plugin] Incomplete articulation start index in function setRigidBodyStates
[Warning] [carb.gym.plugin] Incomplete articulation end index in function setRigidBodyStates
[Warning] [carb.gym.plugin] Incomplete articulation start index in function setRigidBodyStates
[Warning] [carb.gym.plugin] Incomplete articulation end index in function setRigidBodyStates
[Warning] [carb.gym.plugin] Incomplete articulation start index in function setRigidBodyStates
[Warning] [carb.gym.plugin] Incomplete articulation end index in function setRigidBodyStates
[Warning] [carb.gym.plugin] Incomplete articulation start index in function setRigidBodyStates
  [Sim]  robot_94_seed1790  steps=3389  fwd=+2.002m  lat=+2.676m  drift=1.34
    [EKF] drift=1.34 > 0.3, trying online correction … Not connected to PVD
+++ Using GPU PhysX
Physics Engine: PhysX
Physics Device: cuda:0
GPU Pipeline: disabled
✓ improved: drift=1.06
  [Plot] Saved → /data/code/yjh/Adaptation/batch_results/20260624_162055/robot_94_seed1790/trajectory.png
  [Sim]  robot_95_seed9362  steps=7560  fwd=+0.280m  lat=-0.047m  drift=0.17
  [Plot] Saved → /data/code/yjh/Adaptation/batch_results/20260624_162055/robot_95_seed9362/trajectory.png
  [Sim]  robot_96_seed3858  steps=7560  fwd=+0.253m  lat=+0.018m  drift=0.07
  [Plot] Saved → /data/code/yjh/Adaptation/batch_results/20260624_162055/robot_96_seed3858/trajectory.png
  [Sim]  robot_97_seed6815  steps=7560  fwd=-0.339m  lat=+0.062m  drift=0.18
  [Plot] Saved → /data/code/yjh/Adaptation/batch_results/20260624_162055/robot_97_seed6815/trajectory.png

  [Sub-batch 20/38] robots 76–79
Not connected to PVD
+++ Using GPU PhysX
Physics Engine: PhysX
Physics Device: cuda:0
GPU Pipeline: disabled
Importing module 'gym_38' (/data/code/yjh/isaacgym/python/isaacgym/_bindings/linux-x86_64/gym_38.so)
Setting GYM_USD_PLUG_INFO_PATH to /data/code/yjh/isaacgym/python/isaacgym/_bindings/linux-x86_64/usd/plugInfo.json
    [robot_98_seed1623] P1 yaw=+0.131  fwd=-0.0602  score=-0.0996[YawComp] net_yaw_nominal=1.0311  λ=1.1235  max_adj=0.514
  → stuck, trying [0.849, 0.528]
    [robot_99_seed2283] P1 yaw=+0.077  fwd=-0.0390  score=-0.0620[YawComp] net_yaw_nominal=-0.5737  λ=-0.6269  max_adj=0.255
  → stuck, trying [0.996, -0.087]
    [robot_100_seed2579] P1 yaw=+0.022  fwd=-0.1062  score=-0.1127[Grouping] 标准六足对角三脚架: group_a=[5, 1, 3]  group_b=[0, 4, 2]
[YawComp] net_yaw_nominal=0.4231  λ=1.2550  max_adj=0.505
  → stuck, trying [0.969, -0.246]
    [robot_101_seed2893] P1 yaw=+0.003  fwd=-0.0238  score=-0.0247[YawComp] net_yaw_nominal=0.8911  λ=0.6413  max_adj=0.314
  → stuck, trying [0.999, 0.039]
    [robot_98_seed1623] R2 yaw=-0.016  fwd=+0.0319  score=0.0271[YawComp] net_yaw_nominal=-1.0359  λ=-0.3285  max_adj=0.222
  → try [0.528, -0.849]
    [robot_99_seed2283] R2 yaw=-0.027  fwd=-0.0275  score=-0.0355[YawComp] net_yaw_nominal=0.6217  λ=0.1481  max_adj=0.105
  → try [-0.087, -0.996]
    [robot_100_seed2579] R2 yaw=+0.001  fwd=-0.0045  score=-0.0048[Grouping] 标准六足对角三脚架: group_a=[5, 1, 3]  group_b=[0, 4, 2]
[YawComp] net_yaw_nominal=0.6071  λ=0.1873  max_adj=0.122
  → try [0.246, 0.969]
    [robot_101_seed2893] R2 yaw=+0.021  fwd=-0.0065  score=-0.0128[YawComp] net_yaw_nominal=-0.2450  λ=-0.0839  max_adj=0.061
  → try [0.039, -0.999]
    [robot_98_seed1623] R3 yaw=+0.015  fwd=+0.0133  score=0.0087  → axis [0.849, 0.528]
    [robot_99_seed2283] R3 yaw=+0.033  fwd=-0.0277  score=-0.0377[YawComp] net_yaw_nominal=-0.6217  λ=-0.1481  max_adj=0.105
  → try [0.087, 0.996]
    [robot_100_seed2579] R3 yaw=+0.063  fwd=-0.0264  score=-0.0453  → axis [0.969, -0.246]
    [robot_101_seed2893] R3 yaw=+0.009  fwd=-0.0035  score=-0.0062[YawComp] net_yaw_nominal=0.2450  λ=0.0839  max_adj=0.061
  → try [-0.039, 0.999]
    [robot_99_seed2283] R4 yaw=-0.027  fwd=-0.1059  score=-0.1140  → axis [0.996, -0.087]
    [robot_101_seed2893] R4 yaw=-0.020  fwd=-0.0214  score=-0.0276  → axis [0.039, -0.999]
[Warning] [carb.gym.plugin] Incomplete articulation end index in function setRigidBodyStates
[Warning] [carb.gym.plugin] Incomplete articulation start index in function setRigidBodyStates
[Warning] [carb.gym.plugin] Incomplete articulation end index in function setRigidBodyStates
[Warning] [carb.gym.plugin] Incomplete articulation start index in function setRigidBodyStates
[Warning] [carb.gym.plugin] Incomplete articulation end index in function setRigidBodyStates
[Warning] [carb.gym.plugin] Incomplete articulation start index in function setRigidBodyStates
[Warning] [carb.gym.plugin] Incomplete articulation end index in function setRigidBodyStates
[Warning] [carb.gym.plugin] Incomplete articulation start index in function setRigidBodyStates
[Warning] [carb.gym.plugin] Incomplete articulation end index in function setRigidBodyStates
[Warning] [carb.gym.plugin] Incomplete articulation start index in function setRigidBodyStates
[Warning] [carb.gym.plugin] Incomplete articulation end index in function setRigidBodyStates
[Warning] [carb.gym.plugin] Incomplete articulation start index in function setRigidBodyStates
[Warning] [carb.gym.plugin] Incomplete articulation end index in function setRigidBodyStates
[Warning] [carb.gym.plugin] Incomplete articulation start index in function setRigidBodyStates
[Warning] [carb.gym.plugin] Incomplete articulation end index in function setRigidBodyStates
[Warning] [carb.gym.plugin] Incomplete articulation start index in function setRigidBodyStates
[Warning] [carb.gym.plugin] Incomplete articulation end index in function setRigidBodyStates
[Warning] [carb.gym.plugin] Incomplete articulation start index in function setRigidBodyStates
[Warning] [carb.gym.plugin] Incomplete articulation start index in function setRigidBodyStates
[Warning] [carb.gym.plugin] Incomplete articulation end index in function setRigidBodyStates
[Warning] [carb.gym.plugin] Incomplete articulation start index in function setRigidBodyStates
[Warning] [carb.gym.plugin] Incomplete articulation end index in function setRigidBodyStates
[Warning] [carb.gym.plugin] Incomplete articulation start index in function setRigidBodyStates
[Warning] [carb.gym.plugin] Incomplete articulation end index in function setRigidBodyStates
[Warning] [carb.gym.plugin] Incomplete articulation start index in function setRigidBodyStates
[Warning] [carb.gym.plugin] Incomplete articulation end index in function setRigidBodyStates
[Warning] [carb.gym.plugin] Incomplete articulation start index in function setRigidBodyStates
  [Sim]  robot_98_seed1623  steps=7560  fwd=-0.004m  lat=-0.062m  drift=6.20
    [EKF] drift=6.20 > 0.3, trying online correction … Not connected to PVD
+++ Using GPU PhysX
Physics Engine: PhysX
Physics Device: cuda:0
GPU Pipeline: disabled
✓ improved: drift=1.71
  [Plot] Saved → /data/code/yjh/Adaptation/batch_results/20260624_162055/robot_98_seed1623/trajectory.png
  [Sim]  robot_99_seed2283  steps=2467  fwd=-2.372m  lat=-2.780m  drift=1.17
    [EKF] drift=1.17 > 0.3, trying online correction … Not connected to PVD
+++ Using GPU PhysX
Physics Engine: PhysX
Physics Device: cuda:0
GPU Pipeline: disabled
✓ improved: drift=0.37
  [Plot] Saved → /data/code/yjh/Adaptation/batch_results/20260624_162055/robot_99_seed2283/trajectory.png
  [Sim]  robot_100_seed2579  steps=7560  fwd=+0.096m  lat=-0.159m  drift=1.67
    [EKF] drift=1.67 > 0.3, trying online correction … Not connected to PVD
+++ Using GPU PhysX
Physics Engine: PhysX
Physics Device: cuda:0
GPU Pipeline: disabled
✓ improved: drift=0.37
  [Plot] Saved → /data/code/yjh/Adaptation/batch_results/20260624_162055/robot_100_seed2579/trajectory.png
  [Sim]  robot_101_seed2893  steps=7560  fwd=-0.016m  lat=-0.633m  drift=39.14
    [EKF] drift=39.14 > 0.3, trying online correction … Not connected to PVD
+++ Using GPU PhysX
Physics Engine: PhysX
Physics Device: cuda:0
GPU Pipeline: disabled
✓ improved: drift=0.25
  [Plot] Saved → /data/code/yjh/Adaptation/batch_results/20260624_162055/robot_101_seed2893/trajectory.png

  [Sub-batch 21/38] robots 80–83
Not connected to PVD
+++ Using GPU PhysX
Physics Engine: PhysX
Physics Device: cuda:0
GPU Pipeline: disabled
  [IsolatedBatch] WARNING: worker exited -11, no results file; using fallback
  [Sim]  robot_103_seed8849  steps=0  fwd=+0.000m  lat=+0.000m  drift=0.00
  [Plot] Saved → /data/code/yjh/Adaptation/batch_results/20260624_162055/robot_103_seed8849/trajectory.png
  [Sim]  robot_105_seed9993  steps=0  fwd=+0.000m  lat=+0.000m  drift=0.00
  [Plot] Saved → /data/code/yjh/Adaptation/batch_results/20260624_162055/robot_105_seed9993/trajectory.png
  [Sim]  robot_106_seed235  steps=0  fwd=+0.000m  lat=+0.000m  drift=0.00
  [Plot] Saved → /data/code/yjh/Adaptation/batch_results/20260624_162055/robot_106_seed235/trajectory.png
  [Sim]  robot_108_seed9963  steps=0  fwd=+0.000m  lat=+0.000m  drift=0.00
  [Plot] Saved → /data/code/yjh/Adaptation/batch_results/20260624_162055/robot_108_seed9963/trajectory.png

  [Sub-batch 22/38] robots 84–87
Not connected to PVD
+++ Using GPU PhysX
Physics Engine: PhysX
Physics Device: cuda:0
GPU Pipeline: disabled
  [IsolatedBatch] WARNING: worker exited -11, no results file; using fallback
  [Sim]  robot_109_seed1611  steps=0  fwd=+0.000m  lat=+0.000m  drift=0.00
  [Plot] Saved → /data/code/yjh/Adaptation/batch_results/20260624_162055/robot_109_seed1611/trajectory.png
  [Sim]  robot_111_seed2119  steps=0  fwd=+0.000m  lat=+0.000m  drift=0.00
  [Plot] Saved → /data/code/yjh/Adaptation/batch_results/20260624_162055/robot_111_seed2119/trajectory.png
  [Sim]  robot_112_seed8658  steps=0  fwd=+0.000m  lat=+0.000m  drift=0.00
  [Plot] Saved → /data/code/yjh/Adaptation/batch_results/20260624_162055/robot_112_seed8658/trajectory.png
  [Sim]  robot_113_seed9779  steps=0  fwd=+0.000m  lat=+0.000m  drift=0.00
  [Plot] Saved → /data/code/yjh/Adaptation/batch_results/20260624_162055/robot_113_seed9779/trajectory.png

  [Sub-batch 23/38] robots 88–91
Not connected to PVD
+++ Using GPU PhysX
Physics Engine: PhysX
Physics Device: cuda:0
GPU Pipeline: disabled
  [IsolatedBatch] WARNING: worker exited -11, no results file; using fallback
  [Sim]  robot_114_seed5253  steps=0  fwd=+0.000m  lat=+0.000m  drift=0.00
  [Plot] Saved → /data/code/yjh/Adaptation/batch_results/20260624_162055/robot_114_seed5253/trajectory.png
  [Sim]  robot_115_seed6583  steps=0  fwd=+0.000m  lat=+0.000m  drift=0.00
  [Plot] Saved → /data/code/yjh/Adaptation/batch_results/20260624_162055/robot_115_seed6583/trajectory.png
  [Sim]  robot_116_seed7562  steps=0  fwd=+0.000m  lat=+0.000m  drift=0.00
  [Plot] Saved → /data/code/yjh/Adaptation/batch_results/20260624_162055/robot_116_seed7562/trajectory.png
  [Sim]  robot_119_seed7131  steps=0  fwd=+0.000m  lat=+0.000m  drift=0.00
  [Plot] Saved → /data/code/yjh/Adaptation/batch_results/20260624_162055/robot_119_seed7131/trajectory.png

  [Sub-batch 24/38] robots 92–95
Not connected to PVD
+++ Using GPU PhysX
Physics Engine: PhysX
Physics Device: cuda:0
GPU Pipeline: disabled
  [IsolatedBatch] WARNING: worker exited -11, no results file; using fallback
  [Sim]  robot_120_seed1945  steps=0  fwd=+0.000m  lat=+0.000m  drift=0.00
  [Plot] Saved → /data/code/yjh/Adaptation/batch_results/20260624_162055/robot_120_seed1945/trajectory.png
  [Sim]  robot_121_seed9758  steps=0  fwd=+0.000m  lat=+0.000m  drift=0.00
  [Plot] Saved → /data/code/yjh/Adaptation/batch_results/20260624_162055/robot_121_seed9758/trajectory.png
  [Sim]  robot_122_seed4748  steps=0  fwd=+0.000m  lat=+0.000m  drift=0.00
  [Plot] Saved → /data/code/yjh/Adaptation/batch_results/20260624_162055/robot_122_seed4748/trajectory.png
  [Sim]  robot_123_seed6094  steps=0  fwd=+0.000m  lat=+0.000m  drift=0.00
  [Plot] Saved → /data/code/yjh/Adaptation/batch_results/20260624_162055/robot_123_seed6094/trajectory.png

  [Sub-batch 25/38] robots 96–99
Not connected to PVD
+++ Using GPU PhysX
Physics Engine: PhysX
Physics Device: cuda:0
GPU Pipeline: disabled
  [IsolatedBatch] WARNING: worker exited -11, no results file; using fallback
  [Sim]  robot_126_seed8535  steps=0  fwd=+0.000m  lat=+0.000m  drift=0.00
  [Plot] Saved → /data/code/yjh/Adaptation/batch_results/20260624_162055/robot_126_seed8535/trajectory.png
  [Sim]  robot_127_seed5232  steps=0  fwd=+0.000m  lat=+0.000m  drift=0.00
  [Plot] Saved → /data/code/yjh/Adaptation/batch_results/20260624_162055/robot_127_seed5232/trajectory.png
  [Sim]  robot_128_seed8497  steps=0  fwd=+0.000m  lat=+0.000m  drift=0.00
  [Plot] Saved → /data/code/yjh/Adaptation/batch_results/20260624_162055/robot_128_seed8497/trajectory.png
  [Sim]  robot_129_seed4126  steps=0  fwd=+0.000m  lat=+0.000m  drift=0.00
  [Plot] Saved → /data/code/yjh/Adaptation/batch_results/20260624_162055/robot_129_seed4126/trajectory.png

  [Sub-batch 26/38] robots 100–103
Not connected to PVD
+++ Using GPU PhysX
Physics Engine: PhysX
Physics Device: cuda:0
GPU Pipeline: disabled
  [IsolatedBatch] WARNING: worker exited -11, no results file; using fallback
  [Sim]  robot_130_seed2060  steps=0  fwd=+0.000m  lat=+0.000m  drift=0.00
  [Plot] Saved → /data/code/yjh/Adaptation/batch_results/20260624_162055/robot_130_seed2060/trajectory.png
  [Sim]  robot_132_seed3379  steps=0  fwd=+0.000m  lat=+0.000m  drift=0.00
  [Plot] Saved → /data/code/yjh/Adaptation/batch_results/20260624_162055/robot_132_seed3379/trajectory.png
  [Sim]  robot_134_seed9790  steps=0  fwd=+0.000m  lat=+0.000m  drift=0.00
  [Plot] Saved → /data/code/yjh/Adaptation/batch_results/20260624_162055/robot_134_seed9790/trajectory.png
  [Sim]  robot_135_seed3019  steps=0  fwd=+0.000m  lat=+0.000m  drift=0.00
  [Plot] Saved → /data/code/yjh/Adaptation/batch_results/20260624_162055/robot_135_seed3019/trajectory.png

  [Sub-batch 27/38] robots 104–107
Not connected to PVD
+++ Using GPU PhysX
Physics Engine: PhysX
Physics Device: cuda:0
GPU Pipeline: disabled
  [IsolatedBatch] WARNING: worker exited -11, no results file; using fallback
  [Sim]  robot_139_seed1316  steps=0  fwd=+0.000m  lat=+0.000m  drift=0.00
  [Plot] Saved → /data/code/yjh/Adaptation/batch_results/20260624_162055/robot_139_seed1316/trajectory.png
  [Sim]  robot_142_seed4677  steps=0  fwd=+0.000m  lat=+0.000m  drift=0.00
  [Plot] Saved → /data/code/yjh/Adaptation/batch_results/20260624_162055/robot_142_seed4677/trajectory.png
  [Sim]  robot_143_seed7077  steps=0  fwd=+0.000m  lat=+0.000m  drift=0.00
  [Plot] Saved → /data/code/yjh/Adaptation/batch_results/20260624_162055/robot_143_seed7077/trajectory.png
  [Sim]  robot_144_seed271  steps=0  fwd=+0.000m  lat=+0.000m  drift=0.00
  [Plot] Saved → /data/code/yjh/Adaptation/batch_results/20260624_162055/robot_144_seed271/trajectory.png

  [Sub-batch 28/38] robots 108–111
Not connected to PVD
+++ Using GPU PhysX
Physics Engine: PhysX
Physics Device: cuda:0
GPU Pipeline: disabled
  [IsolatedBatch] WARNING: worker exited -11, no results file; using fallback
  [Sim]  robot_145_seed5427  steps=0  fwd=+0.000m  lat=+0.000m  drift=0.00
  [Plot] Saved → /data/code/yjh/Adaptation/batch_results/20260624_162055/robot_145_seed5427/trajectory.png
  [Sim]  robot_146_seed1426  steps=0  fwd=+0.000m  lat=+0.000m  drift=0.00
  [Plot] Saved → /data/code/yjh/Adaptation/batch_results/20260624_162055/robot_146_seed1426/trajectory.png
  [Sim]  robot_147_seed1330  steps=0  fwd=+0.000m  lat=+0.000m  drift=0.00
  [Plot] Saved → /data/code/yjh/Adaptation/batch_results/20260624_162055/robot_147_seed1330/trajectory.png
  [Sim]  robot_148_seed9623  steps=0  fwd=+0.000m  lat=+0.000m  drift=0.00
  [Plot] Saved → /data/code/yjh/Adaptation/batch_results/20260624_162055/robot_148_seed9623/trajectory.png

  [Sub-batch 29/38] robots 112–115
Not connected to PVD
+++ Using GPU PhysX
Physics Engine: PhysX
Physics Device: cuda:0
GPU Pipeline: disabled
  [IsolatedBatch] WARNING: worker exited -11, no results file; using fallback
  [Sim]  robot_149_seed2266  steps=0  fwd=+0.000m  lat=+0.000m  drift=0.00
  [Plot] Saved → /data/code/yjh/Adaptation/batch_results/20260624_162055/robot_149_seed2266/trajectory.png
  [Sim]  robot_150_seed9204  steps=0  fwd=+0.000m  lat=+0.000m  drift=0.00
  [Plot] Saved → /data/code/yjh/Adaptation/batch_results/20260624_162055/robot_150_seed9204/trajectory.png
  [Sim]  robot_151_seed974  steps=0  fwd=+0.000m  lat=+0.000m  drift=0.00
  [Plot] Saved → /data/code/yjh/Adaptation/batch_results/20260624_162055/robot_151_seed974/trajectory.png
  [Sim]  robot_152_seed5494  steps=0  fwd=+0.000m  lat=+0.000m  drift=0.00
  [Plot] Saved → /data/code/yjh/Adaptation/batch_results/20260624_162055/robot_152_seed5494/trajectory.png

  [Sub-batch 30/38] robots 116–119
Not connected to PVD
+++ Using GPU PhysX
Physics Engine: PhysX
Physics Device: cuda:0
GPU Pipeline: disabled
  [IsolatedBatch] WARNING: worker exited -11, no results file; using fallback
  [Sim]  robot_154_seed2938  steps=0  fwd=+0.000m  lat=+0.000m  drift=0.00
  [Plot] Saved → /data/code/yjh/Adaptation/batch_results/20260624_162055/robot_154_seed2938/trajectory.png
  [Sim]  robot_155_seed7528  steps=0  fwd=+0.000m  lat=+0.000m  drift=0.00
  [Plot] Saved → /data/code/yjh/Adaptation/batch_results/20260624_162055/robot_155_seed7528/trajectory.png
  [Sim]  robot_158_seed2667  steps=0  fwd=+0.000m  lat=+0.000m  drift=0.00
  [Plot] Saved → /data/code/yjh/Adaptation/batch_results/20260624_162055/robot_158_seed2667/trajectory.png
  [Sim]  robot_159_seed3000  steps=0  fwd=+0.000m  lat=+0.000m  drift=0.00
  [Plot] Saved → /data/code/yjh/Adaptation/batch_results/20260624_162055/robot_159_seed3000/trajectory.png

  [Sub-batch 31/38] robots 120–123
Not connected to PVD
+++ Using GPU PhysX
Physics Engine: PhysX
Physics Device: cuda:0
GPU Pipeline: disabled
  [IsolatedBatch] WARNING: worker exited -11, no results file; using fallback
  [Sim]  robot_161_seed2029  steps=0  fwd=+0.000m  lat=+0.000m  drift=0.00
  [Plot] Saved → /data/code/yjh/Adaptation/batch_results/20260624_162055/robot_161_seed2029/trajectory.png
  [Sim]  robot_162_seed5304  steps=0  fwd=+0.000m  lat=+0.000m  drift=0.00
  [Plot] Saved → /data/code/yjh/Adaptation/batch_results/20260624_162055/robot_162_seed5304/trajectory.png
  [Sim]  robot_164_seed8677  steps=0  fwd=+0.000m  lat=+0.000m  drift=0.00
  [Plot] Saved → /data/code/yjh/Adaptation/batch_results/20260624_162055/robot_164_seed8677/trajectory.png
  [Sim]  robot_166_seed9033  steps=0  fwd=+0.000m  lat=+0.000m  drift=0.00
  [Plot] Saved → /data/code/yjh/Adaptation/batch_results/20260624_162055/robot_166_seed9033/trajectory.png

  [Sub-batch 32/38] robots 124–127
Not connected to PVD
+++ Using GPU PhysX
Physics Engine: PhysX
Physics Device: cuda:0
GPU Pipeline: disabled
  [IsolatedBatch] WARNING: worker exited -11, no results file; using fallback
  [Sim]  robot_167_seed2602  steps=0  fwd=+0.000m  lat=+0.000m  drift=0.00
  [Plot] Saved → /data/code/yjh/Adaptation/batch_results/20260624_162055/robot_167_seed2602/trajectory.png
  [Sim]  robot_168_seed4995  steps=0  fwd=+0.000m  lat=+0.000m  drift=0.00
  [Plot] Saved → /data/code/yjh/Adaptation/batch_results/20260624_162055/robot_168_seed4995/trajectory.png
  [Sim]  robot_169_seed4007  steps=0  fwd=+0.000m  lat=+0.000m  drift=0.00
  [Plot] Saved → /data/code/yjh/Adaptation/batch_results/20260624_162055/robot_169_seed4007/trajectory.png
  [Sim]  robot_171_seed9752  steps=0  fwd=+0.000m  lat=+0.000m  drift=0.00
  [Plot] Saved → /data/code/yjh/Adaptation/batch_results/20260624_162055/robot_171_seed9752/trajectory.png

  [Sub-batch 33/38] robots 128–131
Not connected to PVD
+++ Using GPU PhysX
Physics Engine: PhysX
Physics Device: cuda:0
GPU Pipeline: disabled
  [IsolatedBatch] WARNING: worker exited -11, no results file; using fallback
  [Sim]  robot_172_seed6416  steps=0  fwd=+0.000m  lat=+0.000m  drift=0.00
  [Plot] Saved → /data/code/yjh/Adaptation/batch_results/20260624_162055/robot_172_seed6416/trajectory.png
  [Sim]  robot_173_seed2870  steps=0  fwd=+0.000m  lat=+0.000m  drift=0.00
  [Plot] Saved → /data/code/yjh/Adaptation/batch_results/20260624_162055/robot_173_seed2870/trajectory.png
  [Sim]  robot_174_seed6475  steps=0  fwd=+0.000m  lat=+0.000m  drift=0.00
  [Plot] Saved → /data/code/yjh/Adaptation/batch_results/20260624_162055/robot_174_seed6475/trajectory.png
  [Sim]  robot_175_seed8738  steps=0  fwd=+0.000m  lat=+0.000m  drift=0.00
  [Plot] Saved → /data/code/yjh/Adaptation/batch_results/20260624_162055/robot_175_seed8738/trajectory.png

  [Sub-batch 34/38] robots 132–135
Not connected to PVD
+++ Using GPU PhysX
Physics Engine: PhysX
Physics Device: cuda:0
GPU Pipeline: disabled
  [IsolatedBatch] WARNING: worker exited -11, no results file; using fallback
  [Sim]  robot_177_seed6142  steps=0  fwd=+0.000m  lat=+0.000m  drift=0.00
  [Plot] Saved → /data/code/yjh/Adaptation/batch_results/20260624_162055/robot_177_seed6142/trajectory.png
  [Sim]  robot_178_seed348  steps=0  fwd=+0.000m  lat=+0.000m  drift=0.00
  [Plot] Saved → /data/code/yjh/Adaptation/batch_results/20260624_162055/robot_178_seed348/trajectory.png
  [Sim]  robot_179_seed5670  steps=0  fwd=+0.000m  lat=+0.000m  drift=0.00
  [Plot] Saved → /data/code/yjh/Adaptation/batch_results/20260624_162055/robot_179_seed5670/trajectory.png
  [Sim]  robot_181_seed2384  steps=0  fwd=+0.000m  lat=+0.000m  drift=0.00
  [Plot] Saved → /data/code/yjh/Adaptation/batch_results/20260624_162055/robot_181_seed2384/trajectory.png

  [Sub-batch 35/38] robots 136–139
Not connected to PVD
+++ Using GPU PhysX
Physics Engine: PhysX
Physics Device: cuda:0
GPU Pipeline: disabled
  [IsolatedBatch] WARNING: worker exited -11, no results file; using fallback
  [Sim]  robot_183_seed8763  steps=0  fwd=+0.000m  lat=+0.000m  drift=0.00
  [Plot] Saved → /data/code/yjh/Adaptation/batch_results/20260624_162055/robot_183_seed8763/trajectory.png
  [Sim]  robot_184_seed5536  steps=0  fwd=+0.000m  lat=+0.000m  drift=0.00
  [Plot] Saved → /data/code/yjh/Adaptation/batch_results/20260624_162055/robot_184_seed5536/trajectory.png
  [Sim]  robot_186_seed4257  steps=0  fwd=+0.000m  lat=+0.000m  drift=0.00
  [Plot] Saved → /data/code/yjh/Adaptation/batch_results/20260624_162055/robot_186_seed4257/trajectory.png
  [Sim]  robot_187_seed2520  steps=0  fwd=+0.000m  lat=+0.000m  drift=0.00
  [Plot] Saved → /data/code/yjh/Adaptation/batch_results/20260624_162055/robot_187_seed2520/trajectory.png

  [Sub-batch 36/38] robots 140–143
Not connected to PVD
+++ Using GPU PhysX
Physics Engine: PhysX
Physics Device: cuda:0
GPU Pipeline: disabled
  [IsolatedBatch] WARNING: worker exited -11, no results file; using fallback
  [Sim]  robot_188_seed8924  steps=0  fwd=+0.000m  lat=+0.000m  drift=0.00
  [Plot] Saved → /data/code/yjh/Adaptation/batch_results/20260624_162055/robot_188_seed8924/trajectory.png
  [Sim]  robot_189_seed4313  steps=0  fwd=+0.000m  lat=+0.000m  drift=0.00
  [Plot] Saved → /data/code/yjh/Adaptation/batch_results/20260624_162055/robot_189_seed4313/trajectory.png
  [Sim]  robot_190_seed4513  steps=0  fwd=+0.000m  lat=+0.000m  drift=0.00
  [Plot] Saved → /data/code/yjh/Adaptation/batch_results/20260624_162055/robot_190_seed4513/trajectory.png
  [Sim]  robot_191_seed2449  steps=0  fwd=+0.000m  lat=+0.000m  drift=0.00
  [Plot] Saved → /data/code/yjh/Adaptation/batch_results/20260624_162055/robot_191_seed2449/trajectory.png

  [Sub-batch 37/38] robots 144–147
Not connected to PVD
+++ Using GPU PhysX
Physics Engine: PhysX
Physics Device: cuda:0
GPU Pipeline: disabled
  [IsolatedBatch] WARNING: worker exited -11, no results file; using fallback
  [Sim]  robot_192_seed2788  steps=0  fwd=+0.000m  lat=+0.000m  drift=0.00
  [Plot] Saved → /data/code/yjh/Adaptation/batch_results/20260624_162055/robot_192_seed2788/trajectory.png
  [Sim]  robot_194_seed9823  steps=0  fwd=+0.000m  lat=+0.000m  drift=0.00
  [Plot] Saved → /data/code/yjh/Adaptation/batch_results/20260624_162055/robot_194_seed9823/trajectory.png
  [Sim]  robot_195_seed9362  steps=0  fwd=+0.000m  lat=+0.000m  drift=0.00
  [Plot] Saved → /data/code/yjh/Adaptation/batch_results/20260624_162055/robot_195_seed9362/trajectory.png
  [Sim]  robot_196_seed8244  steps=0  fwd=+0.000m  lat=+0.000m  drift=0.00
  [Plot] Saved → /data/code/yjh/Adaptation/batch_results/20260624_162055/robot_196_seed8244/trajectory.png

  [Sub-batch 38/38] robots 148–149
Not connected to PVD
+++ Using GPU PhysX
Physics Engine: PhysX
Physics Device: cuda:0
GPU Pipeline: disabled
Importing module 'gym_38' (/data/code/yjh/isaacgym/python/isaacgym/_bindings/linux-x86_64/gym_38.so)
Setting GYM_USD_PLUG_INFO_PATH to /data/code/yjh/isaacgym/python/isaacgym/_bindings/linux-x86_64/usd/plugInfo.json
    [robot_198_seed1191] P1 yaw=-0.035  fwd=-0.0253  score=-0.0360[YawComp] net_yaw_nominal=-0.0467  λ=-0.3641  max_adj=0.055
  → stuck, trying [0.97, -0.242]
    [robot_199_seed5970] P1 yaw=-0.095  fwd=-0.0669  score=-0.0954[YawComp] net_yaw_nominal=-0.4086  λ=-1.2549  max_adj=0.443
  → stuck, trying [0.805, 0.594]
    [robot_198_seed1191] R2 yaw=+0.015  fwd=-0.0200  score=-0.0246[YawComp] net_yaw_nominal=0.0946  λ=0.0546  max_adj=0.029
  → try [-0.242, -0.97]
    [robot_199_seed5970] R2 yaw=+0.030  fwd=-0.0144  score=-0.0234[YawComp] net_yaw_nominal=-0.2346  λ=-0.1956  max_adj=0.097
  → try [0.594, -0.805]
    [robot_198_seed1191] R3 yaw=+0.022  fwd=-0.0983  score=-0.1048[YawComp] net_yaw_nominal=-0.0946  λ=-0.0546  max_adj=0.029
  → try [0.242, 0.97]
    [robot_199_seed5970] R3 yaw=-0.030  fwd=+0.0141  score=0.0052  → axis [0.594, -0.805]
    [robot_198_seed1191] R4 yaw=+0.010  fwd=-0.1157  score=-0.1187  → axis [0.97, -0.242]
[Warning] [carb.gym.plugin] Incomplete articulation end index in function setRigidBodyStates
[Warning] [carb.gym.plugin] Incomplete articulation start index in function setRigidBodyStates
[Warning] [carb.gym.plugin] Incomplete articulation end index in function setRigidBodyStates
[Warning] [carb.gym.plugin] Incomplete articulation start index in function setRigidBodyStates
[Warning] [carb.gym.plugin] Incomplete articulation end index in function setRigidBodyStates
[Warning] [carb.gym.plugin] Incomplete articulation start index in function setRigidBodyStates
[Warning] [carb.gym.plugin] Incomplete articulation end index in function setRigidBodyStates
[Warning] [carb.gym.plugin] Incomplete articulation end index in function setRigidBodyStates
[Warning] [carb.gym.plugin] Incomplete articulation start index in function setRigidBodyStates
  [Sim]  robot_198_seed1191  steps=1561  fwd=-0.119m  lat=-2.312m  drift=19.38
    [EKF] drift=19.38 > 0.3, trying online correction … Not connected to PVD
+++ Using GPU PhysX
Physics Engine: PhysX
Physics Device: cuda:0
GPU Pipeline: disabled
✓ improved: drift=0.37
  [Plot] Saved → /data/code/yjh/Adaptation/batch_results/20260624_162055/robot_198_seed1191/trajectory.png
  [Sim]  robot_199_seed5970  steps=7560  fwd=-0.187m  lat=+0.030m  drift=0.16
  [Plot] Saved → /data/code/yjh/Adaptation/batch_results/20260624_162055/robot_199_seed5970/trajectory.png

============================================================
[Batch] Summary  (/data/code/yjh/Adaptation/batch_results/20260624_162055)
Robot                        Status           SSM  Legs      Fwd      Lat   Drift Strategy      
-----------------------------------------------------------------------------------------------
robot_ref_standard           ok             0.580     6    2.560   -0.699     nan baseline      
robot_02_seed137             unstable      -0.125     -      nan      nan     nan baseline      
robot_08_seed5163            unstable      -0.005     -      nan      nan     nan baseline      
robot_10_seed5463            unstable      -0.020     -      nan      nan     nan baseline      
robot_14_seed562             unstable      -0.165     -      nan      nan     nan baseline      
robot_17_seed106             unstable       0.005     -      nan      nan     nan baseline      
robot_20_seed3374            unstable      -0.150     -      nan      nan     nan baseline      
robot_23_seed3290            unstable      -0.002     -      nan      nan     nan baseline      
robot_24_seed6607            unstable      -0.029     -      nan      nan     nan baseline      
robot_25_seed4183            unstable       0.002     -      nan      nan     nan baseline      
robot_31_seed3929            unstable      -0.110     -      nan      nan     nan baseline      
robot_36_seed9921            unstable      -0.165     -      nan      nan     nan baseline      
robot_45_seed5278            unstable      -0.118     -      nan      nan     nan baseline      
robot_49_seed1340            unstable      -0.023     -      nan      nan     nan baseline      
robot_55_seed8693            unstable       0.008     -      nan      nan     nan baseline      
robot_59_seed8126            unstable      -0.014     -      nan      nan     nan baseline      
robot_65_seed1430            unstable      -0.009     -      nan      nan     nan baseline      
robot_69_seed114             unstable      -0.060     -      nan      nan     nan baseline      
robot_70_seed3521            unstable      -0.005     -      nan      nan     nan baseline      
robot_72_seed72              unstable      -0.077     -      nan      nan     nan baseline      
robot_77_seed7768            unstable      -0.120     -      nan      nan     nan baseline      
robot_83_seed9881            unstable       0.011     -      nan      nan     nan baseline      
robot_93_seed7815            unstable       0.010     -      nan      nan     nan baseline      
robot_102_seed6970           unstable      -0.229     -      nan      nan     nan baseline      
robot_104_seed2011           unstable      -0.069     -      nan      nan     nan baseline      
robot_107_seed2329           unstable      -0.046     -      nan      nan     nan baseline      
robot_110_seed7670           unstable      -0.009     -      nan      nan     nan baseline      
robot_117_seed7864           unstable       0.018     -      nan      nan     nan baseline      
robot_118_seed1567           unstable       0.019     -      nan      nan     nan baseline      
robot_124_seed3569           unstable      -0.067     -      nan      nan     nan baseline      
robot_125_seed4138           unstable      -0.072     -      nan      nan     nan baseline      
robot_131_seed8785           unstable       0.007     -      nan      nan     nan baseline      
robot_133_seed5123           unstable      -0.007     -      nan      nan     nan baseline      
robot_136_seed1628           unstable      -0.069     -      nan      nan     nan baseline      
robot_137_seed1398           unstable      -0.002     -      nan      nan     nan baseline      
robot_138_seed5724           unstable      -0.084     -      nan      nan     nan baseline      
robot_140_seed9127           unstable      -0.022     -      nan      nan     nan baseline      
robot_141_seed6214           unstable      -0.129     -      nan      nan     nan baseline      
robot_153_seed8737           unstable      -0.466     -      nan      nan     nan baseline      
robot_156_seed3639           unstable      -0.050     -      nan      nan     nan baseline      
robot_157_seed1777           unstable      -0.036     -      nan      nan     nan baseline      
robot_160_seed5964           unstable      -0.055     -      nan      nan     nan baseline      
robot_163_seed381            unstable      -0.006     -      nan      nan     nan baseline      
robot_165_seed7858           unstable      -0.208     -      nan      nan     nan baseline      
robot_170_seed1708           unstable       0.009     -      nan      nan     nan baseline      
robot_176_seed2011           unstable      -0.069     -      nan      nan     nan baseline      
robot_180_seed7817           unstable      -0.187     -      nan      nan     nan baseline      
robot_182_seed1333           unstable      -0.021     -      nan      nan     nan baseline      
robot_185_seed5352           unstable      -0.037     -      nan      nan     nan baseline      
robot_193_seed9309           unstable      -0.052     -      nan      nan     nan baseline      
robot_197_seed1665           unstable      -0.032     -      nan      nan     nan baseline      
robot_00_seed7               ok             0.095    10   -0.128    0.030   0.233 baseline      
robot_01_seed42              ok             0.176     4    0.374    1.333   3.561 baseline      
robot_03_seed256             ok             0.131     7   -0.082    0.029   0.358 ekf_online    
robot_04_seed512             ok             0.391     6    1.606    0.281   0.175 baseline      
robot_05_seed8801            ok             0.046     5   -0.000   -0.000   0.001 baseline      
robot_06_seed3144            ok             0.175     9   -2.111   -0.091   0.043 baseline      
robot_07_seed8197            ok             0.074     6    0.320    0.062   0.194 baseline      
robot_09_seed2652            ok             0.422     8   -0.895   -0.341   0.381 baseline      
robot_11_seed2053            ok             0.226     4    1.063    0.417   0.392 baseline      
robot_12_seed6639            ok             0.075     9    1.663    0.164   0.099 baseline      
robot_13_seed6084            ok             0.311     6   -0.217    0.158   0.728 ekf_online    
robot_15_seed3792            ok             0.169     8   -0.666   -0.094   0.141 baseline      
robot_16_seed4674            ok             0.059     5    0.035   -0.002   0.060 baseline      
robot_18_seed1916            ok             0.127     8    0.347    0.153   0.441 baseline      
robot_19_seed6277            ok             0.064     6    0.722   -0.251   0.348 baseline      
robot_21_seed1024            ok             0.275     7   -1.786    0.402   0.225 baseline      
robot_22_seed1341            ok             0.163     6    0.056   -0.022   0.397 ekf_online    
robot_26_seed8376            ok             0.047    10    0.349   -0.003   0.007 baseline      
robot_27_seed2368            ok             0.151     6   -0.322   -0.304   0.946 ekf_online    
robot_28_seed4531            ok             0.288     4   -0.590    0.352   0.596 baseline      
robot_29_seed9702            ok             0.149     9    0.150   -0.055   0.369 ekf_online    
robot_30_seed8543            ok             0.325     4    0.055   -0.053   0.960 ekf_online    
robot_32_seed9509            ok             0.140     6    0.137   -0.068   0.494 ekf_online    
robot_33_seed2624            ok             0.381     7   -0.858    0.647   0.754 baseline      
robot_34_seed5760            ok             0.109    10    2.132    0.526   0.247 baseline      
robot_35_seed1693            ok             0.077     4    0.019   -0.039   2.089 baseline      
robot_37_seed5523            ok             0.127     4   -0.024   -0.052   2.168 ekf_online    
robot_38_seed5580            ok             0.072     5    0.113   -0.111   0.987 baseline      
robot_39_seed9782            ok             0.210    10    0.209   -0.143   0.682 ekf_online    
robot_40_seed1144            ok             0.370     7   -0.059    0.085   1.438 ekf_online    
robot_41_seed3749            ok             0.161     6    1.188   -0.772   0.650 baseline      
robot_42_seed9403            ok             0.117     7   -0.113    0.031   0.276 ekf_online    
robot_43_seed5241            ok             0.194     8   -1.416    0.985   0.696 baseline      
robot_44_seed467             ok             0.248     5   -0.443   -0.036   0.082 ekf_online    
robot_46_seed102             ok             0.113     7   -0.123   -0.772   6.271 baseline      
robot_47_seed7793            ok             0.226     7   -0.085    0.019   0.223 ekf_online    
robot_48_seed8459            ok             0.272     7   -2.244    1.092   0.487 baseline      
robot_50_seed7108            ok             0.228     8   -0.364   -0.070   0.193 baseline      
robot_51_seed7297            ok             0.364     9   -3.786   -1.622   0.428 baseline      
robot_52_seed7880            ok             0.313     4   -0.895    0.606   0.677 baseline      
robot_53_seed5145            ok             0.278     7    0.909   -0.754   0.829 baseline      
robot_54_seed3316            ok             0.163     9    0.364    0.009   0.024 baseline      
robot_56_seed1833            ok             0.370     8    0.298   -0.051   0.170 ekf_online    
robot_57_seed3893            ok             0.274     9    0.003   -0.033   3.335 ekf_online    
robot_58_seed9369            ok             0.157    10    0.028   -0.010   0.345 ekf_online    
robot_60_seed1375            ok             0.058     4    0.085   -0.040   0.471 baseline      
robot_61_seed6377            ok             0.411     7    0.211   -0.049   0.234 ekf_online    
robot_62_seed6330            ok             0.204    10    2.938   -0.022   0.007 baseline      
robot_63_seed6073            ok             0.181     5   -0.197    0.038   0.192 ekf_online    
robot_64_seed8112            ok             0.406    10    0.434    1.074   2.473 baseline      
robot_66_seed2848            ok             0.392     8    0.034    0.057   1.704 ekf_online    
robot_67_seed3566            ok             0.054     7    0.616    0.057   0.093 baseline      
robot_68_seed2672            ok             0.173     7   -0.720    0.498   0.691 baseline      
robot_71_seed5255            ok             0.084     9    0.268    0.074   0.277 baseline      
robot_73_seed7718            ok             0.204     6   -1.037    0.279   0.269 baseline      
robot_74_seed7288            ok             0.330     8    2.401   -0.377   0.157 baseline      
robot_75_seed1713            ok             0.226     5   -0.558   -0.859   1.539 ekf_online    
robot_76_seed9667            ok             0.199    10   -0.296    0.085   0.288 ekf_online    
robot_78_seed7499            ok             0.036     6   -0.348   -0.091   0.260 baseline      
robot_79_seed4705            ok             0.272    10    0.092   -0.040   0.433 ekf_online    
robot_80_seed2682            ok             0.296     8    0.055    0.098   1.803 ekf_online    
robot_81_seed4343            ok             0.394     9   -0.709    0.701   0.988 ekf_online    
robot_82_seed5311            ok             0.120     4   -0.126    0.234   1.863 ekf_online    
robot_84_seed9405            ok             0.167     5   -0.126    0.100   0.799 ekf_online    
robot_85_seed372             ok             0.321     8   -2.519   -1.967   0.781 baseline      
robot_86_seed7117            ok             0.075     6   -0.012   -0.069   5.906 ekf_online    
robot_87_seed6996            ok             0.068     6    0.148    0.074   0.499 baseline      
robot_88_seed8242            ok             0.326     6    1.559   -0.606   0.389 baseline      
robot_89_seed225             ok             0.317    10    2.658    0.370   0.139 baseline      
robot_90_seed9070            ok             0.121     6   -0.327   -0.385   1.177 ekf_online    
robot_91_seed8231            ok             0.268     8   -0.261    0.291   1.115 ekf_online    
robot_92_seed6702            ok             0.303     7   -2.650   -4.511   1.702 baseline      
robot_94_seed1790            ok             0.299     8   -0.316    0.335   1.062 ekf_online    
robot_95_seed9362            ok             0.175     9    0.280   -0.047   0.168 baseline      
robot_96_seed3858            ok             0.048     7    0.253    0.018   0.072 baseline      
robot_97_seed6815            ok             0.376     5   -0.339    0.062   0.182 baseline      
robot_98_seed1623            ok             0.187     8    0.102   -0.174   1.706 ekf_online    
robot_99_seed2283            ok             0.350     9    0.165   -0.062   0.375 ekf_online    
robot_100_seed2579           ok             0.131     6    0.175   -0.065   0.370 ekf_online    
robot_101_seed2893           ok             0.346     8    0.061    0.015   0.251 ekf_online    
robot_103_seed8849           ok             0.061     7    0.000    0.000   0.000 baseline      
robot_105_seed9993           ok             0.217     6    0.000    0.000   0.000 baseline      
robot_106_seed235            ok             0.334     8    0.000    0.000   0.000 baseline      
robot_108_seed9963           ok             0.273    10    0.000    0.000   0.000 baseline      
robot_109_seed1611           ok             0.135     8    0.000    0.000   0.000 baseline      
robot_111_seed2119           ok             0.422    10    0.000    0.000   0.000 baseline      
robot_112_seed8658           ok             0.396     6    0.000    0.000   0.000 baseline      
robot_113_seed9779           ok             0.257     7    0.000    0.000   0.000 baseline      
robot_114_seed5253           ok             0.072     8    0.000    0.000   0.000 baseline      
robot_115_seed6583           ok             0.313     7    0.000    0.000   0.000 baseline      
robot_116_seed7562           ok             0.287     8    0.000    0.000   0.000 baseline      
robot_119_seed7131           ok             0.306     5    0.000    0.000   0.000 baseline      
robot_120_seed1945           ok             0.347    10    0.000    0.000   0.000 baseline      
robot_121_seed9758           ok             0.387     7    0.000    0.000   0.000 baseline      
robot_122_seed4748           ok             0.293     9    0.000    0.000   0.000 baseline      
robot_123_seed6094           ok             0.246     6    0.000    0.000   0.000 baseline      
robot_126_seed8535           ok             0.109     4    0.000    0.000   0.000 baseline      
robot_127_seed5232           ok             0.239     7    0.000    0.000   0.000 baseline      
robot_128_seed8497           ok             0.101     4    0.000    0.000   0.000 baseline      
robot_129_seed4126           ok             0.300     5    0.000    0.000   0.000 baseline      
robot_130_seed2060           ok             0.064     5    0.000    0.000   0.000 baseline      
robot_132_seed3379           ok             0.260    10    0.000    0.000   0.000 baseline      
robot_134_seed9790           ok             0.178     4    0.000    0.000   0.000 baseline      
robot_135_seed3019           ok             0.193    10    0.000    0.000   0.000 baseline      
robot_139_seed1316           ok             0.144     9    0.000    0.000   0.000 baseline      
robot_142_seed4677           ok             0.225     8    0.000    0.000   0.000 baseline      
robot_143_seed7077           ok             0.247     7    0.000    0.000   0.000 baseline      
robot_144_seed271            ok             0.310    10    0.000    0.000   0.000 baseline      
robot_145_seed5427           ok             0.215    10    0.000    0.000   0.000 baseline      
robot_146_seed1426           ok             0.446     8    0.000    0.000   0.000 baseline      
robot_147_seed1330           ok             0.136     4    0.000    0.000   0.000 baseline      
robot_148_seed9623           ok             0.302     8    0.000    0.000   0.000 baseline      
robot_149_seed2266           ok             0.058     6    0.000    0.000   0.000 baseline      
robot_150_seed9204           ok             0.356     8    0.000    0.000   0.000 baseline      
robot_151_seed974            ok             0.068     8    0.000    0.000   0.000 baseline      
robot_152_seed5494           ok             0.046     5    0.000    0.000   0.000 baseline      
robot_154_seed2938           ok             0.129     6    0.000    0.000   0.000 baseline      
robot_155_seed7528           ok             0.332     9    0.000    0.000   0.000 baseline      
robot_158_seed2667           ok             0.075     8    0.000    0.000   0.000 baseline      
robot_159_seed3000           ok             0.386     9    0.000    0.000   0.000 baseline      
robot_161_seed2029           ok             0.163     5    0.000    0.000   0.000 baseline      
robot_162_seed5304           ok             0.168     5    0.000    0.000   0.000 baseline      
robot_164_seed8677           ok             0.231     7    0.000    0.000   0.000 baseline      
robot_166_seed9033           ok             0.114     6    0.000    0.000   0.000 baseline      
robot_167_seed2602           ok             0.099     9    0.000    0.000   0.000 baseline      
robot_168_seed4995           ok             0.082     6    0.000    0.000   0.000 baseline      
robot_169_seed4007           ok             0.315     8    0.000    0.000   0.000 baseline      
robot_171_seed9752           ok             0.260     5    0.000    0.000   0.000 baseline      
robot_172_seed6416           ok             0.068     5    0.000    0.000   0.000 baseline      
robot_173_seed2870           ok             0.152     9    0.000    0.000   0.000 baseline      
robot_174_seed6475           ok             0.192     8    0.000    0.000   0.000 baseline      
robot_175_seed8738           ok             0.092     8    0.000    0.000   0.000 baseline      
robot_177_seed6142           ok             0.058     7    0.000    0.000   0.000 baseline      
robot_178_seed348            ok             0.155     5    0.000    0.000   0.000 baseline      
robot_179_seed5670           ok             0.240     5    0.000    0.000   0.000 baseline      
robot_181_seed2384           ok             0.163    10    0.000    0.000   0.000 baseline      
robot_183_seed8763           ok             0.155     4    0.000    0.000   0.000 baseline      
robot_184_seed5536           ok             0.165     8    0.000    0.000   0.000 baseline      
robot_186_seed4257           ok             0.115     8    0.000    0.000   0.000 baseline      
robot_187_seed2520           ok             0.371    10    0.000    0.000   0.000 baseline      
robot_188_seed8924           ok             0.311    10    0.000    0.000   0.000 baseline      
robot_189_seed4313           ok             0.122     7    0.000    0.000   0.000 baseline      
robot_190_seed4513           ok             0.431     9    0.000    0.000   0.000 baseline      
robot_191_seed2449           ok             0.084     8    0.000    0.000   0.000 baseline      
robot_192_seed2788           ok             0.264     9    0.000    0.000   0.000 baseline      
robot_194_seed9823           ok             0.138     8    0.000    0.000   0.000 baseline      
robot_195_seed9362           ok             0.175     9    0.000    0.000   0.000 baseline      
robot_196_seed8244           ok             0.130     7    0.000    0.000   0.000 baseline      
robot_198_seed1191           ok             0.277     4    0.075   -0.028   0.369 ekf_online    
robot_199_seed5970           ok             0.181     4   -0.187    0.030   0.160 baseline      
[Batch] PNG folder: /data/code/yjh/Adaptation/batch_results/20260624_162055/png  (201 images)
Traceback (most recent call last):
  File "batch_test.py", line 2925, in <module>
    main()
  File "batch_test.py", line 2915, in main
    report_path = generate_batch_report(out_root, summary_rows)
  File "batch_test.py", line 2188, in generate_batch_report
    drift_mean = sum(drift_vals) / len(drift_vals) if drift_vals else 0
NameError: name 'drift_vals' is not defined
