Not connected to PVD
+++ Using GPU PhysX
Physics Engine: PhysX
Physics Device: cuda:0
GPU Pipeline: disabled
Not connected to PVD
+++ Using GPU PhysX
Physics Engine: PhysX
Physics Device: cuda:0
GPU Pipeline: disabled
Importing module 'gym_38' (/data/code/yjh/isaacgym/python/isaacgym/_bindings/linux-x86_64/gym_38.so)
Setting GYM_USD_PLUG_INFO_PATH to /data/code/yjh/isaacgym/python/isaacgym/_bindings/linux-x86_64/usd/plugInfo.json
[Batch] Output directory: /data/code/yjh/Adaptation/batch_results/20260623_125539
[Batch] Testing 500 robots — seeds: [7, 42, 137, 256, 512, 9558, 1633, 6985, 8354, 8119, 5868, 946, 414, 3019, 8693, 4664, 5070, 4274, 2549, 5927, 2120, 9270, 2655, 4391, 6530, 7689, 737, 555, 2970, 4521, 4214, 3769, 4941, 6212, 159, 6201, 2781, 3912, 6089, 1380, 8153, 8869, 2076, 5483, 973, 5613, 50, 648, 8276, 411, 5411, 7751, 8325, 2673, 5190, 307, 5994, 3570, 747, 6983, 653, 6288, 8692, 2071, 5663, 2852, 9556, 5371, 7308, 7483, 4964, 2924, 2241, 7707, 3723, 1591, 7696, 7662, 4555, 1920, 3834, 5908, 9921, 7618, 9951, 8560, 2534, 9138, 6686, 819, 1189, 7246, 2404, 9813, 1155, 5991, 9748, 9158, 8711, 1921, 5890, 3485, 1002, 8966, 9875, 2499, 9164, 9114, 6648, 9263, 5570, 736, 9580, 2904, 8174, 4579, 752, 6595, 757, 5386, 9826, 821, 5759, 1824, 6602, 8919, 3878, 7118, 6625, 5905, 5139, 2278, 9364, 3507, 705, 6810, 3979, 2206, 9226, 9573, 7268, 9805, 8067, 1589, 5919, 857, 2830, 6462, 166, 1813, 9108, 5704, 8771, 6747, 8031, 4778, 1092, 2098, 4663, 645, 9297, 9800, 6007, 9148, 9773, 6903, 6567, 5597, 5491, 7563, 4086, 9478, 3589, 9042, 2895, 9193, 506, 1558, 2783, 3410, 1367, 6671, 4963, 1233, 4086, 9442, 3813, 9857, 5262, 654, 1922, 5292, 7258, 3557, 9858, 6594, 4976, 8599, 2888, 5836, 3974, 5818, 2784, 6615, 5089, 2168, 6298, 2550, 7357, 1169, 8703, 761, 2791, 7253, 2088, 1564, 2043, 715, 134, 7742, 1530, 1796, 6553, 4236, 708, 1818, 3623, 1398, 5661, 7217, 2531, 1353, 79, 8557, 2680, 4549, 5784, 5980, 9533, 8867, 7575, 775, 1594, 4950, 2448, 8850, 9191, 5810, 9887, 8070, 740, 4982, 1249, 4681, 6298, 863, 8721, 6169, 6042, 681, 7855, 7308, 4431, 6625, 6806, 3814, 4082, 5436, 7293, 4507, 155, 5635, 7103, 7001, 4158, 526, 2856, 5427, 3373, 6022, 7832, 2940, 1718, 7334, 4742, 537, 8313, 5681, 9998, 3186, 5523, 2583, 9684, 5596, 1273, 4299, 9734, 639, 8347, 8504, 3433, 6611, 2061, 5099, 3374, 2554, 2480, 9436, 9098, 8858, 7362, 3878, 2184, 3906, 6938, 2805, 8227, 5896, 5778, 4165, 8564, 8984, 1322, 5525, 5065, 7663, 5268, 6909, 8621, 551, 744, 8704, 4893, 501, 3438, 8835, 9280, 3800, 263, 6365, 1047, 4281, 6240, 3980, 3891, 7666, 8907, 7337, 1070, 3720, 1117, 7999, 96, 984, 437, 9210, 384, 4800, 8624, 4025, 7016, 1845, 6108, 6338, 1240, 5910, 5781, 7447, 4388, 1567, 9926, 1166, 3211, 7607, 7312, 7478, 1430, 3947, 6657, 8405, 1999, 4854, 6573, 9562, 6761, 9018, 2213, 9575, 4097, 1806, 3657, 8806, 32, 33, 4102, 4815, 6346, 8145, 8180, 6176, 9010, 8884, 2592, 2273, 5722, 9622, 7714, 2734, 3597, 9403, 1679, 6070, 750, 3661, 185, 329, 3917, 3772, 7128, 7921, 5750, 8181, 189, 8655, 4652, 3416, 7855, 9432, 9223, 4406, 7498, 6407, 5862, 3347, 874, 6140, 6263, 1186, 2044, 7266, 3801, 5469, 7426, 6548, 6567, 1738, 294, 4399, 214, 7891, 6597, 841, 2251, 5942, 7615, 3152, 4185, 2540, 5668, 6874, 9537, 6116, 6681, 5640, 1727, 1424, 1548, 779, 3486, 9478, 1463, 6527, 9810, 2378, 5224, 8663, 9966, 5048, 6242, 6225, 3342, 8713, 5783, 6642, 9943, 7179, 5071, 6017, 8399, 5303, 8675, 447, 3565, 675, 8165, 9081, 2967, 7223, 4918, 9778]

============================================================
[Ref] robot_ref_standard
  [Gen]  legs=6  (standard hexapod)
  [SSM]  ssm=0.5800m  passed=True
[Grouping] 标准六足对角三脚架: group_a=[0, 4, 2]  group_b=[5, 1, 3]
[YawComp] net_yaw_nominal=-0.0000  λ=-0.0000  max_adj=0.000
  [Probe1] yaw=-0.016 rad/s  fwd_vel=+0.0632 m/s  speed=0.0642 m/s
  [Opt] Plan OK → queued for batch sim
  [Sim]  steps=2412  fwd=+2.560m  lat=-0.699m
  [Plot] Saved → /data/code/yjh/Adaptation/batch_results/20260623_125539/robot_ref_standard/trajectory.png
============================================================
[1/500] robot_00_seed7
  [Gen]  legs=10  desc=robot_description.json  urdf=robot.urdf
  [SSM]  ssm=0.0948m  passed=True
[YawComp] net_yaw_nominal=1.1316  λ=0.2420  max_adj=0.168
============================================================
[2/500] robot_01_seed42
  [Gen]  legs=4  desc=robot_description.json  urdf=robot.urdf
  [SSM]  ssm=0.1763m  passed=True
[YawComp] net_yaw_nominal=-0.3064  λ=-0.1699  max_adj=0.108
============================================================
[3/500] robot_02_seed137
  [Gen]  FAILED: generate_urdf failed (seed=137):
Traceback (most recent call last):
  File "/data/code/yjh/Adaptation/generate_urdf.py", line 195, in <module>
    main()
  File "/data/code/yjh/Adaptation/generate_urdf.py", line 189, in main
    validate_static_stability_before_export(metadata)
  File "/data/code/yjh/Adaptation/generate_urdf.py", line 179, in validate_static_stability_before_export
    if os.environ.get("STRICT_SSM") == "1":
Name
============================================================
[4/500] robot_03_seed256
  [Gen]  legs=7  desc=robot_description.json  urdf=robot.urdf
  [SSM]  ssm=0.1311m  passed=True
[YawComp] net_yaw_nominal=0.3941  λ=0.0985  max_adj=0.073
============================================================
[5/500] robot_04_seed512
  [Gen]  legs=6  desc=robot_description.json  urdf=robot.urdf
  [SSM]  ssm=0.3909m  passed=True
[Grouping] 标准六足对角三脚架: group_a=[5, 1, 3]  group_b=[0, 4, 2]
[YawComp] net_yaw_nominal=0.4074  λ=0.2343  max_adj=0.130
============================================================
[6/500] robot_05_seed9558
  [Gen]  legs=5  desc=robot_description.json  urdf=robot.urdf
  [SSM]  ssm=0.1171m  passed=True
[YawComp] net_yaw_nominal=0.4706  λ=0.3928  max_adj=0.190
============================================================
[7/500] robot_06_seed1633
  [Gen]  FAILED: generate_urdf failed (seed=1633):
Traceback (most recent call last):
  File "/data/code/yjh/Adaptation/generate_urdf.py", line 195, in <module>
    main()
  File "/data/code/yjh/Adaptation/generate_urdf.py", line 189, in main
    validate_static_stability_before_export(metadata)
  File "/data/code/yjh/Adaptation/generate_urdf.py", line 179, in validate_static_stability_before_export
    if os.environ.get("STRICT_SSM") == "1":
Name
============================================================
[8/500] robot_07_seed6985
  [Gen]  legs=9  desc=robot_description.json  urdf=robot.urdf
  [SSM]  ssm=0.3059m  passed=True
[YawComp] net_yaw_nominal=0.3769  λ=0.1358  max_adj=0.077
============================================================
[9/500] robot_08_seed8354
  [Gen]  legs=4  desc=robot_description.json  urdf=robot.urdf
  [SSM]  ssm=0.0487m  passed=True
[YawComp] net_yaw_nominal=-0.5196  λ=-0.2741  max_adj=0.163
============================================================
[10/500] robot_09_seed8119
  [Gen]  legs=9  desc=robot_description.json  urdf=robot.urdf
  [SSM]  ssm=0.4787m  passed=True
[YawComp] net_yaw_nominal=-0.4643  λ=-0.1512  max_adj=0.099
============================================================
[11/500] robot_10_seed5868
  [Gen]  legs=8  desc=robot_description.json  urdf=robot.urdf
  [SSM]  ssm=0.2460m  passed=True
[YawComp] net_yaw_nominal=0.4784  λ=0.2357  max_adj=0.135
============================================================
[12/500] robot_11_seed946
  [Gen]  legs=7  desc=robot_description.json  urdf=robot.urdf
  [SSM]  ssm=0.2123m  passed=True
[YawComp] net_yaw_nominal=-0.5959  λ=-0.3269  max_adj=0.184
============================================================
[13/500] robot_12_seed414
  [Gen]  legs=10  desc=robot_description.json  urdf=robot.urdf
  [SSM]  ssm=-0.0110m  passed=False
  [Skip] SSM below threshold, skipping gait test.
  [Plot] Saved → /data/code/yjh/Adaptation/batch_results/20260623_125539/robot_12_seed414/trajectory.png
============================================================
[14/500] robot_13_seed3019
  [Gen]  legs=10  desc=robot_description.json  urdf=robot.urdf
  [SSM]  ssm=0.1930m  passed=True
[YawComp] net_yaw_nominal=-1.2203  λ=-0.3594  max_adj=0.229
============================================================
[15/500] robot_14_seed8693
  [Gen]  legs=8  desc=robot_description.json  urdf=robot.urdf
  [SSM]  ssm=0.0082m  passed=False
  [Skip] SSM below threshold, skipping gait test.
  [Plot] Saved → /data/code/yjh/Adaptation/batch_results/20260623_125539/robot_14_seed8693/trajectory.png
============================================================
[16/500] robot_15_seed4664
  [Gen]  legs=7  desc=robot_description.json  urdf=robot.urdf
  [SSM]  ssm=0.0299m  passed=False
  [Skip] SSM below threshold, skipping gait test.
  [Plot] Saved → /data/code/yjh/Adaptation/batch_results/20260623_125539/robot_15_seed4664/trajectory.png
============================================================
[17/500] robot_16_seed5070
  [Gen]  legs=9  desc=robot_description.json  urdf=robot.urdf
  [SSM]  ssm=0.2169m  passed=True
[YawComp] net_yaw_nominal=0.0317  λ=0.0083  max_adj=0.005
============================================================
[18/500] robot_17_seed4274
  [Gen]  legs=10  desc=robot_description.json  urdf=robot.urdf
  [SSM]  ssm=0.2797m  passed=True
[YawComp] net_yaw_nominal=-0.8483  λ=-0.1303  max_adj=0.107
============================================================
[19/500] robot_18_seed2549
  [Gen]  legs=6  desc=robot_description.json  urdf=robot.urdf
  [SSM]  ssm=0.1450m  passed=True
[Grouping] 标准六足对角三脚架: group_a=[5, 1, 3]  group_b=[0, 4, 2]
[YawComp] net_yaw_nominal=0.6156  λ=0.6942  max_adj=0.307
============================================================
[20/500] robot_19_seed5927
  [Gen]  legs=8  desc=robot_description.json  urdf=robot.urdf
  [SSM]  ssm=0.3797m  passed=True
[YawComp] net_yaw_nominal=1.0045  λ=0.3579  max_adj=0.233
============================================================
[21/500] robot_20_seed2120
  [Gen]  legs=10  desc=robot_description.json  urdf=robot.urdf
  [SSM]  ssm=0.3089m  passed=True
[YawComp] net_yaw_nominal=2.0269  λ=0.5062  max_adj=0.356
============================================================
[22/500] robot_21_seed9270
  [Gen]  FAILED: generate_urdf failed (seed=9270):
Traceback (most recent call last):
  File "/data/code/yjh/Adaptation/generate_urdf.py", line 195, in <module>
    main()
  File "/data/code/yjh/Adaptation/generate_urdf.py", line 189, in main
    validate_static_stability_before_export(metadata)
  File "/data/code/yjh/Adaptation/generate_urdf.py", line 179, in validate_static_stability_before_export
    if os.environ.get("STRICT_SSM") == "1":
Name
============================================================
[23/500] robot_22_seed2655
  [Gen]  legs=9  desc=robot_description.json  urdf=robot.urdf
  [SSM]  ssm=0.2820m  passed=True
[YawComp] net_yaw_nominal=-0.1170  λ=-0.0271  max_adj=0.017
============================================================
[24/500] robot_23_seed4391
  [Gen]  FAILED: generate_urdf failed (seed=4391):
Traceback (most recent call last):
  File "/data/code/yjh/Adaptation/generate_urdf.py", line 195, in <module>
    main()
  File "/data/code/yjh/Adaptation/generate_urdf.py", line 189, in main
    validate_static_stability_before_export(metadata)
  File "/data/code/yjh/Adaptation/generate_urdf.py", line 179, in validate_static_stability_before_export
    if os.environ.get("STRICT_SSM") == "1":
Name
============================================================
[25/500] robot_24_seed6530
  [Gen]  legs=9  desc=robot_description.json  urdf=robot.urdf
  [SSM]  ssm=0.3911m  passed=True
[YawComp] net_yaw_nominal=1.0863  λ=0.3494  max_adj=0.232
============================================================
[26/500] robot_25_seed7689
  [Gen]  legs=9  desc=robot_description.json  urdf=robot.urdf
  [SSM]  ssm=0.3231m  passed=True
[YawComp] net_yaw_nominal=0.4085  λ=0.1395  max_adj=0.088
============================================================
[27/500] robot_26_seed737
  [Gen]  FAILED: generate_urdf failed (seed=737):
Traceback (most recent call last):
  File "/data/code/yjh/Adaptation/generate_urdf.py", line 195, in <module>
    main()
  File "/data/code/yjh/Adaptation/generate_urdf.py", line 189, in main
    validate_static_stability_before_export(metadata)
  File "/data/code/yjh/Adaptation/generate_urdf.py", line 179, in validate_static_stability_before_export
    if os.environ.get("STRICT_SSM") == "1":
Name
============================================================
[28/500] robot_27_seed555
  [Gen]  legs=6  desc=robot_description.json  urdf=robot.urdf
  [SSM]  ssm=0.2109m  passed=True
[Grouping] 标准六足对角三脚架: group_a=[5, 1, 3]  group_b=[0, 4, 2]
[YawComp] net_yaw_nominal=-0.4429  λ=-0.1997  max_adj=0.125
============================================================
[29/500] robot_28_seed2970
  [Gen]  legs=7  desc=robot_description.json  urdf=robot.urdf
  [SSM]  ssm=0.3167m  passed=True
[YawComp] net_yaw_nominal=0.2627  λ=0.0837  max_adj=0.050
============================================================
[30/500] robot_29_seed4521
  [Gen]  legs=7  desc=robot_description.json  urdf=robot.urdf
  [SSM]  ssm=0.1379m  passed=True
[YawComp] net_yaw_nominal=0.0140  λ=0.0055  max_adj=0.003
============================================================
[31/500] robot_30_seed4214
  [Gen]  legs=8  desc=robot_description.json  urdf=robot.urdf
  [SSM]  ssm=0.2053m  passed=True
[YawComp] net_yaw_nominal=-1.8540  λ=-0.5890  max_adj=0.398
============================================================
[32/500] robot_31_seed3769
  [Gen]  legs=9  desc=robot_description.json  urdf=robot.urdf
  [SSM]  ssm=0.1917m  passed=True
[YawComp] net_yaw_nominal=-1.8121  λ=-0.4862  max_adj=0.320
============================================================
[33/500] robot_32_seed4941
  [Gen]  legs=5  desc=robot_description.json  urdf=robot.urdf
  [SSM]  ssm=0.0777m  passed=True
[YawComp] net_yaw_nominal=0.9907  λ=0.4332  max_adj=0.269
============================================================
[34/500] robot_33_seed6212
  [Gen]  legs=9  desc=robot_description.json  urdf=robot.urdf
  [SSM]  ssm=0.2646m  passed=True
[YawComp] net_yaw_nominal=0.1432  λ=0.0282  max_adj=0.018
============================================================
[35/500] robot_34_seed159
  [Gen]  legs=10  desc=robot_description.json  urdf=robot.urdf
  [SSM]  ssm=0.2914m  passed=True
[YawComp] net_yaw_nominal=-0.7886  λ=-0.2379  max_adj=0.132
============================================================
[36/500] robot_35_seed6201
  [Gen]  legs=9  desc=robot_description.json  urdf=robot.urdf
  [SSM]  ssm=0.4230m  passed=True
[YawComp] net_yaw_nominal=1.1084  λ=0.2741  max_adj=0.187
============================================================
[37/500] robot_36_seed2781
  [Gen]  legs=9  desc=robot_description.json  urdf=robot.urdf
  [SSM]  ssm=0.2134m  passed=True
[YawComp] net_yaw_nominal=-1.1270  λ=-0.4352  max_adj=0.258
============================================================
[38/500] robot_37_seed3912
  [Gen]  legs=6  desc=robot_description.json  urdf=robot.urdf
  [SSM]  ssm=0.2334m  passed=True
[Grouping] 标准六足对角三脚架: group_a=[5, 1, 3]  group_b=[0, 4, 2]
[YawComp] net_yaw_nominal=-0.1653  λ=-0.0516  max_adj=0.035
============================================================
[39/500] robot_38_seed6089
  [Gen]  legs=8  desc=robot_description.json  urdf=robot.urdf
  [SSM]  ssm=0.3788m  passed=True
[YawComp] net_yaw_nominal=-0.6321  λ=-0.5767  max_adj=0.262
============================================================
[40/500] robot_39_seed1380
  [Gen]  legs=7  desc=robot_description.json  urdf=robot.urdf
  [SSM]  ssm=0.3476m  passed=True
[YawComp] net_yaw_nominal=0.6596  λ=0.2397  max_adj=0.144
============================================================
[41/500] robot_40_seed8153
  [Gen]  legs=6  desc=robot_description.json  urdf=robot.urdf
  [SSM]  ssm=0.3489m  passed=True
[YawComp] net_yaw_nominal=0.6613  λ=0.3069  max_adj=0.199
============================================================
[42/500] robot_41_seed8869
  [Gen]  FAILED: generate_urdf failed (seed=8869):
Traceback (most recent call last):
  File "/data/code/yjh/Adaptation/generate_urdf.py", line 195, in <module>
    main()
  File "/data/code/yjh/Adaptation/generate_urdf.py", line 189, in main
    validate_static_stability_before_export(metadata)
  File "/data/code/yjh/Adaptation/generate_urdf.py", line 179, in validate_static_stability_before_export
    if os.environ.get("STRICT_SSM") == "1":
Name
============================================================
[43/500] robot_42_seed2076
  [Gen]  legs=9  desc=robot_description.json  urdf=robot.urdf
  [SSM]  ssm=0.1164m  passed=True
[YawComp] net_yaw_nominal=-0.6528  λ=-0.1697  max_adj=0.111
============================================================
[44/500] robot_43_seed5483
  [Gen]  legs=7  desc=robot_description.json  urdf=robot.urdf
  [SSM]  ssm=0.1948m  passed=True
[YawComp] net_yaw_nominal=-0.8805  λ=-0.2750  max_adj=0.193
============================================================
[45/500] robot_44_seed973
  [Gen]  legs=5  desc=robot_description.json  urdf=robot.urdf
  [SSM]  ssm=0.0303m  passed=True
[YawComp] net_yaw_nominal=0.9019  λ=0.5743  max_adj=0.353
============================================================
[46/500] robot_45_seed5613
  [Gen]  legs=8  desc=robot_description.json  urdf=robot.urdf
  [SSM]  ssm=0.0267m  passed=False
  [Skip] SSM below threshold, skipping gait test.
  [Plot] Saved → /data/code/yjh/Adaptation/batch_results/20260623_125539/robot_45_seed5613/trajectory.png
============================================================
[47/500] robot_46_seed50
  [Gen]  legs=9  desc=robot_description.json  urdf=robot.urdf
  [SSM]  ssm=0.1705m  passed=True
[YawComp] net_yaw_nominal=0.1731  λ=0.0340  max_adj=0.024
============================================================
[48/500] robot_47_seed648
  [Gen]  legs=4  desc=robot_description.json  urdf=robot.urdf
  [SSM]  ssm=0.1459m  passed=True
[YawComp] net_yaw_nominal=-0.0420  λ=-0.0367  max_adj=0.020
============================================================
[49/500] robot_48_seed8276
  [Gen]  legs=8  desc=robot_description.json  urdf=robot.urdf
  [SSM]  ssm=0.1504m  passed=True
[YawComp] net_yaw_nominal=0.7904  λ=0.4970  max_adj=0.266
============================================================
[50/500] robot_49_seed411
  [Gen]  legs=5  desc=robot_description.json  urdf=robot.urdf
  [SSM]  ssm=0.1537m  passed=True
[YawComp] net_yaw_nominal=0.0318  λ=0.0166  max_adj=0.010
============================================================
[51/500] robot_50_seed5411
  [Gen]  legs=8  desc=robot_description.json  urdf=robot.urdf
  [SSM]  ssm=0.3787m  passed=True
[YawComp] net_yaw_nominal=0.1254  λ=0.0876  max_adj=0.045
============================================================
[52/500] robot_51_seed7751
  [Gen]  FAILED: generate_urdf failed (seed=7751):
Traceback (most recent call last):
  File "/data/code/yjh/Adaptation/generate_urdf.py", line 195, in <module>
    main()
  File "/data/code/yjh/Adaptation/generate_urdf.py", line 189, in main
    validate_static_stability_before_export(metadata)
  File "/data/code/yjh/Adaptation/generate_urdf.py", line 179, in validate_static_stability_before_export
    if os.environ.get("STRICT_SSM") == "1":
Name
============================================================
[53/500] robot_52_seed8325
  [Gen]  legs=5  desc=robot_description.json  urdf=robot.urdf
  [SSM]  ssm=0.2257m  passed=True
[YawComp] net_yaw_nominal=-0.4806  λ=-0.2135  max_adj=0.138
============================================================
[54/500] robot_53_seed2673
  [Gen]  FAILED: generate_urdf failed (seed=2673):
Traceback (most recent call last):
  File "/data/code/yjh/Adaptation/generate_urdf.py", line 195, in <module>
    main()
  File "/data/code/yjh/Adaptation/generate_urdf.py", line 189, in main
    validate_static_stability_before_export(metadata)
  File "/data/code/yjh/Adaptation/generate_urdf.py", line 179, in validate_static_stability_before_export
    if os.environ.get("STRICT_SSM") == "1":
Name
============================================================
[55/500] robot_54_seed5190
  [Gen]  legs=7  desc=robot_description.json  urdf=robot.urdf
  [SSM]  ssm=0.2210m  passed=True
[YawComp] net_yaw_nominal=-0.6563  λ=-0.2600  max_adj=0.168
============================================================
[56/500] robot_55_seed307
  [Gen]  legs=10  desc=robot_description.json  urdf=robot.urdf
  [SSM]  ssm=0.2147m  passed=True
[YawComp] net_yaw_nominal=-0.6066  λ=-0.5471  max_adj=0.261
============================================================
[57/500] robot_56_seed5994
  [Gen]  legs=9  desc=robot_description.json  urdf=robot.urdf
  [SSM]  ssm=0.3373m  passed=True
[YawComp] net_yaw_nominal=0.0399  λ=0.0148  max_adj=0.010
============================================================
[58/500] robot_57_seed3570
  [Gen]  legs=6  desc=robot_description.json  urdf=robot.urdf
  [SSM]  ssm=0.1292m  passed=True
[Grouping] 标准六足对角三脚架: group_a=[5, 1, 4]  group_b=[0, 3, 2]
[YawComp] net_yaw_nominal=0.5186  λ=0.2645  max_adj=0.140
============================================================
[59/500] robot_58_seed747
  [Gen]  FAILED: generate_urdf failed (seed=747):
Traceback (most recent call last):
  File "/data/code/yjh/Adaptation/generate_urdf.py", line 195, in <module>
    main()
  File "/data/code/yjh/Adaptation/generate_urdf.py", line 189, in main
    validate_static_stability_before_export(metadata)
  File "/data/code/yjh/Adaptation/generate_urdf.py", line 179, in validate_static_stability_before_export
    if os.environ.get("STRICT_SSM") == "1":
Name
============================================================
[60/500] robot_59_seed6983
  [Gen]  legs=6  desc=robot_description.json  urdf=robot.urdf
  [SSM]  ssm=0.2435m  passed=True
[Grouping] 标准六足对角三脚架: group_a=[4, 0, 2]  group_b=[5, 3, 1]
[YawComp] net_yaw_nominal=0.9303  λ=0.3670  max_adj=0.259
============================================================
[61/500] robot_60_seed653
  [Gen]  legs=5  desc=robot_description.json  urdf=robot.urdf
  [SSM]  ssm=0.0563m  passed=True
[YawComp] net_yaw_nominal=0.1024  λ=0.0371  max_adj=0.026
============================================================
[62/500] robot_61_seed6288
  [Gen]  legs=10  desc=robot_description.json  urdf=robot.urdf
  [SSM]  ssm=-0.1367m  passed=False
  [Skip] SSM below threshold, skipping gait test.
  [Plot] Saved → /data/code/yjh/Adaptation/batch_results/20260623_125539/robot_61_seed6288/trajectory.png
============================================================
[63/500] robot_62_seed8692
  [Gen]  legs=8  desc=robot_description.json  urdf=robot.urdf
  [SSM]  ssm=0.1273m  passed=True
[YawComp] net_yaw_nominal=-1.3258  λ=-0.4537  max_adj=0.266
============================================================
[64/500] robot_63_seed2071
  [Gen]  legs=6  desc=robot_description.json  urdf=robot.urdf
  [SSM]  ssm=0.2861m  passed=True
[Grouping] 标准六足对角三脚架: group_a=[4, 0, 2]  group_b=[5, 3, 1]
[YawComp] net_yaw_nominal=0.3082  λ=0.1428  max_adj=0.089
============================================================
[65/500] robot_64_seed5663
  [Gen]  legs=5  desc=robot_description.json  urdf=robot.urdf
  [SSM]  ssm=0.3180m  passed=True
[YawComp] net_yaw_nominal=-0.1352  λ=-0.1739  max_adj=0.088
============================================================
[66/500] robot_65_seed2852
  [Gen]  FAILED: generate_urdf failed (seed=2852):
Traceback (most recent call last):
  File "/data/code/yjh/Adaptation/generate_urdf.py", line 195, in <module>
    main()
  File "/data/code/yjh/Adaptation/generate_urdf.py", line 189, in main
    validate_static_stability_before_export(metadata)
  File "/data/code/yjh/Adaptation/generate_urdf.py", line 179, in validate_static_stability_before_export
    if os.environ.get("STRICT_SSM") == "1":
Name
============================================================
[67/500] robot_66_seed9556
  [Gen]  legs=9  desc=robot_description.json  urdf=robot.urdf
  [SSM]  ssm=0.4155m  passed=True
[YawComp] net_yaw_nominal=-0.3467  λ=-0.1170  max_adj=0.069
============================================================
[68/500] robot_67_seed5371
  [Gen]  legs=9  desc=robot_description.json  urdf=robot.urdf
  [SSM]  ssm=0.2958m  passed=True
[YawComp] net_yaw_nominal=-0.2262  λ=-0.1144  max_adj=0.062
============================================================
[69/500] robot_68_seed7308
  [Gen]  legs=10  desc=robot_description.json  urdf=robot.urdf
  [SSM]  ssm=0.0792m  passed=True
[YawComp] net_yaw_nominal=-1.4371  λ=-0.3262  max_adj=0.211
============================================================
[70/500] robot_69_seed7483
  [Gen]  legs=10  desc=robot_description.json  urdf=robot.urdf
  [SSM]  ssm=0.2213m  passed=True
[YawComp] net_yaw_nominal=0.6932  λ=0.1904  max_adj=0.126
============================================================
[71/500] robot_70_seed4964
  [Gen]  legs=6  desc=robot_description.json  urdf=robot.urdf
  [SSM]  ssm=0.1531m  passed=True
[YawComp] net_yaw_nominal=0.3924  λ=0.1829  max_adj=0.113
============================================================
[72/500] robot_71_seed2924
  [Gen]  FAILED: generate_urdf failed (seed=2924):
Traceback (most recent call last):
  File "/data/code/yjh/Adaptation/generate_urdf.py", line 195, in <module>
    main()
  File "/data/code/yjh/Adaptation/generate_urdf.py", line 189, in main
    validate_static_stability_before_export(metadata)
  File "/data/code/yjh/Adaptation/generate_urdf.py", line 179, in validate_static_stability_before_export
    if os.environ.get("STRICT_SSM") == "1":
Name
============================================================
[73/500] robot_72_seed2241
  [Gen]  legs=9  desc=robot_description.json  urdf=robot.urdf
  [SSM]  ssm=-0.0944m  passed=False
  [Skip] SSM below threshold, skipping gait test.
  [Plot] Saved → /data/code/yjh/Adaptation/batch_results/20260623_125539/robot_72_seed2241/trajectory.png
============================================================
[74/500] robot_73_seed7707
  [Gen]  legs=8  desc=robot_description.json  urdf=robot.urdf
  [SSM]  ssm=0.3944m  passed=True
[YawComp] net_yaw_nominal=0.8398  λ=0.2650  max_adj=0.169
============================================================
[75/500] robot_74_seed3723
  [Gen]  legs=5  desc=robot_description.json  urdf=robot.urdf
  [SSM]  ssm=0.2666m  passed=True
[YawComp] net_yaw_nominal=0.3134  λ=0.2172  max_adj=0.109
============================================================
[76/500] robot_75_seed1591
  [Gen]  legs=10  desc=robot_description.json  urdf=robot.urdf
  [SSM]  ssm=0.4373m  passed=True
[YawComp] net_yaw_nominal=0.8961  λ=0.2956  max_adj=0.179
============================================================
[77/500] robot_76_seed7696
  [Gen]  legs=10  desc=robot_description.json  urdf=robot.urdf
  [SSM]  ssm=0.3170m  passed=True
[YawComp] net_yaw_nominal=0.1937  λ=0.0356  max_adj=0.027
============================================================
[78/500] robot_77_seed7662
  [Gen]  legs=6  desc=robot_description.json  urdf=robot.urdf
  [SSM]  ssm=0.2159m  passed=True
[Grouping] 标准六足对角三脚架: group_a=[4, 1, 3]  group_b=[0, 5, 2]
[YawComp] net_yaw_nominal=0.2838  λ=0.1130  max_adj=0.070
============================================================
[79/500] robot_78_seed4555
  [Gen]  legs=10  desc=robot_description.json  urdf=robot.urdf
  [SSM]  ssm=0.3155m  passed=True
[YawComp] net_yaw_nominal=1.3979  λ=0.3175  max_adj=0.216
============================================================
[80/500] robot_79_seed1920
  [Gen]  legs=8  desc=robot_description.json  urdf=robot.urdf
  [SSM]  ssm=0.1804m  passed=True
[YawComp] net_yaw_nominal=0.3875  λ=0.1008  max_adj=0.065
============================================================
[81/500] robot_80_seed3834
  [Gen]  legs=5  desc=robot_description.json  urdf=robot.urdf
  [SSM]  ssm=0.1404m  passed=True
[YawComp] net_yaw_nominal=0.8017  λ=0.4181  max_adj=0.232
============================================================
[82/500] robot_81_seed5908
  [Gen]  legs=9  desc=robot_description.json  urdf=robot.urdf
  [SSM]  ssm=-0.2071m  passed=False
  [Skip] SSM below threshold, skipping gait test.
  [Plot] Saved → /data/code/yjh/Adaptation/batch_results/20260623_125539/robot_81_seed5908/trajectory.png
============================================================
[83/500] robot_82_seed9921
  [Gen]  legs=4  desc=robot_description.json  urdf=robot.urdf
  [SSM]  ssm=-0.1647m  passed=False
  [Skip] SSM below threshold, skipping gait test.
  [Plot] Saved → /data/code/yjh/Adaptation/batch_results/20260623_125539/robot_82_seed9921/trajectory.png
============================================================
[84/500] robot_83_seed7618
  [Gen]  legs=5  desc=robot_description.json  urdf=robot.urdf
  [SSM]  ssm=-0.1350m  passed=False
  [Skip] SSM below threshold, skipping gait test.
  [Plot] Saved → /data/code/yjh/Adaptation/batch_results/20260623_125539/robot_83_seed7618/trajectory.png
============================================================
[85/500] robot_84_seed9951
  [Gen]  legs=9  desc=robot_description.json  urdf=robot.urdf
  [SSM]  ssm=0.0070m  passed=False
  [Skip] SSM below threshold, skipping gait test.
  [Plot] Saved → /data/code/yjh/Adaptation/batch_results/20260623_125539/robot_84_seed9951/trajectory.png
============================================================
[86/500] robot_85_seed8560
  [Gen]  legs=8  desc=robot_description.json  urdf=robot.urdf
  [SSM]  ssm=0.1763m  passed=True
[YawComp] net_yaw_nominal=0.9350  λ=0.3780  max_adj=0.208
============================================================
[87/500] robot_86_seed2534
  [Gen]  legs=8  desc=robot_description.json  urdf=robot.urdf
  [SSM]  ssm=0.0773m  passed=True
[YawComp] net_yaw_nominal=2.5335  λ=0.6425  max_adj=0.388
============================================================
[88/500] robot_87_seed9138
  [Gen]  legs=4  desc=robot_description.json  urdf=robot.urdf
  [SSM]  ssm=-0.0499m  passed=False
  [Skip] SSM below threshold, skipping gait test.
  [Plot] Saved → /data/code/yjh/Adaptation/batch_results/20260623_125539/robot_87_seed9138/trajectory.png
============================================================
[89/500] robot_88_seed6686
  [Gen]  legs=7  desc=robot_description.json  urdf=robot.urdf
  [SSM]  ssm=0.1003m  passed=True
[YawComp] net_yaw_nominal=0.5934  λ=0.4439  max_adj=0.225
============================================================
[90/500] robot_89_seed819
  [Gen]  legs=9  desc=robot_description.json  urdf=robot.urdf
  [SSM]  ssm=0.3231m  passed=True
[YawComp] net_yaw_nominal=1.4854  λ=0.5837  max_adj=0.336
============================================================
[91/500] robot_90_seed1189
  [Gen]  legs=7  desc=robot_description.json  urdf=robot.urdf
  [SSM]  ssm=-0.0194m  passed=False
  [Skip] SSM below threshold, skipping gait test.
  [Plot] Saved → /data/code/yjh/Adaptation/batch_results/20260623_125539/robot_90_seed1189/trajectory.png
============================================================
[92/500] robot_91_seed7246
  [Gen]  legs=5  desc=robot_description.json  urdf=robot.urdf
  [SSM]  ssm=0.3335m  passed=True
[YawComp] net_yaw_nominal=0.3383  λ=0.1634  max_adj=0.122
============================================================
[93/500] robot_92_seed2404
  [Gen]  legs=8  desc=robot_description.json  urdf=robot.urdf
  [SSM]  ssm=0.1307m  passed=True
[YawComp] net_yaw_nominal=0.6479  λ=0.2211  max_adj=0.131
============================================================
[94/500] robot_93_seed9813
  [Gen]  legs=6  desc=robot_description.json  urdf=robot.urdf
  [SSM]  ssm=-0.0805m  passed=False
  [Skip] SSM below threshold, skipping gait test.
  [Plot] Saved → /data/code/yjh/Adaptation/batch_results/20260623_125539/robot_93_seed9813/trajectory.png
============================================================
[95/500] robot_94_seed1155
  [Gen]  legs=6  desc=robot_description.json  urdf=robot.urdf
  [SSM]  ssm=0.0074m  passed=False
  [Skip] SSM below threshold, skipping gait test.
  [Plot] Saved → /data/code/yjh/Adaptation/batch_results/20260623_125539/robot_94_seed1155/trajectory.png
============================================================
[96/500] robot_95_seed5991
  [Gen]  legs=10  desc=robot_description.json  urdf=robot.urdf
  [SSM]  ssm=-0.0927m  passed=False
  [Skip] SSM below threshold, skipping gait test.
  [Plot] Saved → /data/code/yjh/Adaptation/batch_results/20260623_125539/robot_95_seed5991/trajectory.png
============================================================
[97/500] robot_96_seed9748
  [Gen]  legs=7  desc=robot_description.json  urdf=robot.urdf
  [SSM]  ssm=0.2619m  passed=True
[YawComp] net_yaw_nominal=1.0100  λ=0.3329  max_adj=0.190
============================================================
[98/500] robot_97_seed9158
  [Gen]  legs=4  desc=robot_description.json  urdf=robot.urdf
  [SSM]  ssm=0.1336m  passed=True
[YawComp] net_yaw_nominal=0.5774  λ=0.2946  max_adj=0.205
============================================================
[99/500] robot_98_seed8711
  [Gen]  legs=7  desc=robot_description.json  urdf=robot.urdf
  [SSM]  ssm=0.0368m  passed=True
[YawComp] net_yaw_nominal=0.8466  λ=0.2951  max_adj=0.193
============================================================
[100/500] robot_99_seed1921
  [Gen]  legs=7  desc=robot_description.json  urdf=robot.urdf
  [SSM]  ssm=0.1500m  passed=True
[YawComp] net_yaw_nominal=0.2518  λ=0.1810  max_adj=0.098
============================================================
[101/500] robot_100_seed5890
  [Gen]  legs=4  desc=robot_description.json  urdf=robot.urdf
  [SSM]  ssm=-0.2042m  passed=False
  [Skip] SSM below threshold, skipping gait test.
  [Plot] Saved → /data/code/yjh/Adaptation/batch_results/20260623_125539/robot_100_seed5890/trajectory.png
============================================================
[102/500] robot_101_seed3485
  [Gen]  legs=6  desc=robot_description.json  urdf=robot.urdf
  [SSM]  ssm=0.2441m  passed=True
[YawComp] net_yaw_nominal=-0.1439  λ=-0.0664  max_adj=0.044
============================================================
[103/500] robot_102_seed1002
  [Gen]  legs=8  desc=robot_description.json  urdf=robot.urdf
  [SSM]  ssm=0.3081m  passed=True
[YawComp] net_yaw_nominal=-0.1951  λ=-0.0701  max_adj=0.046
============================================================
[104/500] robot_103_seed8966
  [Gen]  legs=8  desc=robot_description.json  urdf=robot.urdf
  [SSM]  ssm=0.0440m  passed=True
[YawComp] net_yaw_nominal=-0.7327  λ=-0.1949  max_adj=0.127
============================================================
[105/500] robot_104_seed9875
  [Gen]  legs=5  desc=robot_description.json  urdf=robot.urdf
  [SSM]  ssm=-0.0448m  passed=False
  [Skip] SSM below threshold, skipping gait test.
  [Plot] Saved → /data/code/yjh/Adaptation/batch_results/20260623_125539/robot_104_seed9875/trajectory.png
============================================================
[106/500] robot_105_seed2499
  [Gen]  legs=6  desc=robot_description.json  urdf=robot.urdf
  [SSM]  ssm=0.0957m  passed=True
[YawComp] net_yaw_nominal=-0.2659  λ=-0.0628  max_adj=0.043
============================================================
[107/500] robot_106_seed9164
  [Gen]  legs=9  desc=robot_description.json  urdf=robot.urdf
  [SSM]  ssm=0.4239m  passed=True
[YawComp] net_yaw_nominal=-0.2665  λ=-0.0785  max_adj=0.051
============================================================
[108/500] robot_107_seed9114
  [Gen]  legs=8  desc=robot_description.json  urdf=robot.urdf
  [SSM]  ssm=0.2022m  passed=True
[YawComp] net_yaw_nominal=-0.4375  λ=-0.1339  max_adj=0.087
============================================================
[109/500] robot_108_seed6648
  [Gen]  legs=4  desc=robot_description.json  urdf=robot.urdf
  [SSM]  ssm=0.1251m  passed=True
[YawComp] net_yaw_nominal=0.4557  λ=0.2509  max_adj=0.151
============================================================
[110/500] robot_109_seed9263
  [Gen]  legs=4  desc=robot_description.json  urdf=robot.urdf
  [SSM]  ssm=0.0548m  passed=True
[YawComp] net_yaw_nominal=0.5765  λ=0.2397  max_adj=0.193
============================================================
[111/500] robot_110_seed5570
  [Gen]  legs=5  desc=robot_description.json  urdf=robot.urdf
  [SSM]  ssm=0.0383m  passed=True
[YawComp] net_yaw_nominal=0.0488  λ=0.0347  max_adj=0.018
============================================================
[112/500] robot_111_seed736
  [Gen]  legs=6  desc=robot_description.json  urdf=robot.urdf
  [SSM]  ssm=0.0429m  passed=True
[Grouping] 标准六足对角三脚架: group_a=[5, 1, 4]  group_b=[0, 3, 2]
[YawComp] net_yaw_nominal=1.3330  λ=0.5401  max_adj=0.386
============================================================
[113/500] robot_112_seed9580
  [Gen]  legs=8  desc=robot_description.json  urdf=robot.urdf
  [SSM]  ssm=-0.0270m  passed=False
  [Skip] SSM below threshold, skipping gait test.
  [Plot] Saved → /data/code/yjh/Adaptation/batch_results/20260623_125539/robot_112_seed9580/trajectory.png
============================================================
[114/500] robot_113_seed2904
  [Gen]  legs=6  desc=robot_description.json  urdf=robot.urdf
  [SSM]  ssm=0.1212m  passed=True
[Grouping] 标准六足对角三脚架: group_a=[4, 5, 2]  group_b=[0, 3, 1]
[YawComp] net_yaw_nominal=-0.3493  λ=-0.2016  max_adj=0.118
============================================================
[115/500] robot_114_seed8174
  [Gen]  legs=10  desc=robot_description.json  urdf=robot.urdf
  [SSM]  ssm=0.1831m  passed=True
[YawComp] net_yaw_nominal=0.7112  λ=0.2006  max_adj=0.118
============================================================
[116/500] robot_115_seed4579
  [Gen]  legs=7  desc=robot_description.json  urdf=robot.urdf
  [SSM]  ssm=0.1544m  passed=True
[YawComp] net_yaw_nominal=0.0324  λ=0.0387  max_adj=0.017
============================================================
[117/500] robot_116_seed752
  [Gen]  legs=6  desc=robot_description.json  urdf=robot.urdf
  [SSM]  ssm=0.1189m  passed=True
[Grouping] 标准六足对角三脚架: group_a=[5, 1, 3]  group_b=[0, 4, 2]
[YawComp] net_yaw_nominal=-0.1094  λ=-0.0628  max_adj=0.035
============================================================
[118/500] robot_117_seed6595
  [Gen]  legs=9  desc=robot_description.json  urdf=robot.urdf
  [SSM]  ssm=0.1064m  passed=True
[YawComp] net_yaw_nominal=2.8855  λ=0.6649  max_adj=0.453
============================================================
[119/500] robot_118_seed757
  [Gen]  legs=10  desc=robot_description.json  urdf=robot.urdf
  [SSM]  ssm=0.0561m  passed=True
[YawComp] net_yaw_nominal=-0.3587  λ=-0.0797  max_adj=0.058
============================================================
[120/500] robot_119_seed5386
  [Gen]  legs=6  desc=robot_description.json  urdf=robot.urdf
  [SSM]  ssm=0.0829m  passed=True
[Grouping] 标准六足对角三脚架: group_a=[5, 2, 3]  group_b=[0, 4, 1]
[YawComp] net_yaw_nominal=-0.2240  λ=-0.0894  max_adj=0.054
============================================================
[121/500] robot_120_seed9826
  [Gen]  legs=9  desc=robot_description.json  urdf=robot.urdf
  [SSM]  ssm=0.1674m  passed=True
[YawComp] net_yaw_nominal=-1.3579  λ=-0.3547  max_adj=0.235
============================================================
[122/500] robot_121_seed821
  [Gen]  legs=5  desc=robot_description.json  urdf=robot.urdf
  [SSM]  ssm=0.0526m  passed=True
[YawComp] net_yaw_nominal=-0.5597  λ=-0.2620  max_adj=0.161
============================================================
[123/500] robot_122_seed5759
  [Gen]  legs=5  desc=robot_description.json  urdf=robot.urdf
  [SSM]  ssm=0.1839m  passed=True
[YawComp] net_yaw_nominal=0.2857  λ=0.1303  max_adj=0.093
============================================================
[124/500] robot_123_seed1824
  [Gen]  legs=7  desc=robot_description.json  urdf=robot.urdf
  [SSM]  ssm=0.0192m  passed=False
  [Skip] SSM below threshold, skipping gait test.
  [Plot] Saved → /data/code/yjh/Adaptation/batch_results/20260623_125539/robot_123_seed1824/trajectory.png
============================================================
[125/500] robot_124_seed6602
  [Gen]  legs=4  desc=robot_description.json  urdf=robot.urdf
  [SSM]  ssm=-0.0209m  passed=False
  [Skip] SSM below threshold, skipping gait test.
  [Plot] Saved → /data/code/yjh/Adaptation/batch_results/20260623_125539/robot_124_seed6602/trajectory.png
============================================================
[126/500] robot_125_seed8919
  [Gen]  legs=7  desc=robot_description.json  urdf=robot.urdf
  [SSM]  ssm=0.2122m  passed=True
[YawComp] net_yaw_nominal=0.1615  λ=0.1889  max_adj=0.088
============================================================
[127/500] robot_126_seed3878
  [Gen]  legs=10  desc=robot_description.json  urdf=robot.urdf
  [SSM]  ssm=0.2320m  passed=True
[YawComp] net_yaw_nominal=-0.3264  λ=-0.1427  max_adj=0.086
============================================================
[128/500] robot_127_seed7118
  [Gen]  legs=7  desc=robot_description.json  urdf=robot.urdf
  [SSM]  ssm=0.1130m  passed=True
[YawComp] net_yaw_nominal=0.5979  λ=0.1862  max_adj=0.118
============================================================
[129/500] robot_128_seed6625
  [Gen]  legs=4  desc=robot_description.json  urdf=robot.urdf
  [SSM]  ssm=-0.1633m  passed=False
  [Skip] SSM below threshold, skipping gait test.
  [Plot] Saved → /data/code/yjh/Adaptation/batch_results/20260623_125539/robot_128_seed6625/trajectory.png
============================================================
[130/500] robot_129_seed5905
  [Gen]  legs=8  desc=robot_description.json  urdf=robot.urdf
  [SSM]  ssm=0.2324m  passed=True
[YawComp] net_yaw_nominal=-0.9810  λ=-0.2687  max_adj=0.189
============================================================
[131/500] robot_130_seed5139
  [Gen]  legs=5  desc=robot_description.json  urdf=robot.urdf
  [SSM]  ssm=-0.1003m  passed=False
  [Skip] SSM below threshold, skipping gait test.
  [Plot] Saved → /data/code/yjh/Adaptation/batch_results/20260623_125539/robot_130_seed5139/trajectory.png
============================================================
[132/500] robot_131_seed2278
  [Gen]  legs=9  desc=robot_description.json  urdf=robot.urdf
  [SSM]  ssm=0.4413m  passed=True
[YawComp] net_yaw_nominal=0.2104  λ=0.0857  max_adj=0.047
============================================================
[133/500] robot_132_seed9364
  [Gen]  legs=9  desc=robot_description.json  urdf=robot.urdf
  [SSM]  ssm=0.1350m  passed=True
[YawComp] net_yaw_nominal=0.8009  λ=0.3083  max_adj=0.173
============================================================
[134/500] robot_133_seed3507
  [Gen]  legs=8  desc=robot_description.json  urdf=robot.urdf
  [SSM]  ssm=0.0931m  passed=True
[YawComp] net_yaw_nominal=-0.7356  λ=-0.2404  max_adj=0.151
============================================================
[135/500] robot_134_seed705
  [Gen]  legs=5  desc=robot_description.json  urdf=robot.urdf
  [SSM]  ssm=0.1536m  passed=True
[YawComp] net_yaw_nominal=-0.1134  λ=-0.0591  max_adj=0.038
============================================================
[136/500] robot_135_seed6810
  [Gen]  legs=8  desc=robot_description.json  urdf=robot.urdf
  [SSM]  ssm=0.3316m  passed=True
[YawComp] net_yaw_nominal=-0.0868  λ=-0.0381  max_adj=0.022
============================================================
[137/500] robot_136_seed3979
  [Gen]  legs=7  desc=robot_description.json  urdf=robot.urdf
  [SSM]  ssm=0.1906m  passed=True
[YawComp] net_yaw_nominal=0.1210  λ=0.0724  max_adj=0.037
============================================================
[138/500] robot_137_seed2206
  [Gen]  legs=9  desc=robot_description.json  urdf=robot.urdf
  [SSM]  ssm=-0.2247m  passed=False
  [Skip] SSM below threshold, skipping gait test.
  [Plot] Saved → /data/code/yjh/Adaptation/batch_results/20260623_125539/robot_137_seed2206/trajectory.png
============================================================
[139/500] robot_138_seed9226
  [Gen]  legs=6  desc=robot_description.json  urdf=robot.urdf
  [SSM]  ssm=-0.0880m  passed=False
  [Skip] SSM below threshold, skipping gait test.
  [Plot] Saved → /data/code/yjh/Adaptation/batch_results/20260623_125539/robot_138_seed9226/trajectory.png
============================================================
[140/500] robot_139_seed9573
  [Gen]  legs=9  desc=robot_description.json  urdf=robot.urdf
  [SSM]  ssm=-0.0830m  passed=False
  [Skip] SSM below threshold, skipping gait test.
  [Plot] Saved → /data/code/yjh/Adaptation/batch_results/20260623_125539/robot_139_seed9573/trajectory.png
============================================================
[141/500] robot_140_seed7268
  [Gen]  legs=5  desc=robot_description.json  urdf=robot.urdf
  [SSM]  ssm=-0.0510m  passed=False
  [Skip] SSM below threshold, skipping gait test.
  [Plot] Saved → /data/code/yjh/Adaptation/batch_results/20260623_125539/robot_140_seed7268/trajectory.png
============================================================
[142/500] robot_141_seed9805
  [Gen]  legs=4  desc=robot_description.json  urdf=robot.urdf
  [SSM]  ssm=-0.0009m  passed=False
  [Skip] SSM below threshold, skipping gait test.
  [Plot] Saved → /data/code/yjh/Adaptation/batch_results/20260623_125539/robot_141_seed9805/trajectory.png
============================================================
[143/500] robot_142_seed8067
  [Gen]  legs=7  desc=robot_description.json  urdf=robot.urdf
  [SSM]  ssm=0.1753m  passed=True
[YawComp] net_yaw_nominal=0.4328  λ=0.1279  max_adj=0.088
============================================================
[144/500] robot_143_seed1589
  [Gen]  legs=7  desc=robot_description.json  urdf=robot.urdf
  [SSM]  ssm=0.3800m  passed=True
[YawComp] net_yaw_nominal=0.6194  λ=0.1971  max_adj=0.127
============================================================
[145/500] robot_144_seed5919
  [Gen]  legs=4  desc=robot_description.json  urdf=robot.urdf
  [SSM]  ssm=0.0870m  passed=True
[YawComp] net_yaw_nominal=-0.3147  λ=-0.2871  max_adj=0.138
============================================================
[146/500] robot_145_seed857
  [Gen]  legs=10  desc=robot_description.json  urdf=robot.urdf
  [SSM]  ssm=-0.0077m  passed=False
  [Skip] SSM below threshold, skipping gait test.
  [Plot] Saved → /data/code/yjh/Adaptation/batch_results/20260623_125539/robot_145_seed857/trajectory.png
============================================================
[147/500] robot_146_seed2830
  [Gen]  legs=10  desc=robot_description.json  urdf=robot.urdf
  [SSM]  ssm=-0.2809m  passed=False
  [Skip] SSM below threshold, skipping gait test.
  [Plot] Saved → /data/code/yjh/Adaptation/batch_results/20260623_125539/robot_146_seed2830/trajectory.png
============================================================
[148/500] robot_147_seed6462
  [Gen]  legs=4  desc=robot_description.json  urdf=robot.urdf
  [SSM]  ssm=0.0336m  passed=True
[YawComp] net_yaw_nominal=0.4957  λ=0.2195  max_adj=0.151
============================================================
[149/500] robot_148_seed166
  [Gen]  legs=10  desc=robot_description.json  urdf=robot.urdf
  [SSM]  ssm=0.0705m  passed=True
[YawComp] net_yaw_nominal=-0.6063  λ=-0.3493  max_adj=0.200
============================================================
[150/500] robot_149_seed1813
  [Gen]  legs=7  desc=robot_description.json  urdf=robot.urdf
  [SSM]  ssm=0.2135m  passed=True
[YawComp] net_yaw_nominal=0.9348  λ=0.4726  max_adj=0.229
============================================================
[151/500] robot_150_seed9108
  [Gen]  legs=6  desc=robot_description.json  urdf=robot.urdf
  [SSM]  ssm=0.0151m  passed=False
  [Skip] SSM below threshold, skipping gait test.
  [Plot] Saved → /data/code/yjh/Adaptation/batch_results/20260623_125539/robot_150_seed9108/trajectory.png
============================================================
[152/500] robot_151_seed5704
  [Gen]  legs=10  desc=robot_description.json  urdf=robot.urdf
  [SSM]  ssm=-0.0608m  passed=False
  [Skip] SSM below threshold, skipping gait test.
  [Plot] Saved → /data/code/yjh/Adaptation/batch_results/20260623_125539/robot_151_seed5704/trajectory.png
============================================================
[153/500] robot_152_seed8771
  [Gen]  legs=5  desc=robot_description.json  urdf=robot.urdf
  [SSM]  ssm=0.1049m  passed=True
[YawComp] net_yaw_nominal=0.2722  λ=0.1295  max_adj=0.080
============================================================
[154/500] robot_153_seed6747
  [Gen]  legs=8  desc=robot_description.json  urdf=robot.urdf
  [SSM]  ssm=0.0926m  passed=True
[YawComp] net_yaw_nominal=0.7908  λ=0.2914  max_adj=0.192
============================================================
[155/500] robot_154_seed8031
  [Gen]  legs=6  desc=robot_description.json  urdf=robot.urdf
  [SSM]  ssm=0.0351m  passed=True
[YawComp] net_yaw_nominal=1.0879  λ=0.2686  max_adj=0.194
============================================================
[156/500] robot_155_seed4778
  [Gen]  legs=10  desc=robot_description.json  urdf=robot.urdf
  [SSM]  ssm=0.4554m  passed=True
[YawComp] net_yaw_nominal=0.3149  λ=0.1612  max_adj=0.084
============================================================
[157/500] robot_156_seed1092
  [Gen]  legs=10  desc=robot_description.json  urdf=robot.urdf
  [SSM]  ssm=0.2549m  passed=True
[YawComp] net_yaw_nominal=-1.2320  λ=-0.4302  max_adj=0.267
============================================================
[158/500] robot_157_seed2098
  [Gen]  legs=5  desc=robot_description.json  urdf=robot.urdf
  [SSM]  ssm=0.0033m  passed=False
  [Skip] SSM below threshold, skipping gait test.
  [Plot] Saved → /data/code/yjh/Adaptation/batch_results/20260623_125539/robot_157_seed2098/trajectory.png
============================================================
[159/500] robot_158_seed4663
  [Gen]  legs=4  desc=robot_description.json  urdf=robot.urdf
  [SSM]  ssm=-0.0176m  passed=False
  [Skip] SSM below threshold, skipping gait test.
  [Plot] Saved → /data/code/yjh/Adaptation/batch_results/20260623_125539/robot_158_seed4663/trajectory.png
============================================================
[160/500] robot_159_seed645
  [Gen]  legs=4  desc=robot_description.json  urdf=robot.urdf
  [SSM]  ssm=0.0306m  passed=True
[YawComp] net_yaw_nominal=-0.5394  λ=-0.4076  max_adj=0.198
============================================================
[161/500] robot_160_seed9297
  [Gen]  legs=9  desc=robot_description.json  urdf=robot.urdf
  [SSM]  ssm=0.1576m  passed=True
[YawComp] net_yaw_nominal=1.0878  λ=0.3073  max_adj=0.197
============================================================
[162/500] robot_161_seed9800
  [Gen]  legs=5  desc=robot_description.json  urdf=robot.urdf
  [SSM]  ssm=0.1464m  passed=True
[YawComp] net_yaw_nominal=0.2873  λ=0.1144  max_adj=0.067
============================================================
[163/500] robot_162_seed6007
  [Gen]  legs=5  desc=robot_description.json  urdf=robot.urdf
  [SSM]  ssm=-0.0508m  passed=False
  [Skip] SSM below threshold, skipping gait test.
  [Plot] Saved → /data/code/yjh/Adaptation/batch_results/20260623_125539/robot_162_seed6007/trajectory.png
============================================================
[164/500] robot_163_seed9148
  [Gen]  legs=8  desc=robot_description.json  urdf=robot.urdf
  [SSM]  ssm=0.2464m  passed=True
[YawComp] net_yaw_nominal=-0.2012  λ=-0.0694  max_adj=0.041
============================================================
[165/500] robot_164_seed9773
  [Gen]  legs=4  desc=robot_description.json  urdf=robot.urdf
  [SSM]  ssm=-0.0916m  passed=False
  [Skip] SSM below threshold, skipping gait test.
  [Plot] Saved → /data/code/yjh/Adaptation/batch_results/20260623_125539/robot_164_seed9773/trajectory.png
============================================================
[166/500] robot_165_seed6903
  [Gen]  legs=6  desc=robot_description.json  urdf=robot.urdf
  [SSM]  ssm=0.1404m  passed=True
[Grouping] 标准六足对角三脚架: group_a=[0, 2, 5]  group_b=[1, 4, 3]
[YawComp] net_yaw_nominal=0.6325  λ=0.2654  max_adj=0.154
============================================================
[167/500] robot_166_seed6567
  [Gen]  legs=6  desc=robot_description.json  urdf=robot.urdf
  [SSM]  ssm=0.2757m  passed=True
[Grouping] 标准六足对角三脚架: group_a=[5, 1, 3]  group_b=[0, 4, 2]
[YawComp] net_yaw_nominal=-0.0018  λ=-0.0007  max_adj=0.000
============================================================
[168/500] robot_167_seed5597
  [Gen]  legs=5  desc=robot_description.json  urdf=robot.urdf
  [SSM]  ssm=0.2522m  passed=True
[YawComp] net_yaw_nominal=0.7516  λ=0.4605  max_adj=0.259
============================================================
[169/500] robot_168_seed5491
  [Gen]  legs=8  desc=robot_description.json  urdf=robot.urdf
  [SSM]  ssm=0.2050m  passed=True
[YawComp] net_yaw_nominal=-0.6369  λ=-0.2364  max_adj=0.146
============================================================
[170/500] robot_169_seed7563
  [Gen]  legs=8  desc=robot_description.json  urdf=robot.urdf
  [SSM]  ssm=0.3826m  passed=True
[YawComp] net_yaw_nominal=-0.4633  λ=-0.2182  max_adj=0.135
============================================================
[171/500] robot_170_seed4086
  [Gen]  legs=9  desc=robot_description.json  urdf=robot.urdf
  [SSM]  ssm=0.2538m  passed=True
[YawComp] net_yaw_nominal=-0.1950  λ=-0.0475  max_adj=0.031
============================================================
[172/500] robot_171_seed9478
  [Gen]  legs=6  desc=robot_description.json  urdf=robot.urdf
  [SSM]  ssm=0.3497m  passed=True
[YawComp] net_yaw_nominal=-0.4929  λ=-0.2691  max_adj=0.161
============================================================
[173/500] robot_172_seed3589
  [Gen]  legs=4  desc=robot_description.json  urdf=robot.urdf
  [SSM]  ssm=-0.4193m  passed=False
  [Skip] SSM below threshold, skipping gait test.
  [Plot] Saved → /data/code/yjh/Adaptation/batch_results/20260623_125539/robot_172_seed3589/trajectory.png
============================================================
[174/500] robot_173_seed9042
  [Gen]  legs=7  desc=robot_description.json  urdf=robot.urdf
  [SSM]  ssm=0.3586m  passed=True
[YawComp] net_yaw_nominal=-0.4386  λ=-0.1650  max_adj=0.103
============================================================
[175/500] robot_174_seed2895
  [Gen]  legs=4  desc=robot_description.json  urdf=robot.urdf
  [SSM]  ssm=0.1221m  passed=True
[YawComp] net_yaw_nominal=-0.5602  λ=-0.2629  max_adj=0.175
============================================================
[176/500] robot_175_seed9193
  [Gen]  legs=9  desc=robot_description.json  urdf=robot.urdf
  [SSM]  ssm=0.0583m  passed=True
[YawComp] net_yaw_nominal=0.3475  λ=0.2541  max_adj=0.132
============================================================
[177/500] robot_176_seed506
  [Gen]  legs=8  desc=robot_description.json  urdf=robot.urdf
  [SSM]  ssm=0.1968m  passed=True
[YawComp] net_yaw_nominal=-0.8650  λ=-0.3031  max_adj=0.206
============================================================
[178/500] robot_177_seed1558
  [Gen]  legs=7  desc=robot_description.json  urdf=robot.urdf
  [SSM]  ssm=0.0708m  passed=True
[YawComp] net_yaw_nominal=0.4134  λ=0.1342  max_adj=0.084
============================================================
[179/500] robot_178_seed2783
  [Gen]  legs=6  desc=robot_description.json  urdf=robot.urdf
  [SSM]  ssm=0.2916m  passed=True
[YawComp] net_yaw_nominal=0.1796  λ=0.0595  max_adj=0.039
============================================================
[180/500] robot_179_seed3410
  [Gen]  legs=6  desc=robot_description.json  urdf=robot.urdf
  [SSM]  ssm=0.2346m  passed=True
[Grouping] 标准六足对角三脚架: group_a=[4, 1, 3]  group_b=[0, 5, 2]
[YawComp] net_yaw_nominal=0.5586  λ=0.1995  max_adj=0.136
============================================================
[181/500] robot_180_seed1367
  [Gen]  legs=10  desc=robot_description.json  urdf=robot.urdf
  [SSM]  ssm=-0.1633m  passed=False
  [Skip] SSM below threshold, skipping gait test.
  [Plot] Saved → /data/code/yjh/Adaptation/batch_results/20260623_125539/robot_180_seed1367/trajectory.png
============================================================
[182/500] robot_181_seed6671
  [Gen]  legs=8  desc=robot_description.json  urdf=robot.urdf
  [SSM]  ssm=0.2260m  passed=True
[YawComp] net_yaw_nominal=-0.5544  λ=-0.1427  max_adj=0.099
============================================================
[183/500] robot_182_seed4963
  [Gen]  legs=9  desc=robot_description.json  urdf=robot.urdf
  [SSM]  ssm=0.2229m  passed=True
[YawComp] net_yaw_nominal=2.2480  λ=0.6522  max_adj=0.408
============================================================
[184/500] robot_183_seed1233
  [Gen]  legs=5  desc=robot_description.json  urdf=robot.urdf
  [SSM]  ssm=0.2558m  passed=True
[YawComp] net_yaw_nominal=0.0974  λ=0.2158  max_adj=0.087
============================================================
[185/500] robot_184_seed4086
  [Gen]  legs=9  desc=robot_description.json  urdf=robot.urdf
  [SSM]  ssm=0.2538m  passed=True
[YawComp] net_yaw_nominal=-0.1950  λ=-0.0475  max_adj=0.031
============================================================
[186/500] robot_185_seed9442
  [Gen]  legs=7  desc=robot_description.json  urdf=robot.urdf
  [SSM]  ssm=0.1914m  passed=True
[YawComp] net_yaw_nominal=-1.0315  λ=-0.3890  max_adj=0.229
============================================================
[187/500] robot_186_seed3813
  [Gen]  legs=7  desc=robot_description.json  urdf=robot.urdf
  [SSM]  ssm=0.2951m  passed=True
[YawComp] net_yaw_nominal=0.1924  λ=0.0677  max_adj=0.049
============================================================
[188/500] robot_187_seed9857
  [Gen]  legs=8  desc=robot_description.json  urdf=robot.urdf
  [SSM]  ssm=0.4036m  passed=True
[YawComp] net_yaw_nominal=-0.4680  λ=-0.3634  max_adj=0.172
============================================================
[189/500] robot_188_seed5262
  [Gen]  legs=8  desc=robot_description.json  urdf=robot.urdf
  [SSM]  ssm=0.2464m  passed=True
[YawComp] net_yaw_nominal=0.1606  λ=0.0822  max_adj=0.042
============================================================
[190/500] robot_189_seed654
  [Gen]  legs=6  desc=robot_description.json  urdf=robot.urdf
  [SSM]  ssm=0.2066m  passed=True
[Grouping] 标准六足对角三脚架: group_a=[3, 5, 1]  group_b=[4, 2, 0]
[YawComp] net_yaw_nominal=0.3857  λ=0.3867  max_adj=0.199
============================================================
[191/500] robot_190_seed1922
  [Gen]  legs=8  desc=robot_description.json  urdf=robot.urdf
  [SSM]  ssm=0.3867m  passed=True
[YawComp] net_yaw_nominal=0.1999  λ=0.0862  max_adj=0.052
============================================================
[192/500] robot_191_seed5292
  [Gen]  legs=5  desc=robot_description.json  urdf=robot.urdf
  [SSM]  ssm=0.0064m  passed=False
  [Skip] SSM below threshold, skipping gait test.
  [Plot] Saved → /data/code/yjh/Adaptation/batch_results/20260623_125539/robot_191_seed5292/trajectory.png
============================================================
[193/500] robot_192_seed7258
  [Gen]  legs=6  desc=robot_description.json  urdf=robot.urdf
  [SSM]  ssm=0.1315m  passed=True
[YawComp] net_yaw_nominal=-0.2594  λ=-0.1496  max_adj=0.081
============================================================
[194/500] robot_193_seed3557
  [Gen]  legs=7  desc=robot_description.json  urdf=robot.urdf
  [SSM]  ssm=0.2539m  passed=True
[YawComp] net_yaw_nominal=-0.3226  λ=-0.1175  max_adj=0.068
============================================================
[195/500] robot_194_seed9858
  [Gen]  legs=8  desc=robot_description.json  urdf=robot.urdf
  [SSM]  ssm=0.0646m  passed=True
[YawComp] net_yaw_nominal=0.7626  λ=0.2281  max_adj=0.156
============================================================
[196/500] robot_195_seed6594
  [Gen]  legs=8  desc=robot_description.json  urdf=robot.urdf
  [SSM]  ssm=0.2497m  passed=True
[YawComp] net_yaw_nominal=1.5551  λ=0.4864  max_adj=0.309
============================================================
[197/500] robot_196_seed4976
  [Gen]  legs=5  desc=robot_description.json  urdf=robot.urdf
  [SSM]  ssm=0.2192m  passed=True
[YawComp] net_yaw_nominal=-0.3555  λ=-0.1431  max_adj=0.088
============================================================
[198/500] robot_197_seed8599
  [Gen]  legs=9  desc=robot_description.json  urdf=robot.urdf
  [SSM]  ssm=0.4049m  passed=True
[YawComp] net_yaw_nominal=-0.0542  λ=-0.0184  max_adj=0.010
============================================================
[199/500] robot_198_seed2888
  [Gen]  legs=9  desc=robot_description.json  urdf=robot.urdf
  [SSM]  ssm=0.1629m  passed=True
[YawComp] net_yaw_nominal=0.2178  λ=0.0671  max_adj=0.042
============================================================
[200/500] robot_199_seed5836
  [Gen]  legs=10  desc=robot_description.json  urdf=robot.urdf
  [SSM]  ssm=-0.0052m  passed=False
  [Skip] SSM below threshold, skipping gait test.
  [Plot] Saved → /data/code/yjh/Adaptation/batch_results/20260623_125539/robot_199_seed5836/trajectory.png
============================================================
[201/500] robot_200_seed3974
  [Gen]  legs=7  desc=robot_description.json  urdf=robot.urdf
  [SSM]  ssm=0.2845m  passed=True
[YawComp] net_yaw_nominal=0.1907  λ=0.3855  max_adj=0.124
============================================================
[202/500] robot_201_seed5818
  [Gen]  legs=6  desc=robot_description.json  urdf=robot.urdf
  [SSM]  ssm=0.1706m  passed=True
[Grouping] 标准六足对角三脚架: group_a=[5, 1, 3]  group_b=[0, 4, 2]
[YawComp] net_yaw_nominal=-0.4947  λ=-0.3514  max_adj=0.195
============================================================
[203/500] robot_202_seed2784
  [Gen]  legs=7  desc=robot_description.json  urdf=robot.urdf
  [SSM]  ssm=0.4123m  passed=True
[YawComp] net_yaw_nominal=-0.4195  λ=-0.1409  max_adj=0.099
============================================================
[204/500] robot_203_seed6615
  [Gen]  legs=8  desc=robot_description.json  urdf=robot.urdf
  [SSM]  ssm=0.0317m  passed=True
[YawComp] net_yaw_nominal=2.3802  λ=0.6547  max_adj=0.440
============================================================
[205/500] robot_204_seed5089
  [Gen]  legs=4  desc=robot_description.json  urdf=robot.urdf
  [SSM]  ssm=0.0760m  passed=True
[YawComp] net_yaw_nominal=0.5598  λ=0.4147  max_adj=0.260
============================================================
[206/500] robot_205_seed2168
  [Gen]  legs=6  desc=robot_description.json  urdf=robot.urdf
  [SSM]  ssm=-0.0788m  passed=False
  [Skip] SSM below threshold, skipping gait test.
  [Plot] Saved → /data/code/yjh/Adaptation/batch_results/20260623_125539/robot_205_seed2168/trajectory.png
============================================================
[207/500] robot_206_seed6298
  [Gen]  legs=6  desc=robot_description.json  urdf=robot.urdf
  [SSM]  ssm=0.4185m  passed=True
[Grouping] 标准六足对角三脚架: group_a=[5, 1, 3]  group_b=[0, 4, 2]
[YawComp] net_yaw_nominal=-0.3163  λ=-0.2210  max_adj=0.115
============================================================
[208/500] robot_207_seed2550
  [Gen]  legs=4  desc=robot_description.json  urdf=robot.urdf
  [SSM]  ssm=-0.2611m  passed=False
  [Skip] SSM below threshold, skipping gait test.
  [Plot] Saved → /data/code/yjh/Adaptation/batch_results/20260623_125539/robot_207_seed2550/trajectory.png
============================================================
[209/500] robot_208_seed7357
  [Gen]  legs=8  desc=robot_description.json  urdf=robot.urdf
  [SSM]  ssm=0.1803m  passed=True
[YawComp] net_yaw_nominal=1.9166  λ=0.3924  max_adj=0.294
============================================================
[210/500] robot_209_seed1169
  [Gen]  legs=10  desc=robot_description.json  urdf=robot.urdf
  [SSM]  ssm=0.1362m  passed=True
[YawComp] net_yaw_nominal=0.0176  λ=0.0040  max_adj=0.003
============================================================
[211/500] robot_210_seed8703
  [Gen]  legs=5  desc=robot_description.json  urdf=robot.urdf
  [SSM]  ssm=0.2069m  passed=True
[YawComp] net_yaw_nominal=-1.3129  λ=-0.4086  max_adj=0.297
============================================================
[212/500] robot_211_seed761
  [Gen]  legs=9  desc=robot_description.json  urdf=robot.urdf
  [SSM]  ssm=0.2808m  passed=True
[YawComp] net_yaw_nominal=0.2441  λ=0.0521  max_adj=0.038
============================================================
[213/500] robot_212_seed2791
  [Gen]  legs=10  desc=robot_description.json  urdf=robot.urdf
  [SSM]  ssm=0.4366m  passed=True
[YawComp] net_yaw_nominal=0.4530  λ=0.2610  max_adj=0.130
============================================================
[214/500] robot_213_seed7253
  [Gen]  legs=4  desc=robot_description.json  urdf=robot.urdf
  [SSM]  ssm=-0.0055m  passed=False
  [Skip] SSM below threshold, skipping gait test.
  [Plot] Saved → /data/code/yjh/Adaptation/batch_results/20260623_125539/robot_213_seed7253/trajectory.png
============================================================
[215/500] robot_214_seed2088
  [Gen]  legs=5  desc=robot_description.json  urdf=robot.urdf
  [SSM]  ssm=0.2382m  passed=True
[YawComp] net_yaw_nominal=0.1802  λ=0.1813  max_adj=0.099
============================================================
[216/500] robot_215_seed1564
  [Gen]  legs=5  desc=robot_description.json  urdf=robot.urdf
  [SSM]  ssm=0.3650m  passed=True
[YawComp] net_yaw_nominal=0.7040  λ=0.4407  max_adj=0.289
============================================================
[217/500] robot_216_seed2043
  [Gen]  legs=6  desc=robot_description.json  urdf=robot.urdf
  [SSM]  ssm=0.1529m  passed=True
[Grouping] 标准六足对角三脚架: group_a=[5, 1, 3]  group_b=[0, 4, 2]
[YawComp] net_yaw_nominal=1.0648  λ=0.5478  max_adj=0.297
============================================================
[218/500] robot_217_seed715
  [Gen]  legs=6  desc=robot_description.json  urdf=robot.urdf
  [SSM]  ssm=0.3997m  passed=True
[Grouping] 标准六足对角三脚架: group_a=[5, 1, 3]  group_b=[0, 4, 2]
[YawComp] net_yaw_nominal=0.2206  λ=0.1942  max_adj=0.100
============================================================
[219/500] robot_218_seed134
  [Gen]  legs=9  desc=robot_description.json  urdf=robot.urdf
  [SSM]  ssm=0.3763m  passed=True
[YawComp] net_yaw_nominal=0.1270  λ=0.0745  max_adj=0.037
============================================================
[220/500] robot_219_seed7742
  [Gen]  legs=6  desc=robot_description.json  urdf=robot.urdf
  [SSM]  ssm=0.4208m  passed=True
[YawComp] net_yaw_nominal=0.0487  λ=0.0495  max_adj=0.024
============================================================
[221/500] robot_220_seed1530
  [Gen]  legs=4  desc=robot_description.json  urdf=robot.urdf
  [SSM]  ssm=-0.0686m  passed=False
  [Skip] SSM below threshold, skipping gait test.
  [Plot] Saved → /data/code/yjh/Adaptation/batch_results/20260623_125539/robot_220_seed1530/trajectory.png
============================================================
[222/500] robot_221_seed1796
  [Gen]  legs=9  desc=robot_description.json  urdf=robot.urdf
  [SSM]  ssm=0.1738m  passed=True
[YawComp] net_yaw_nominal=0.8231  λ=0.2412  max_adj=0.158
============================================================
[223/500] robot_222_seed6553
  [Gen]  legs=9  desc=robot_description.json  urdf=robot.urdf
  [SSM]  ssm=0.0426m  passed=True
[YawComp] net_yaw_nominal=1.0163  λ=0.3980  max_adj=0.218
============================================================
[224/500] robot_223_seed4236
  [Gen]  legs=6  desc=robot_description.json  urdf=robot.urdf
  [SSM]  ssm=0.2247m  passed=True
[YawComp] net_yaw_nominal=-0.1323  λ=-0.0962  max_adj=0.051
============================================================
[225/500] robot_224_seed708
  [Gen]  legs=6  desc=robot_description.json  urdf=robot.urdf
  [SSM]  ssm=-0.0849m  passed=False
  [Skip] SSM below threshold, skipping gait test.
  [Plot] Saved → /data/code/yjh/Adaptation/batch_results/20260623_125539/robot_224_seed708/trajectory.png
============================================================
[226/500] robot_225_seed1818
  [Gen]  legs=8  desc=robot_description.json  urdf=robot.urdf
  [SSM]  ssm=0.3801m  passed=True
[YawComp] net_yaw_nominal=0.6307  λ=0.1778  max_adj=0.115
============================================================
[227/500] robot_226_seed3623
  [Gen]  legs=9  desc=robot_description.json  urdf=robot.urdf
  [SSM]  ssm=0.0991m  passed=True
[YawComp] net_yaw_nominal=0.2357  λ=0.0631  max_adj=0.042
============================================================
[228/500] robot_227_seed1398
  [Gen]  legs=5  desc=robot_description.json  urdf=robot.urdf
  [SSM]  ssm=-0.0021m  passed=False
  [Skip] SSM below threshold, skipping gait test.
  [Plot] Saved → /data/code/yjh/Adaptation/batch_results/20260623_125539/robot_227_seed1398/trajectory.png
============================================================
[229/500] robot_228_seed5661
  [Gen]  legs=7  desc=robot_description.json  urdf=robot.urdf
  [SSM]  ssm=0.0394m  passed=True
[YawComp] net_yaw_nominal=1.6010  λ=0.4852  max_adj=0.314
============================================================
[230/500] robot_229_seed7217
  [Gen]  legs=4  desc=robot_description.json  urdf=robot.urdf
  [SSM]  ssm=-0.1377m  passed=False
  [Skip] SSM below threshold, skipping gait test.
  [Plot] Saved → /data/code/yjh/Adaptation/batch_results/20260623_125539/robot_229_seed7217/trajectory.png
============================================================
[231/500] robot_230_seed2531
  [Gen]  legs=10  desc=robot_description.json  urdf=robot.urdf
  [SSM]  ssm=0.0250m  passed=False
  [Skip] SSM below threshold, skipping gait test.
  [Plot] Saved → /data/code/yjh/Adaptation/batch_results/20260623_125539/robot_230_seed2531/trajectory.png
============================================================
[232/500] robot_231_seed1353
  [Gen]  legs=9  desc=robot_description.json  urdf=robot.urdf
  [SSM]  ssm=0.2840m  passed=True
[YawComp] net_yaw_nominal=1.2536  λ=0.2994  max_adj=0.215
============================================================
[233/500] robot_232_seed79
  [Gen]  legs=4  desc=robot_description.json  urdf=robot.urdf
  [SSM]  ssm=0.0425m  passed=True
[YawComp] net_yaw_nominal=-0.5163  λ=-0.1867  max_adj=0.133
============================================================
[234/500] robot_233_seed8557
  [Gen]  legs=7  desc=robot_description.json  urdf=robot.urdf
  [SSM]  ssm=0.2355m  passed=True
[YawComp] net_yaw_nominal=-0.7513  λ=-0.4499  max_adj=0.274
============================================================
[235/500] robot_234_seed2680
  [Gen]  legs=6  desc=robot_description.json  urdf=robot.urdf
  [SSM]  ssm=-0.0737m  passed=False
  [Skip] SSM below threshold, skipping gait test.
  [Plot] Saved → /data/code/yjh/Adaptation/batch_results/20260623_125539/robot_234_seed2680/trajectory.png
============================================================
[236/500] robot_235_seed4549
  [Gen]  legs=8  desc=robot_description.json  urdf=robot.urdf
  [SSM]  ssm=0.0244m  passed=False
  [Skip] SSM below threshold, skipping gait test.
  [Plot] Saved → /data/code/yjh/Adaptation/batch_results/20260623_125539/robot_235_seed4549/trajectory.png
============================================================
[237/500] robot_236_seed5784
  [Gen]  legs=8  desc=robot_description.json  urdf=robot.urdf
  [SSM]  ssm=0.4020m  passed=True
[YawComp] net_yaw_nominal=0.1808  λ=0.0725  max_adj=0.045
============================================================
[238/500] robot_237_seed5980
  [Gen]  legs=5  desc=robot_description.json  urdf=robot.urdf
  [SSM]  ssm=0.0723m  passed=True
[YawComp] net_yaw_nominal=0.9105  λ=0.4835  max_adj=0.286
============================================================
[239/500] robot_238_seed9533
  [Gen]  legs=4  desc=robot_description.json  urdf=robot.urdf
  [SSM]  ssm=-0.1899m  passed=False
  [Skip] SSM below threshold, skipping gait test.
  [Plot] Saved → /data/code/yjh/Adaptation/batch_results/20260623_125539/robot_238_seed9533/trajectory.png
============================================================
[240/500] robot_239_seed8867
  [Gen]  legs=10  desc=robot_description.json  urdf=robot.urdf
  [SSM]  ssm=0.3181m  passed=True
[YawComp] net_yaw_nominal=1.0091  λ=0.3691  max_adj=0.214
============================================================
[241/500] robot_240_seed7575
  [Gen]  legs=5  desc=robot_description.json  urdf=robot.urdf
  [SSM]  ssm=0.2065m  passed=True
[YawComp] net_yaw_nominal=-0.5606  λ=-0.2560  max_adj=0.172
============================================================
[242/500] robot_241_seed775
  [Gen]  legs=10  desc=robot_description.json  urdf=robot.urdf
  [SSM]  ssm=0.4106m  passed=True
[YawComp] net_yaw_nominal=1.0280  λ=0.3289  max_adj=0.204
============================================================
[243/500] robot_242_seed1594
  [Gen]  legs=10  desc=robot_description.json  urdf=robot.urdf
  [SSM]  ssm=0.2409m  passed=True
[YawComp] net_yaw_nominal=0.9746  λ=0.2623  max_adj=0.173
============================================================
[244/500] robot_243_seed4950
  [Gen]  legs=7  desc=robot_description.json  urdf=robot.urdf
  [SSM]  ssm=-0.0320m  passed=False
  [Skip] SSM below threshold, skipping gait test.
  [Plot] Saved → /data/code/yjh/Adaptation/batch_results/20260623_125539/robot_243_seed4950/trajectory.png
============================================================
[245/500] robot_244_seed2448
  [Gen]  legs=8  desc=robot_description.json  urdf=robot.urdf
  [SSM]  ssm=0.4214m  passed=True
[YawComp] net_yaw_nominal=-0.5446  λ=-0.1851  max_adj=0.107
============================================================
[246/500] robot_245_seed8850
  [Gen]  legs=8  desc=robot_description.json  urdf=robot.urdf
  [SSM]  ssm=0.2581m  passed=True
[YawComp] net_yaw_nominal=0.3045  λ=0.0933  max_adj=0.064
============================================================
[247/500] robot_246_seed9191
  [Gen]  legs=6  desc=robot_description.json  urdf=robot.urdf
  [SSM]  ssm=0.3724m  passed=True
[Grouping] 标准六足对角三脚架: group_a=[5, 1, 3]  group_b=[0, 4, 2]
[YawComp] net_yaw_nominal=0.0295  λ=0.0336  max_adj=0.017
============================================================
[248/500] robot_247_seed5810
  [Gen]  legs=5  desc=robot_description.json  urdf=robot.urdf
  [SSM]  ssm=0.1019m  passed=True
[YawComp] net_yaw_nominal=0.2871  λ=0.2296  max_adj=0.123
============================================================
[249/500] robot_248_seed9887
  [Gen]  legs=10  desc=robot_description.json  urdf=robot.urdf
  [SSM]  ssm=0.1871m  passed=True
[YawComp] net_yaw_nominal=-1.1080  λ=-0.3148  max_adj=0.166
============================================================
[250/500] robot_249_seed8070
  [Gen]  legs=8  desc=robot_description.json  urdf=robot.urdf
  [SSM]  ssm=0.2166m  passed=True
[YawComp] net_yaw_nominal=1.3233  λ=0.3392  max_adj=0.226
============================================================
[251/500] robot_250_seed740
  [Gen]  legs=5  desc=robot_description.json  urdf=robot.urdf
  [SSM]  ssm=-0.0097m  passed=False
  [Skip] SSM below threshold, skipping gait test.
  [Plot] Saved → /data/code/yjh/Adaptation/batch_results/20260623_125539/robot_250_seed740/trajectory.png
============================================================
[252/500] robot_251_seed4982
  [Gen]  legs=9  desc=robot_description.json  urdf=robot.urdf
  [SSM]  ssm=0.3690m  passed=True
[YawComp] net_yaw_nominal=-0.0436  λ=-0.0204  max_adj=0.011
============================================================
[253/500] robot_252_seed1249
  [Gen]  legs=6  desc=robot_description.json  urdf=robot.urdf
  [SSM]  ssm=0.1837m  passed=True
[Grouping] 标准六足对角三脚架: group_a=[5, 1, 3]  group_b=[0, 4, 2]
[YawComp] net_yaw_nominal=-0.8859  λ=-0.2131  max_adj=0.157
============================================================
[254/500] robot_253_seed4681
  [Gen]  legs=8  desc=robot_description.json  urdf=robot.urdf
  [SSM]  ssm=-0.1330m  passed=False
  [Skip] SSM below threshold, skipping gait test.
  [Plot] Saved → /data/code/yjh/Adaptation/batch_results/20260623_125539/robot_253_seed4681/trajectory.png
============================================================
[255/500] robot_254_seed6298
  [Gen]  legs=6  desc=robot_description.json  urdf=robot.urdf
  [SSM]  ssm=0.4185m  passed=True
[Grouping] 标准六足对角三脚架: group_a=[5, 1, 3]  group_b=[0, 4, 2]
[YawComp] net_yaw_nominal=-0.3163  λ=-0.2210  max_adj=0.115
============================================================
[256/500] robot_255_seed863
  [Gen]  legs=8  desc=robot_description.json  urdf=robot.urdf
  [SSM]  ssm=-0.0441m  passed=False
  [Skip] SSM below threshold, skipping gait test.
  [Plot] Saved → /data/code/yjh/Adaptation/batch_results/20260623_125539/robot_255_seed863/trajectory.png
============================================================
[257/500] robot_256_seed8721
  [Gen]  legs=5  desc=robot_description.json  urdf=robot.urdf
  [SSM]  ssm=0.2643m  passed=True
[YawComp] net_yaw_nominal=-0.1417  λ=-0.0621  max_adj=0.043
============================================================
[258/500] robot_257_seed6169
  [Gen]  legs=6  desc=robot_description.json  urdf=robot.urdf
  [SSM]  ssm=0.3632m  passed=True
[YawComp] net_yaw_nominal=0.0698  λ=0.0872  max_adj=0.040
============================================================
[259/500] robot_258_seed6042
  [Gen]  legs=4  desc=robot_description.json  urdf=robot.urdf
  [SSM]  ssm=0.1541m  passed=True
[YawComp] net_yaw_nominal=0.0033  λ=0.0028  max_adj=0.002
============================================================
[260/500] robot_259_seed681
  [Gen]  legs=8  desc=robot_description.json  urdf=robot.urdf
  [SSM]  ssm=0.0428m  passed=True
[YawComp] net_yaw_nominal=-1.9718  λ=-0.7805  max_adj=0.548
============================================================
[261/500] robot_260_seed7855
  [Gen]  legs=4  desc=robot_description.json  urdf=robot.urdf
  [SSM]  ssm=0.0597m  passed=True
[YawComp] net_yaw_nominal=0.4421  λ=0.2328  max_adj=0.167
============================================================
[262/500] robot_261_seed7308
  [Gen]  legs=10  desc=robot_description.json  urdf=robot.urdf
  [SSM]  ssm=0.0792m  passed=True
[YawComp] net_yaw_nominal=-1.4371  λ=-0.3262  max_adj=0.211
============================================================
[263/500] robot_262_seed4431
  [Gen]  legs=7  desc=robot_description.json  urdf=robot.urdf
  [SSM]  ssm=0.3506m  passed=True
[YawComp] net_yaw_nominal=-0.0620  λ=-0.0372  max_adj=0.022
============================================================
[264/500] robot_263_seed6625
  [Gen]  legs=4  desc=robot_description.json  urdf=robot.urdf
  [SSM]  ssm=-0.1633m  passed=False
  [Skip] SSM below threshold, skipping gait test.
  [Plot] Saved → /data/code/yjh/Adaptation/batch_results/20260623_125539/robot_263_seed6625/trajectory.png
============================================================
[265/500] robot_264_seed6806
  [Gen]  legs=6  desc=robot_description.json  urdf=robot.urdf
  [SSM]  ssm=0.0728m  passed=True
[Grouping] 标准六足对角三脚架: group_a=[5, 1, 4]  group_b=[0, 3, 2]
[YawComp] net_yaw_nominal=1.3368  λ=0.7566  max_adj=0.473
============================================================
[266/500] robot_265_seed3814
  [Gen]  legs=9  desc=robot_description.json  urdf=robot.urdf
  [SSM]  ssm=0.1359m  passed=True
[YawComp] net_yaw_nominal=-1.8309  λ=-0.4384  max_adj=0.287
============================================================
[267/500] robot_266_seed4082
  [Gen]  legs=8  desc=robot_description.json  urdf=robot.urdf
  [SSM]  ssm=0.4134m  passed=True
[YawComp] net_yaw_nominal=-0.0205  λ=-0.0068  max_adj=0.005
============================================================
[268/500] robot_267_seed5436
  [Gen]  legs=10  desc=robot_description.json  urdf=robot.urdf
  [SSM]  ssm=0.4327m  passed=True
[YawComp] net_yaw_nominal=-1.0047  λ=-0.2695  max_adj=0.170
============================================================
[269/500] robot_268_seed7293
  [Gen]  legs=8  desc=robot_description.json  urdf=robot.urdf
  [SSM]  ssm=0.2394m  passed=True
[YawComp] net_yaw_nominal=1.0378  λ=0.3511  max_adj=0.232
============================================================
[270/500] robot_269_seed4507
  [Gen]  legs=9  desc=robot_description.json  urdf=robot.urdf
  [SSM]  ssm=0.1118m  passed=True
[YawComp] net_yaw_nominal=-0.9388  λ=-0.2329  max_adj=0.157
============================================================
[271/500] robot_270_seed155
  [Gen]  legs=4  desc=robot_description.json  urdf=robot.urdf
  [SSM]  ssm=-0.2517m  passed=False
  [Skip] SSM below threshold, skipping gait test.
  [Plot] Saved → /data/code/yjh/Adaptation/batch_results/20260623_125539/robot_270_seed155/trajectory.png
============================================================
[272/500] robot_271_seed5635
  [Gen]  legs=9  desc=robot_description.json  urdf=robot.urdf
  [SSM]  ssm=0.1456m  passed=True
[YawComp] net_yaw_nominal=-2.1982  λ=-0.6835  max_adj=0.461
============================================================
[273/500] robot_272_seed7103
  [Gen]  legs=6  desc=robot_description.json  urdf=robot.urdf
  [SSM]  ssm=0.0347m  passed=True
[YawComp] net_yaw_nominal=-0.5437  λ=-0.3126  max_adj=0.170
============================================================
[274/500] robot_273_seed7001
  [Gen]  legs=10  desc=robot_description.json  urdf=robot.urdf
  [SSM]  ssm=0.1077m  passed=True
[YawComp] net_yaw_nominal=-0.8679  λ=-0.2085  max_adj=0.152
============================================================
[275/500] robot_274_seed4158
  [Gen]  legs=10  desc=robot_description.json  urdf=robot.urdf
  [SSM]  ssm=0.4934m  passed=True
[YawComp] net_yaw_nominal=1.0679  λ=0.3448  max_adj=0.232
============================================================
[276/500] robot_275_seed526
  [Gen]  legs=7  desc=robot_description.json  urdf=robot.urdf
  [SSM]  ssm=0.1846m  passed=True
[YawComp] net_yaw_nominal=-1.1360  λ=-0.5306  max_adj=0.312
============================================================
[277/500] robot_276_seed2856
  [Gen]  legs=4  desc=robot_description.json  urdf=robot.urdf
  [SSM]  ssm=0.1437m  passed=True
[YawComp] net_yaw_nominal=-0.4768  λ=-0.2573  max_adj=0.166
============================================================
[278/500] robot_277_seed5427
  [Gen]  legs=10  desc=robot_description.json  urdf=robot.urdf
  [SSM]  ssm=0.2153m  passed=True
[YawComp] net_yaw_nominal=-1.3738  λ=-0.5081  max_adj=0.287
============================================================
[279/500] robot_278_seed3373
  [Gen]  legs=9  desc=robot_description.json  urdf=robot.urdf
  [SSM]  ssm=0.3010m  passed=True
[YawComp] net_yaw_nominal=0.5425  λ=0.3510  max_adj=0.170
============================================================
[280/500] robot_279_seed6022
  [Gen]  legs=10  desc=robot_description.json  urdf=robot.urdf
  [SSM]  ssm=0.3730m  passed=True
[YawComp] net_yaw_nominal=0.1195  λ=0.0316  max_adj=0.024
============================================================
[281/500] robot_280_seed7832
  [Gen]  legs=5  desc=robot_description.json  urdf=robot.urdf
  [SSM]  ssm=0.2389m  passed=True
[YawComp] net_yaw_nominal=-0.2895  λ=-0.1523  max_adj=0.085
============================================================
[282/500] robot_281_seed2940
  [Gen]  legs=5  desc=robot_description.json  urdf=robot.urdf
  [SSM]  ssm=0.0768m  passed=True
[YawComp] net_yaw_nominal=-0.2052  λ=-0.0981  max_adj=0.066
============================================================
[283/500] robot_282_seed1718
  [Gen]  legs=8  desc=robot_description.json  urdf=robot.urdf
  [SSM]  ssm=0.4207m  passed=True
[YawComp] net_yaw_nominal=0.1122  λ=0.0295  max_adj=0.022
============================================================
[284/500] robot_283_seed7334
  [Gen]  legs=6  desc=robot_description.json  urdf=robot.urdf
  [SSM]  ssm=0.1250m  passed=True
[Grouping] 标准六足对角三脚架: group_a=[4, 0, 2]  group_b=[5, 3, 1]
[YawComp] net_yaw_nominal=-1.2742  λ=-0.6594  max_adj=0.373
============================================================
[285/500] robot_284_seed4742
  [Gen]  legs=8  desc=robot_description.json  urdf=robot.urdf
  [SSM]  ssm=0.2371m  passed=True
[YawComp] net_yaw_nominal=-0.0596  λ=-0.0125  max_adj=0.008
============================================================
[286/500] robot_285_seed537
  [Gen]  legs=5  desc=robot_description.json  urdf=robot.urdf
  [SSM]  ssm=-0.0274m  passed=False
  [Skip] SSM below threshold, skipping gait test.
  [Plot] Saved → /data/code/yjh/Adaptation/batch_results/20260623_125539/robot_285_seed537/trajectory.png
============================================================
[287/500] robot_286_seed8313
  [Gen]  legs=5  desc=robot_description.json  urdf=robot.urdf
  [SSM]  ssm=-0.1189m  passed=False
  [Skip] SSM below threshold, skipping gait test.
  [Plot] Saved → /data/code/yjh/Adaptation/batch_results/20260623_125539/robot_286_seed8313/trajectory.png
============================================================
[288/500] robot_287_seed5681
  [Gen]  legs=4  desc=robot_description.json  urdf=robot.urdf
  [SSM]  ssm=-0.0466m  passed=False
  [Skip] SSM below threshold, skipping gait test.
  [Plot] Saved → /data/code/yjh/Adaptation/batch_results/20260623_125539/robot_287_seed5681/trajectory.png
============================================================
[289/500] robot_288_seed9998
  [Gen]  legs=10  desc=robot_description.json  urdf=robot.urdf
  [SSM]  ssm=-0.1153m  passed=False
  [Skip] SSM below threshold, skipping gait test.
  [Plot] Saved → /data/code/yjh/Adaptation/batch_results/20260623_125539/robot_288_seed9998/trajectory.png
============================================================
[290/500] robot_289_seed3186
  [Gen]  legs=9  desc=robot_description.json  urdf=robot.urdf
  [SSM]  ssm=-0.0866m  passed=False
  [Skip] SSM below threshold, skipping gait test.
  [Plot] Saved → /data/code/yjh/Adaptation/batch_results/20260623_125539/robot_289_seed3186/trajectory.png
============================================================
[291/500] robot_290_seed5523
  [Gen]  legs=4  desc=robot_description.json  urdf=robot.urdf
  [SSM]  ssm=0.1265m  passed=True
[YawComp] net_yaw_nominal=-0.0804  λ=-0.0565  max_adj=0.034
============================================================
[292/500] robot_291_seed2583
  [Gen]  legs=8  desc=robot_description.json  urdf=robot.urdf
  [SSM]  ssm=0.2863m  passed=True
[YawComp] net_yaw_nominal=-0.0603  λ=-0.0188  max_adj=0.012
============================================================
[293/500] robot_292_seed9684
  [Gen]  legs=8  desc=robot_description.json  urdf=robot.urdf
  [SSM]  ssm=0.3245m  passed=True
[YawComp] net_yaw_nominal=0.6846  λ=0.2437  max_adj=0.158
============================================================
[294/500] robot_293_seed5596
  [Gen]  legs=9  desc=robot_description.json  urdf=robot.urdf
  [SSM]  ssm=0.0052m  passed=False
  [Skip] SSM below threshold, skipping gait test.
  [Plot] Saved → /data/code/yjh/Adaptation/batch_results/20260623_125539/robot_293_seed5596/trajectory.png
============================================================
[295/500] robot_294_seed1273
  [Gen]  legs=10  desc=robot_description.json  urdf=robot.urdf
  [SSM]  ssm=0.1858m  passed=True
[YawComp] net_yaw_nominal=0.0695  λ=0.0140  max_adj=0.011
============================================================
[296/500] robot_295_seed4299
  [Gen]  legs=5  desc=robot_description.json  urdf=robot.urdf
  [SSM]  ssm=0.2819m  passed=True
[YawComp] net_yaw_nominal=-0.1227  λ=-0.0625  max_adj=0.038
============================================================
[297/500] robot_296_seed9734
  [Gen]  legs=5  desc=robot_description.json  urdf=robot.urdf
  [SSM]  ssm=-0.0838m  passed=False
  [Skip] SSM below threshold, skipping gait test.
  [Plot] Saved → /data/code/yjh/Adaptation/batch_results/20260623_125539/robot_296_seed9734/trajectory.png
============================================================
[298/500] robot_297_seed639
  [Gen]  legs=10  desc=robot_description.json  urdf=robot.urdf
  [SSM]  ssm=0.3878m  passed=True
[YawComp] net_yaw_nominal=0.4815  λ=0.1456  max_adj=0.096
============================================================
[299/500] robot_298_seed8347
  [Gen]  legs=5  desc=robot_description.json  urdf=robot.urdf
  [SSM]  ssm=0.0446m  passed=True
[YawComp] net_yaw_nominal=0.1061  λ=0.0768  max_adj=0.041
============================================================
[300/500] robot_299_seed8504
  [Gen]  legs=6  desc=robot_description.json  urdf=robot.urdf
  [SSM]  ssm=-0.0955m  passed=False
  [Skip] SSM below threshold, skipping gait test.
  [Plot] Saved → /data/code/yjh/Adaptation/batch_results/20260623_125539/robot_299_seed8504/trajectory.png
============================================================
[301/500] robot_300_seed3433
  [Gen]  legs=6  desc=robot_description.json  urdf=robot.urdf
  [SSM]  ssm=0.1272m  passed=True
[YawComp] net_yaw_nominal=0.2593  λ=0.0758  max_adj=0.055
============================================================
[302/500] robot_301_seed6611
  [Gen]  legs=10  desc=robot_description.json  urdf=robot.urdf
  [SSM]  ssm=0.1469m  passed=True
[YawComp] net_yaw_nominal=0.1038  λ=0.0270  max_adj=0.016
============================================================
[303/500] robot_302_seed2061
  [Gen]  legs=5  desc=robot_description.json  urdf=robot.urdf
  [SSM]  ssm=0.0580m  passed=True
[YawComp] net_yaw_nominal=0.1108  λ=0.0453  max_adj=0.033
============================================================
[304/500] robot_303_seed5099
  [Gen]  legs=8  desc=robot_description.json  urdf=robot.urdf
  [SSM]  ssm=0.2353m  passed=True
[YawComp] net_yaw_nominal=-0.4644  λ=-0.2162  max_adj=0.123
============================================================
[305/500] robot_304_seed3374
  [Gen]  legs=6  desc=robot_description.json  urdf=robot.urdf
  [SSM]  ssm=-0.1496m  passed=False
  [Skip] SSM below threshold, skipping gait test.
  [Plot] Saved → /data/code/yjh/Adaptation/batch_results/20260623_125539/robot_304_seed3374/trajectory.png
============================================================
[306/500] robot_305_seed2554
  [Gen]  legs=4  desc=robot_description.json  urdf=robot.urdf
  [SSM]  ssm=-0.0359m  passed=False
  [Skip] SSM below threshold, skipping gait test.
  [Plot] Saved → /data/code/yjh/Adaptation/batch_results/20260623_125539/robot_305_seed2554/trajectory.png
============================================================
[307/500] robot_306_seed2480
  [Gen]  legs=7  desc=robot_description.json  urdf=robot.urdf
  [SSM]  ssm=0.3355m  passed=True
[YawComp] net_yaw_nominal=1.0990  λ=0.3826  max_adj=0.260
============================================================
[308/500] robot_307_seed9436
  [Gen]  legs=4  desc=robot_description.json  urdf=robot.urdf
  [SSM]  ssm=-0.0473m  passed=False
  [Skip] SSM below threshold, skipping gait test.
  [Plot] Saved → /data/code/yjh/Adaptation/batch_results/20260623_125539/robot_307_seed9436/trajectory.png
============================================================
[309/500] robot_308_seed9098
  [Gen]  legs=5  desc=robot_description.json  urdf=robot.urdf
  [SSM]  ssm=-0.0032m  passed=False
  [Skip] SSM below threshold, skipping gait test.
  [Plot] Saved → /data/code/yjh/Adaptation/batch_results/20260623_125539/robot_308_seed9098/trajectory.png
============================================================
[310/500] robot_309_seed8858
  [Gen]  legs=4  desc=robot_description.json  urdf=robot.urdf
  [SSM]  ssm=0.1994m  passed=True
[YawComp] net_yaw_nominal=0.1133  λ=0.0770  max_adj=0.051
============================================================
[311/500] robot_310_seed7362
  [Gen]  legs=6  desc=robot_description.json  urdf=robot.urdf
  [SSM]  ssm=0.4280m  passed=True
[Grouping] 标准六足对角三脚架: group_a=[5, 1, 3]  group_b=[0, 4, 2]
[YawComp] net_yaw_nominal=0.5223  λ=0.2617  max_adj=0.159
============================================================
[312/500] robot_311_seed3878
  [Gen]  legs=10  desc=robot_description.json  urdf=robot.urdf
  [SSM]  ssm=0.2320m  passed=True
[YawComp] net_yaw_nominal=-0.3264  λ=-0.1427  max_adj=0.086
============================================================
[313/500] robot_312_seed2184
  [Gen]  legs=10  desc=robot_description.json  urdf=robot.urdf
  [SSM]  ssm=0.1819m  passed=True
[YawComp] net_yaw_nominal=-1.3451  λ=-0.3454  max_adj=0.214
============================================================
[314/500] robot_313_seed3906
  [Gen]  legs=10  desc=robot_description.json  urdf=robot.urdf
  [SSM]  ssm=0.0960m  passed=True
[YawComp] net_yaw_nominal=-0.7393  λ=-0.1324  max_adj=0.087
============================================================
[315/500] robot_314_seed6938
  [Gen]  legs=7  desc=robot_description.json  urdf=robot.urdf
  [SSM]  ssm=0.2464m  passed=True
[YawComp] net_yaw_nominal=0.4440  λ=0.2237  max_adj=0.129
============================================================
[316/500] robot_315_seed2805
  [Gen]  legs=7  desc=robot_description.json  urdf=robot.urdf
  [SSM]  ssm=0.1094m  passed=True
[YawComp] net_yaw_nominal=-1.5772  λ=-0.6796  max_adj=0.409
============================================================
[317/500] robot_316_seed8227
  [Gen]  legs=5  desc=robot_description.json  urdf=robot.urdf
  [SSM]  ssm=0.0856m  passed=True
[YawComp] net_yaw_nominal=0.2420  λ=0.1106  max_adj=0.066
============================================================
[318/500] robot_317_seed5896
  [Gen]  legs=10  desc=robot_description.json  urdf=robot.urdf
  [SSM]  ssm=0.1166m  passed=True
[YawComp] net_yaw_nominal=-0.9789  λ=-0.2685  max_adj=0.167
============================================================
[319/500] robot_318_seed5778
  [Gen]  legs=8  desc=robot_description.json  urdf=robot.urdf
  [SSM]  ssm=0.2706m  passed=True
[YawComp] net_yaw_nominal=0.5508  λ=0.1609  max_adj=0.105
============================================================
[320/500] robot_319_seed4165
  [Gen]  legs=8  desc=robot_description.json  urdf=robot.urdf
  [SSM]  ssm=0.2814m  passed=True
[YawComp] net_yaw_nominal=0.6026  λ=0.1290  max_adj=0.096
============================================================
[321/500] robot_320_seed8564
  [Gen]  legs=8  desc=robot_description.json  urdf=robot.urdf
  [SSM]  ssm=0.1915m  passed=True
[YawComp] net_yaw_nominal=0.5157  λ=0.1434  max_adj=0.100
============================================================
[322/500] robot_321_seed8984
  [Gen]  legs=10  desc=robot_description.json  urdf=robot.urdf
  [SSM]  ssm=-0.0620m  passed=False
  [Skip] SSM below threshold, skipping gait test.
  [Plot] Saved → /data/code/yjh/Adaptation/batch_results/20260623_125539/robot_321_seed8984/trajectory.png
============================================================
[323/500] robot_322_seed1322
  [Gen]  legs=6  desc=robot_description.json  urdf=robot.urdf
  [SSM]  ssm=-0.0990m  passed=False
  [Skip] SSM below threshold, skipping gait test.
  [Plot] Saved → /data/code/yjh/Adaptation/batch_results/20260623_125539/robot_322_seed1322/trajectory.png
============================================================
[324/500] robot_323_seed5525
  [Gen]  legs=6  desc=robot_description.json  urdf=robot.urdf
  [SSM]  ssm=0.1826m  passed=True
[Grouping] 标准六足对角三脚架: group_a=[5, 1, 3]  group_b=[0, 4, 2]
[YawComp] net_yaw_nominal=-0.5530  λ=-0.1945  max_adj=0.128
============================================================
[325/500] robot_324_seed5065
  [Gen]  legs=7  desc=robot_description.json  urdf=robot.urdf
  [SSM]  ssm=-0.0012m  passed=False
  [Skip] SSM below threshold, skipping gait test.
  [Plot] Saved → /data/code/yjh/Adaptation/batch_results/20260623_125539/robot_324_seed5065/trajectory.png
============================================================
[326/500] robot_325_seed7663
  [Gen]  legs=6  desc=robot_description.json  urdf=robot.urdf
  [SSM]  ssm=0.2672m  passed=True
[Grouping] 标准六足对角三脚架: group_a=[3, 5, 1]  group_b=[4, 2, 0]
[YawComp] net_yaw_nominal=-0.0941  λ=-0.0739  max_adj=0.036
============================================================
[327/500] robot_326_seed5268
  [Gen]  legs=7  desc=robot_description.json  urdf=robot.urdf
  [SSM]  ssm=0.3784m  passed=True
[YawComp] net_yaw_nominal=-0.3742  λ=-0.2081  max_adj=0.127
============================================================
[328/500] robot_327_seed6909
  [Gen]  legs=6  desc=robot_description.json  urdf=robot.urdf
  [SSM]  ssm=0.1070m  passed=True
[YawComp] net_yaw_nominal=0.8008  λ=0.5079  max_adj=0.287
============================================================
[329/500] robot_328_seed8621
  [Gen]  legs=8  desc=robot_description.json  urdf=robot.urdf
  [SSM]  ssm=0.2985m  passed=True
[YawComp] net_yaw_nominal=-0.1178  λ=-0.0441  max_adj=0.025
============================================================
[330/500] robot_329_seed551
  [Gen]  legs=5  desc=robot_description.json  urdf=robot.urdf
  [SSM]  ssm=0.0292m  passed=False
  [Skip] SSM below threshold, skipping gait test.
  [Plot] Saved → /data/code/yjh/Adaptation/batch_results/20260623_125539/robot_329_seed551/trajectory.png
============================================================
[331/500] robot_330_seed744
  [Gen]  legs=10  desc=robot_description.json  urdf=robot.urdf
  [SSM]  ssm=-0.0153m  passed=False
  [Skip] SSM below threshold, skipping gait test.
  [Plot] Saved → /data/code/yjh/Adaptation/batch_results/20260623_125539/robot_330_seed744/trajectory.png
============================================================
[332/500] robot_331_seed8704
  [Gen]  legs=5  desc=robot_description.json  urdf=robot.urdf
  [SSM]  ssm=0.2322m  passed=True
[YawComp] net_yaw_nominal=0.6895  λ=0.2661  max_adj=0.209
============================================================
[333/500] robot_332_seed4893
  [Gen]  legs=5  desc=robot_description.json  urdf=robot.urdf
  [SSM]  ssm=0.3278m  passed=True
[YawComp] net_yaw_nominal=-0.0165  λ=-0.0188  max_adj=0.010
============================================================
[334/500] robot_333_seed501
  [Gen]  legs=10  desc=robot_description.json  urdf=robot.urdf
  [SSM]  ssm=0.2348m  passed=True
[YawComp] net_yaw_nominal=1.2005  λ=0.3213  max_adj=0.209
============================================================
[335/500] robot_334_seed3438
  [Gen]  legs=8  desc=robot_description.json  urdf=robot.urdf
  [SSM]  ssm=0.2101m  passed=True
[YawComp] net_yaw_nominal=-0.9037  λ=-0.2971  max_adj=0.177
============================================================
[336/500] robot_335_seed8835
  [Gen]  legs=6  desc=robot_description.json  urdf=robot.urdf
  [SSM]  ssm=0.1652m  passed=True
[Grouping] 标准六足对角三脚架: group_a=[4, 0, 2]  group_b=[5, 3, 1]
[YawComp] net_yaw_nominal=-0.5255  λ=-0.2759  max_adj=0.166
============================================================
[337/500] robot_336_seed9280
  [Gen]  legs=7  desc=robot_description.json  urdf=robot.urdf
  [SSM]  ssm=-0.1330m  passed=False
  [Skip] SSM below threshold, skipping gait test.
  [Plot] Saved → /data/code/yjh/Adaptation/batch_results/20260623_125539/robot_336_seed9280/trajectory.png
============================================================
[338/500] robot_337_seed3800
  [Gen]  legs=5  desc=robot_description.json  urdf=robot.urdf
  [SSM]  ssm=-0.0043m  passed=False
  [Skip] SSM below threshold, skipping gait test.
  [Plot] Saved → /data/code/yjh/Adaptation/batch_results/20260623_125539/robot_337_seed3800/trajectory.png
============================================================
[339/500] robot_338_seed263
  [Gen]  legs=9  desc=robot_description.json  urdf=robot.urdf
  [SSM]  ssm=0.0784m  passed=True
[YawComp] net_yaw_nominal=-1.5145  λ=-0.3281  max_adj=0.238
============================================================
[340/500] robot_339_seed6365
  [Gen]  legs=9  desc=robot_description.json  urdf=robot.urdf
  [SSM]  ssm=0.0933m  passed=True
[YawComp] net_yaw_nominal=-1.0002  λ=-0.4683  max_adj=0.280
============================================================
[341/500] robot_340_seed1047
  [Gen]  legs=4  desc=robot_description.json  urdf=robot.urdf
  [SSM]  ssm=-0.1200m  passed=False
  [Skip] SSM below threshold, skipping gait test.
  [Plot] Saved → /data/code/yjh/Adaptation/batch_results/20260623_125539/robot_340_seed1047/trajectory.png
============================================================
[342/500] robot_341_seed4281
  [Gen]  legs=6  desc=robot_description.json  urdf=robot.urdf
  [SSM]  ssm=0.1256m  passed=True
[YawComp] net_yaw_nominal=0.6118  λ=0.3548  max_adj=0.211
============================================================
[343/500] robot_342_seed6240
  [Gen]  legs=4  desc=robot_description.json  urdf=robot.urdf
  [SSM]  ssm=-0.0364m  passed=False
  [Skip] SSM below threshold, skipping gait test.
  [Plot] Saved → /data/code/yjh/Adaptation/batch_results/20260623_125539/robot_342_seed6240/trajectory.png
============================================================
[344/500] robot_343_seed3980
  [Gen]  legs=5  desc=robot_description.json  urdf=robot.urdf
  [SSM]  ssm=0.3841m  passed=True
[YawComp] net_yaw_nominal=0.3167  λ=0.2019  max_adj=0.124
============================================================
[345/500] robot_344_seed3891
  [Gen]  legs=8  desc=robot_description.json  urdf=robot.urdf
  [SSM]  ssm=0.3239m  passed=True
[YawComp] net_yaw_nominal=0.0443  λ=0.0108  max_adj=0.008
============================================================
[346/500] robot_345_seed7666
  [Gen]  legs=9  desc=robot_description.json  urdf=robot.urdf
  [SSM]  ssm=0.4535m  passed=True
[YawComp] net_yaw_nominal=0.1250  λ=0.0504  max_adj=0.031
============================================================
[347/500] robot_346_seed8907
  [Gen]  legs=7  desc=robot_description.json  urdf=robot.urdf
  [SSM]  ssm=0.0472m  passed=True
[YawComp] net_yaw_nominal=-1.1855  λ=-0.3547  max_adj=0.256
============================================================
[348/500] robot_347_seed7337
  [Gen]  legs=6  desc=robot_description.json  urdf=robot.urdf
  [SSM]  ssm=0.0586m  passed=True
[Grouping] 标准六足对角三脚架: group_a=[4, 5, 2]  group_b=[0, 3, 1]
[YawComp] net_yaw_nominal=0.0259  λ=0.0084  max_adj=0.006
============================================================
[349/500] robot_348_seed1070
  [Gen]  legs=4  desc=robot_description.json  urdf=robot.urdf
  [SSM]  ssm=-0.3078m  passed=False
  [Skip] SSM below threshold, skipping gait test.
  [Plot] Saved → /data/code/yjh/Adaptation/batch_results/20260623_125539/robot_348_seed1070/trajectory.png
============================================================
[350/500] robot_349_seed3720
  [Gen]  legs=5  desc=robot_description.json  urdf=robot.urdf
  [SSM]  ssm=0.2261m  passed=True
[YawComp] net_yaw_nominal=0.1720  λ=0.1389  max_adj=0.070
============================================================
[351/500] robot_350_seed1117
  [Gen]  legs=9  desc=robot_description.json  urdf=robot.urdf
  [SSM]  ssm=0.3317m  passed=True
[YawComp] net_yaw_nominal=0.0635  λ=0.0233  max_adj=0.015
============================================================
[352/500] robot_351_seed7999
  [Gen]  legs=10  desc=robot_description.json  urdf=robot.urdf
  [SSM]  ssm=0.2206m  passed=True
[YawComp] net_yaw_nominal=1.9582  λ=0.6404  max_adj=0.393
============================================================
[353/500] robot_352_seed96
  [Gen]  legs=9  desc=robot_description.json  urdf=robot.urdf
  [SSM]  ssm=0.1044m  passed=True
[YawComp] net_yaw_nominal=-0.1930  λ=-0.0436  max_adj=0.031
============================================================
[354/500] robot_353_seed984
  [Gen]  legs=5  desc=robot_description.json  urdf=robot.urdf
  [SSM]  ssm=0.0742m  passed=True
[YawComp] net_yaw_nominal=0.0269  λ=0.0135  max_adj=0.008
============================================================
[355/500] robot_354_seed437
  [Gen]  legs=8  desc=robot_description.json  urdf=robot.urdf
  [SSM]  ssm=0.1170m  passed=True
[YawComp] net_yaw_nominal=-1.2584  λ=-0.3997  max_adj=0.252
============================================================
[356/500] robot_355_seed9210
  [Gen]  legs=7  desc=robot_description.json  urdf=robot.urdf
  [SSM]  ssm=0.3590m  passed=True
[YawComp] net_yaw_nominal=0.3046  λ=0.2152  max_adj=0.105
============================================================
[357/500] robot_356_seed384
  [Gen]  legs=5  desc=robot_description.json  urdf=robot.urdf
  [SSM]  ssm=-0.2048m  passed=False
  [Skip] SSM below threshold, skipping gait test.
  [Plot] Saved → /data/code/yjh/Adaptation/batch_results/20260623_125539/robot_356_seed384/trajectory.png
============================================================
[358/500] robot_357_seed4800
  [Gen]  legs=4  desc=robot_description.json  urdf=robot.urdf
  [SSM]  ssm=0.0755m  passed=True
[YawComp] net_yaw_nominal=0.4335  λ=0.4616  max_adj=0.228
============================================================
[359/500] robot_358_seed8624
  [Gen]  legs=8  desc=robot_description.json  urdf=robot.urdf
  [SSM]  ssm=-0.0161m  passed=False
  [Skip] SSM below threshold, skipping gait test.
  [Plot] Saved → /data/code/yjh/Adaptation/batch_results/20260623_125539/robot_358_seed8624/trajectory.png
============================================================
[360/500] robot_359_seed4025
  [Gen]  legs=7  desc=robot_description.json  urdf=robot.urdf
  [SSM]  ssm=0.3925m  passed=True
[YawComp] net_yaw_nominal=-0.1663  λ=-0.0827  max_adj=0.050
============================================================
[361/500] robot_360_seed7016
  [Gen]  legs=8  desc=robot_description.json  urdf=robot.urdf
  [SSM]  ssm=0.0108m  passed=False
  [Skip] SSM below threshold, skipping gait test.
  [Plot] Saved → /data/code/yjh/Adaptation/batch_results/20260623_125539/robot_360_seed7016/trajectory.png
============================================================
[362/500] robot_361_seed1845
  [Gen]  legs=4  desc=robot_description.json  urdf=robot.urdf
  [SSM]  ssm=0.1755m  passed=True
[YawComp] net_yaw_nominal=0.2799  λ=0.2395  max_adj=0.142
============================================================
[363/500] robot_362_seed6108
  [Gen]  legs=6  desc=robot_description.json  urdf=robot.urdf
  [SSM]  ssm=0.2732m  passed=True
[Grouping] 标准六足对角三脚架: group_a=[5, 1, 3]  group_b=[0, 4, 2]
[YawComp] net_yaw_nominal=-0.1612  λ=-0.1551  max_adj=0.066
============================================================
[364/500] robot_363_seed6338
  [Gen]  legs=7  desc=robot_description.json  urdf=robot.urdf
  [SSM]  ssm=0.3405m  passed=True
[YawComp] net_yaw_nominal=-0.2287  λ=-0.0650  max_adj=0.049
============================================================
[365/500] robot_364_seed1240
  [Gen]  legs=6  desc=robot_description.json  urdf=robot.urdf
  [SSM]  ssm=-0.0274m  passed=False
  [Skip] SSM below threshold, skipping gait test.
  [Plot] Saved → /data/code/yjh/Adaptation/batch_results/20260623_125539/robot_364_seed1240/trajectory.png
============================================================
[366/500] robot_365_seed5910
  [Gen]  legs=6  desc=robot_description.json  urdf=robot.urdf
  [SSM]  ssm=-0.0547m  passed=False
  [Skip] SSM below threshold, skipping gait test.
  [Plot] Saved → /data/code/yjh/Adaptation/batch_results/20260623_125539/robot_365_seed5910/trajectory.png
============================================================
[367/500] robot_366_seed5781
  [Gen]  legs=5  desc=robot_description.json  urdf=robot.urdf
  [SSM]  ssm=-0.1425m  passed=False
  [Skip] SSM below threshold, skipping gait test.
  [Plot] Saved → /data/code/yjh/Adaptation/batch_results/20260623_125539/robot_366_seed5781/trajectory.png
============================================================
[368/500] robot_367_seed7447
  [Gen]  legs=5  desc=robot_description.json  urdf=robot.urdf
  [SSM]  ssm=0.2595m  passed=True
[YawComp] net_yaw_nominal=0.6931  λ=0.6027  max_adj=0.275
============================================================
[369/500] robot_368_seed4388
  [Gen]  legs=4  desc=robot_description.json  urdf=robot.urdf
  [SSM]  ssm=0.0178m  passed=False
  [Skip] SSM below threshold, skipping gait test.
  [Plot] Saved → /data/code/yjh/Adaptation/batch_results/20260623_125539/robot_368_seed4388/trajectory.png
============================================================
[370/500] robot_369_seed1567
  [Gen]  legs=4  desc=robot_description.json  urdf=robot.urdf
  [SSM]  ssm=0.0185m  passed=False
  [Skip] SSM below threshold, skipping gait test.
  [Plot] Saved → /data/code/yjh/Adaptation/batch_results/20260623_125539/robot_369_seed1567/trajectory.png
============================================================
[371/500] robot_370_seed9926
  [Gen]  legs=8  desc=robot_description.json  urdf=robot.urdf
  [SSM]  ssm=0.2069m  passed=True
[YawComp] net_yaw_nominal=0.0802  λ=0.0273  max_adj=0.019
============================================================
[372/500] robot_371_seed1166
  [Gen]  legs=4  desc=robot_description.json  urdf=robot.urdf
  [SSM]  ssm=-0.0974m  passed=False
  [Skip] SSM below threshold, skipping gait test.
  [Plot] Saved → /data/code/yjh/Adaptation/batch_results/20260623_125539/robot_371_seed1166/trajectory.png
============================================================
[373/500] robot_372_seed3211
  [Gen]  legs=6  desc=robot_description.json  urdf=robot.urdf
  [SSM]  ssm=0.3394m  passed=True
[Grouping] 标准六足对角三脚架: group_a=[4, 0, 2]  group_b=[5, 3, 1]
[YawComp] net_yaw_nominal=0.1769  λ=0.1472  max_adj=0.068
============================================================
[374/500] robot_373_seed7607
  [Gen]  legs=5  desc=robot_description.json  urdf=robot.urdf
  [SSM]  ssm=0.3503m  passed=True
[YawComp] net_yaw_nominal=0.2948  λ=0.2502  max_adj=0.131
============================================================
[375/500] robot_374_seed7312
  [Gen]  legs=8  desc=robot_description.json  urdf=robot.urdf
  [SSM]  ssm=0.0651m  passed=True
[YawComp] net_yaw_nominal=1.2360  λ=0.5371  max_adj=0.316
============================================================
[376/500] robot_375_seed7478
  [Gen]  legs=8  desc=robot_description.json  urdf=robot.urdf
  [SSM]  ssm=0.2851m  passed=True
[YawComp] net_yaw_nominal=0.4468  λ=0.0972  max_adj=0.065
============================================================
[377/500] robot_376_seed1430
  [Gen]  legs=5  desc=robot_description.json  urdf=robot.urdf
  [SSM]  ssm=-0.0094m  passed=False
  [Skip] SSM below threshold, skipping gait test.
  [Plot] Saved → /data/code/yjh/Adaptation/batch_results/20260623_125539/robot_376_seed1430/trajectory.png
============================================================
[378/500] robot_377_seed3947
  [Gen]  legs=10  desc=robot_description.json  urdf=robot.urdf
  [SSM]  ssm=-0.1914m  passed=False
  [Skip] SSM below threshold, skipping gait test.
  [Plot] Saved → /data/code/yjh/Adaptation/batch_results/20260623_125539/robot_377_seed3947/trajectory.png
============================================================
[379/500] robot_378_seed6657
  [Gen]  legs=4  desc=robot_description.json  urdf=robot.urdf
  [SSM]  ssm=0.0786m  passed=True
[YawComp] net_yaw_nominal=-0.4657  λ=-0.3660  max_adj=0.185
============================================================
[380/500] robot_379_seed8405
  [Gen]  legs=10  desc=robot_description.json  urdf=robot.urdf
  [SSM]  ssm=0.3462m  passed=True
[YawComp] net_yaw_nominal=-0.6271  λ=-0.1442  max_adj=0.088
============================================================
[381/500] robot_380_seed1999
  [Gen]  legs=8  desc=robot_description.json  urdf=robot.urdf
  [SSM]  ssm=0.2482m  passed=True
[YawComp] net_yaw_nominal=-0.8228  λ=-0.2591  max_adj=0.158
============================================================
[382/500] robot_381_seed4854
  [Gen]  legs=5  desc=robot_description.json  urdf=robot.urdf
  [SSM]  ssm=0.0997m  passed=True
[YawComp] net_yaw_nominal=0.3474  λ=0.1465  max_adj=0.101
============================================================
[383/500] robot_382_seed6573
  [Gen]  legs=4  desc=robot_description.json  urdf=robot.urdf
  [SSM]  ssm=-0.1480m  passed=False
  [Skip] SSM below threshold, skipping gait test.
  [Plot] Saved → /data/code/yjh/Adaptation/batch_results/20260623_125539/robot_382_seed6573/trajectory.png
============================================================
[384/500] robot_383_seed9562
  [Gen]  legs=4  desc=robot_description.json  urdf=robot.urdf
  [SSM]  ssm=-0.1236m  passed=False
  [Skip] SSM below threshold, skipping gait test.
  [Plot] Saved → /data/code/yjh/Adaptation/batch_results/20260623_125539/robot_383_seed9562/trajectory.png
============================================================
[385/500] robot_384_seed6761
  [Gen]  legs=9  desc=robot_description.json  urdf=robot.urdf
  [SSM]  ssm=-0.0309m  passed=False
  [Skip] SSM below threshold, skipping gait test.
  [Plot] Saved → /data/code/yjh/Adaptation/batch_results/20260623_125539/robot_384_seed6761/trajectory.png
============================================================
[386/500] robot_385_seed9018
  [Gen]  legs=5  desc=robot_description.json  urdf=robot.urdf
  [SSM]  ssm=0.1125m  passed=True
[YawComp] net_yaw_nominal=0.9465  λ=0.4495  max_adj=0.309
============================================================
[387/500] robot_386_seed2213
  [Gen]  legs=10  desc=robot_description.json  urdf=robot.urdf
  [SSM]  ssm=0.3105m  passed=True
[YawComp] net_yaw_nominal=-0.6839  λ=-0.1876  max_adj=0.127
============================================================
[388/500] robot_387_seed9575
  [Gen]  legs=9  desc=robot_description.json  urdf=robot.urdf
  [SSM]  ssm=0.3184m  passed=True
[YawComp] net_yaw_nominal=0.0461  λ=0.0139  max_adj=0.008
============================================================
[389/500] robot_388_seed4097
  [Gen]  legs=5  desc=robot_description.json  urdf=robot.urdf
  [SSM]  ssm=-0.1114m  passed=False
  [Skip] SSM below threshold, skipping gait test.
  [Plot] Saved → /data/code/yjh/Adaptation/batch_results/20260623_125539/robot_388_seed4097/trajectory.png
============================================================
[390/500] robot_389_seed1806
  [Gen]  legs=4  desc=robot_description.json  urdf=robot.urdf
  [SSM]  ssm=-0.2756m  passed=False
  [Skip] SSM below threshold, skipping gait test.
  [Plot] Saved → /data/code/yjh/Adaptation/batch_results/20260623_125539/robot_389_seed1806/trajectory.png
============================================================
[391/500] robot_390_seed3657
  [Gen]  legs=4  desc=robot_description.json  urdf=robot.urdf
  [SSM]  ssm=0.2718m  passed=True
[YawComp] net_yaw_nominal=-0.1356  λ=-0.0848  max_adj=0.053
============================================================
[392/500] robot_391_seed8806
  [Gen]  legs=6  desc=robot_description.json  urdf=robot.urdf
  [SSM]  ssm=0.2746m  passed=True
[Grouping] 标准六足对角三脚架: group_a=[5, 1, 3]  group_b=[0, 4, 2]
[YawComp] net_yaw_nominal=0.2180  λ=0.1134  max_adj=0.074
============================================================
[393/500] robot_392_seed32
  [Gen]  legs=10  desc=robot_description.json  urdf=robot.urdf
  [SSM]  ssm=0.0803m  passed=True
[YawComp] net_yaw_nominal=-0.6016  λ=-0.1200  max_adj=0.083
============================================================
[394/500] robot_393_seed33
  [Gen]  legs=10  desc=robot_description.json  urdf=robot.urdf
  [SSM]  ssm=0.0142m  passed=False
  [Skip] SSM below threshold, skipping gait test.
  [Plot] Saved → /data/code/yjh/Adaptation/batch_results/20260623_125539/robot_393_seed33/trajectory.png
============================================================
[395/500] robot_394_seed4102
  [Gen]  legs=9  desc=robot_description.json  urdf=robot.urdf
  [SSM]  ssm=0.1949m  passed=True
[YawComp] net_yaw_nominal=-1.4514  λ=-0.4624  max_adj=0.287
============================================================
[396/500] robot_395_seed4815
  [Gen]  legs=4  desc=robot_description.json  urdf=robot.urdf
  [SSM]  ssm=-0.4156m  passed=False
  [Skip] SSM below threshold, skipping gait test.
  [Plot] Saved → /data/code/yjh/Adaptation/batch_results/20260623_125539/robot_395_seed4815/trajectory.png
============================================================
[397/500] robot_396_seed6346
  [Gen]  legs=10  desc=robot_description.json  urdf=robot.urdf
  [SSM]  ssm=0.4081m  passed=True
[YawComp] net_yaw_nominal=-0.0055  λ=-0.0013  max_adj=0.001
============================================================
[398/500] robot_397_seed8145
  [Gen]  legs=8  desc=robot_description.json  urdf=robot.urdf
  [SSM]  ssm=0.3489m  passed=True
[YawComp] net_yaw_nominal=1.6966  λ=0.4187  max_adj=0.278
============================================================
[399/500] robot_398_seed8180
  [Gen]  legs=8  desc=robot_description.json  urdf=robot.urdf
  [SSM]  ssm=-0.0620m  passed=False
  [Skip] SSM below threshold, skipping gait test.
  [Plot] Saved → /data/code/yjh/Adaptation/batch_results/20260623_125539/robot_398_seed8180/trajectory.png
============================================================
[400/500] robot_399_seed6176
  [Gen]  legs=10  desc=robot_description.json  urdf=robot.urdf
  [SSM]  ssm=-0.2456m  passed=False
  [Skip] SSM below threshold, skipping gait test.
  [Plot] Saved → /data/code/yjh/Adaptation/batch_results/20260623_125539/robot_399_seed6176/trajectory.png
============================================================
[401/500] robot_400_seed9010
  [Gen]  legs=5  desc=robot_description.json  urdf=robot.urdf
  [SSM]  ssm=0.0136m  passed=False
  [Skip] SSM below threshold, skipping gait test.
  [Plot] Saved → /data/code/yjh/Adaptation/batch_results/20260623_125539/robot_400_seed9010/trajectory.png
============================================================
[402/500] robot_401_seed8884
  [Gen]  legs=8  desc=robot_description.json  urdf=robot.urdf
  [SSM]  ssm=0.2351m  passed=True
[YawComp] net_yaw_nominal=0.1285  λ=0.0306  max_adj=0.021
============================================================
[403/500] robot_402_seed2592
  [Gen]  legs=10  desc=robot_description.json  urdf=robot.urdf
  [SSM]  ssm=0.3563m  passed=True
[YawComp] net_yaw_nominal=0.1340  λ=0.0439  max_adj=0.029
============================================================
[404/500] robot_403_seed2273
  [Gen]  legs=5  desc=robot_description.json  urdf=robot.urdf
  [SSM]  ssm=0.2951m  passed=True
[YawComp] net_yaw_nominal=0.3912  λ=0.1772  max_adj=0.132
============================================================
[405/500] robot_404_seed5722
  [Gen]  legs=5  desc=robot_description.json  urdf=robot.urdf
  [SSM]  ssm=0.2779m  passed=True
[YawComp] net_yaw_nominal=0.0315  λ=0.0319  max_adj=0.016
============================================================
[406/500] robot_405_seed9622
  [Gen]  legs=8  desc=robot_description.json  urdf=robot.urdf
  [SSM]  ssm=0.1906m  passed=True
[YawComp] net_yaw_nominal=1.2621  λ=0.4350  max_adj=0.257
============================================================
[407/500] robot_406_seed7714
  [Gen]  legs=8  desc=robot_description.json  urdf=robot.urdf
  [SSM]  ssm=0.0195m  passed=False
  [Skip] SSM below threshold, skipping gait test.
  [Plot] Saved → /data/code/yjh/Adaptation/batch_results/20260623_125539/robot_406_seed7714/trajectory.png
============================================================
[408/500] robot_407_seed2734
  [Gen]  legs=10  desc=robot_description.json  urdf=robot.urdf
  [SSM]  ssm=0.2741m  passed=True
[YawComp] net_yaw_nominal=0.2181  λ=0.0652  max_adj=0.037
============================================================
[409/500] robot_408_seed3597
  [Gen]  legs=4  desc=robot_description.json  urdf=robot.urdf
  [SSM]  ssm=0.1297m  passed=True
[YawComp] net_yaw_nominal=0.0191  λ=0.0122  max_adj=0.007
============================================================
[410/500] robot_409_seed9403
  [Gen]  legs=7  desc=robot_description.json  urdf=robot.urdf
  [SSM]  ssm=0.1172m  passed=True
[YawComp] net_yaw_nominal=-0.3473  λ=-0.2594  max_adj=0.125
============================================================
[411/500] robot_410_seed1679
  [Gen]  legs=10  desc=robot_description.json  urdf=robot.urdf
  [SSM]  ssm=0.2877m  passed=True
[YawComp] net_yaw_nominal=0.9850  λ=0.4863  max_adj=0.267
============================================================
[412/500] robot_411_seed6070
  [Gen]  legs=6  desc=robot_description.json  urdf=robot.urdf
  [SSM]  ssm=0.0859m  passed=True
[Grouping] 标准六足对角三脚架: group_a=[4, 5, 2]  group_b=[0, 3, 1]
[YawComp] net_yaw_nominal=0.2435  λ=0.0710  max_adj=0.052
============================================================
[413/500] robot_412_seed750
  [Gen]  legs=7  desc=robot_description.json  urdf=robot.urdf
  [SSM]  ssm=0.0811m  passed=True
[YawComp] net_yaw_nominal=0.0462  λ=0.0153  max_adj=0.009
============================================================
[414/500] robot_413_seed3661
  [Gen]  legs=10  desc=robot_description.json  urdf=robot.urdf
  [SSM]  ssm=0.2775m  passed=True
[YawComp] net_yaw_nominal=1.0344  λ=0.2761  max_adj=0.173
============================================================
[415/500] robot_414_seed185
  [Gen]  legs=5  desc=robot_description.json  urdf=robot.urdf
  [SSM]  ssm=0.0305m  passed=True
[YawComp] net_yaw_nominal=0.4834  λ=0.2119  max_adj=0.133
============================================================
[416/500] robot_415_seed329
  [Gen]  legs=8  desc=robot_description.json  urdf=robot.urdf
  [SSM]  ssm=-0.0729m  passed=False
  [Skip] SSM below threshold, skipping gait test.
  [Plot] Saved → /data/code/yjh/Adaptation/batch_results/20260623_125539/robot_415_seed329/trajectory.png
============================================================
[417/500] robot_416_seed3917
  [Gen]  legs=8  desc=robot_description.json  urdf=robot.urdf
  [SSM]  ssm=0.2925m  passed=True
[YawComp] net_yaw_nominal=0.3523  λ=0.1189  max_adj=0.072
============================================================
[418/500] robot_417_seed3772
  [Gen]  legs=7  desc=robot_description.json  urdf=robot.urdf
  [SSM]  ssm=0.2386m  passed=True
[YawComp] net_yaw_nominal=-0.0015  λ=-0.0004  max_adj=0.000
============================================================
[419/500] robot_418_seed7128
  [Gen]  legs=5  desc=robot_description.json  urdf=robot.urdf
  [SSM]  ssm=0.0489m  passed=True
[YawComp] net_yaw_nominal=-0.1444  λ=-0.0709  max_adj=0.043
============================================================
[420/500] robot_419_seed7921
  [Gen]  legs=9  desc=robot_description.json  urdf=robot.urdf
  [SSM]  ssm=0.0672m  passed=True
[YawComp] net_yaw_nominal=-1.7308  λ=-0.3639  max_adj=0.247
============================================================
[421/500] robot_420_seed5750
  [Gen]  legs=8  desc=robot_description.json  urdf=robot.urdf
  [SSM]  ssm=0.4005m  passed=True
[YawComp] net_yaw_nominal=0.1356  λ=0.0396  max_adj=0.026
============================================================
[422/500] robot_421_seed8181
  [Gen]  legs=10  desc=robot_description.json  urdf=robot.urdf
  [SSM]  ssm=0.1425m  passed=True
[YawComp] net_yaw_nominal=0.4389  λ=0.2454  max_adj=0.132
============================================================
[423/500] robot_422_seed189
  [Gen]  legs=6  desc=robot_description.json  urdf=robot.urdf
  [SSM]  ssm=0.1074m  passed=True
[YawComp] net_yaw_nominal=-0.8191  λ=-0.2233  max_adj=0.172
============================================================
[424/500] robot_423_seed8655
  [Gen]  legs=6  desc=robot_description.json  urdf=robot.urdf
  [SSM]  ssm=0.3709m  passed=True
[Grouping] 标准六足对角三脚架: group_a=[5, 1, 3]  group_b=[0, 4, 2]
[YawComp] net_yaw_nominal=0.5596  λ=0.2766  max_adj=0.171
============================================================
[425/500] robot_424_seed4652
  [Gen]  legs=4  desc=robot_description.json  urdf=robot.urdf
  [SSM]  ssm=0.0013m  passed=False
  [Skip] SSM below threshold, skipping gait test.
  [Plot] Saved → /data/code/yjh/Adaptation/batch_results/20260623_125539/robot_424_seed4652/trajectory.png
============================================================
[426/500] robot_425_seed3416
  [Gen]  legs=10  desc=robot_description.json  urdf=robot.urdf
  [SSM]  ssm=0.1335m  passed=True
[YawComp] net_yaw_nominal=-0.8519  λ=-0.2172  max_adj=0.137
============================================================
[427/500] robot_426_seed7855
  [Gen]  legs=4  desc=robot_description.json  urdf=robot.urdf
  [SSM]  ssm=0.0597m  passed=True
[YawComp] net_yaw_nominal=0.4421  λ=0.2328  max_adj=0.167
============================================================
[428/500] robot_427_seed9432
  [Gen]  legs=8  desc=robot_description.json  urdf=robot.urdf
  [SSM]  ssm=0.1460m  passed=True
[YawComp] net_yaw_nominal=1.2074  λ=0.2455  max_adj=0.192
============================================================
[429/500] robot_428_seed9223
  [Gen]  legs=6  desc=robot_description.json  urdf=robot.urdf
  [SSM]  ssm=0.2692m  passed=True
[YawComp] net_yaw_nominal=-0.3658  λ=-0.2977  max_adj=0.158
============================================================
[430/500] robot_429_seed4406
  [Gen]  legs=7  desc=robot_description.json  urdf=robot.urdf
  [SSM]  ssm=0.3368m  passed=True
[YawComp] net_yaw_nominal=0.3241  λ=0.1374  max_adj=0.084
============================================================
[431/500] robot_430_seed7498
  [Gen]  legs=7  desc=robot_description.json  urdf=robot.urdf
  [SSM]  ssm=0.1358m  passed=True
[YawComp] net_yaw_nominal=-1.1545  λ=-0.3240  max_adj=0.242
============================================================
[432/500] robot_431_seed6407
  [Gen]  legs=9  desc=robot_description.json  urdf=robot.urdf
  [SSM]  ssm=-0.1135m  passed=False
  [Skip] SSM below threshold, skipping gait test.
  [Plot] Saved → /data/code/yjh/Adaptation/batch_results/20260623_125539/robot_431_seed6407/trajectory.png
============================================================
[433/500] robot_432_seed5862
  [Gen]  legs=4  desc=robot_description.json  urdf=robot.urdf
  [SSM]  ssm=-0.0509m  passed=False
  [Skip] SSM below threshold, skipping gait test.
  [Plot] Saved → /data/code/yjh/Adaptation/batch_results/20260623_125539/robot_432_seed5862/trajectory.png
============================================================
[434/500] robot_433_seed3347
  [Gen]  legs=6  desc=robot_description.json  urdf=robot.urdf
  [SSM]  ssm=0.3863m  passed=True
[Grouping] 标准六足对角三脚架: group_a=[4, 0, 2]  group_b=[5, 3, 1]
[YawComp] net_yaw_nominal=0.2266  λ=0.2225  max_adj=0.106
============================================================
[435/500] robot_434_seed874
  [Gen]  legs=8  desc=robot_description.json  urdf=robot.urdf
  [SSM]  ssm=0.0518m  passed=True
[YawComp] net_yaw_nominal=0.1157  λ=0.0236  max_adj=0.018
============================================================
[436/500] robot_435_seed6140
  [Gen]  legs=6  desc=robot_description.json  urdf=robot.urdf
  [SSM]  ssm=-0.0447m  passed=False
  [Skip] SSM below threshold, skipping gait test.
  [Plot] Saved → /data/code/yjh/Adaptation/batch_results/20260623_125539/robot_435_seed6140/trajectory.png
============================================================
[437/500] robot_436_seed6263
  [Gen]  legs=4  desc=robot_description.json  urdf=robot.urdf
  [SSM]  ssm=-0.0766m  passed=False
  [Skip] SSM below threshold, skipping gait test.
  [Plot] Saved → /data/code/yjh/Adaptation/batch_results/20260623_125539/robot_436_seed6263/trajectory.png
============================================================
[438/500] robot_437_seed1186
  [Gen]  legs=9  desc=robot_description.json  urdf=robot.urdf
  [SSM]  ssm=0.2509m  passed=True
[YawComp] net_yaw_nominal=-1.5826  λ=-0.5788  max_adj=0.382
============================================================
[439/500] robot_438_seed2044
  [Gen]  legs=7  desc=robot_description.json  urdf=robot.urdf
  [SSM]  ssm=0.3234m  passed=True
[YawComp] net_yaw_nominal=1.1173  λ=0.3421  max_adj=0.220
============================================================
[440/500] robot_439_seed7266
  [Gen]  legs=9  desc=robot_description.json  urdf=robot.urdf
  [SSM]  ssm=0.1863m  passed=True
[YawComp] net_yaw_nominal=-0.6113  λ=-0.1322  max_adj=0.094
============================================================
[441/500] robot_440_seed3801
  [Gen]  legs=8  desc=robot_description.json  urdf=robot.urdf
  [SSM]  ssm=0.0954m  passed=True
[YawComp] net_yaw_nominal=-0.4705  λ=-0.1585  max_adj=0.102
============================================================
[442/500] robot_441_seed5469
  [Gen]  legs=8  desc=robot_description.json  urdf=robot.urdf
  [SSM]  ssm=0.0178m  passed=False
  [Skip] SSM below threshold, skipping gait test.
  [Plot] Saved → /data/code/yjh/Adaptation/batch_results/20260623_125539/robot_441_seed5469/trajectory.png
============================================================
[443/500] robot_442_seed7426
  [Gen]  legs=10  desc=robot_description.json  urdf=robot.urdf
  [SSM]  ssm=0.4261m  passed=True
[YawComp] net_yaw_nominal=0.4786  λ=0.1474  max_adj=0.087
============================================================
[444/500] robot_443_seed6548
  [Gen]  legs=8  desc=robot_description.json  urdf=robot.urdf
  [SSM]  ssm=0.1134m  passed=True
[YawComp] net_yaw_nominal=0.6619  λ=0.2100  max_adj=0.134
============================================================
[445/500] robot_444_seed6567
  [Gen]  legs=6  desc=robot_description.json  urdf=robot.urdf
  [SSM]  ssm=0.2757m  passed=True
[Grouping] 标准六足对角三脚架: group_a=[5, 1, 3]  group_b=[0, 4, 2]
[YawComp] net_yaw_nominal=-0.0018  λ=-0.0007  max_adj=0.000
============================================================
[446/500] robot_445_seed1738
  [Gen]  legs=10  desc=robot_description.json  urdf=robot.urdf
  [SSM]  ssm=0.3334m  passed=True
[YawComp] net_yaw_nominal=0.4419  λ=0.1138  max_adj=0.075
============================================================
[447/500] robot_446_seed294
  [Gen]  legs=4  desc=robot_description.json  urdf=robot.urdf
  [SSM]  ssm=0.0947m  passed=True
[YawComp] net_yaw_nominal=0.0430  λ=0.0250  max_adj=0.016
============================================================
[448/500] robot_447_seed4399
  [Gen]  legs=7  desc=robot_description.json  urdf=robot.urdf
  [SSM]  ssm=0.1270m  passed=True
[YawComp] net_yaw_nominal=0.5789  λ=0.1768  max_adj=0.117
============================================================
[449/500] robot_448_seed214
  [Gen]  legs=4  desc=robot_description.json  urdf=robot.urdf
  [SSM]  ssm=0.2497m  passed=True
[YawComp] net_yaw_nominal=0.0329  λ=0.0288  max_adj=0.017
============================================================
[450/500] robot_449_seed7891
  [Gen]  legs=8  desc=robot_description.json  urdf=robot.urdf
  [SSM]  ssm=0.4415m  passed=True
[YawComp] net_yaw_nominal=-0.2747  λ=-0.0999  max_adj=0.056
============================================================
[451/500] robot_450_seed6597
  [Gen]  legs=5  desc=robot_description.json  urdf=robot.urdf
  [SSM]  ssm=0.2729m  passed=True
[YawComp] net_yaw_nominal=-0.1091  λ=-0.1284  max_adj=0.050
============================================================
[452/500] robot_451_seed841
  [Gen]  legs=10  desc=robot_description.json  urdf=robot.urdf
  [SSM]  ssm=0.2083m  passed=True
[YawComp] net_yaw_nominal=1.0561  λ=0.1935  max_adj=0.154
============================================================
[453/500] robot_452_seed2251
  [Gen]  legs=8  desc=robot_description.json  urdf=robot.urdf
  [SSM]  ssm=0.1475m  passed=True
[YawComp] net_yaw_nominal=-0.2765  λ=-0.0584  max_adj=0.042
============================================================
[454/500] robot_453_seed5942
  [Gen]  legs=4  desc=robot_description.json  urdf=robot.urdf
  [SSM]  ssm=0.0103m  passed=False
  [Skip] SSM below threshold, skipping gait test.
  [Plot] Saved → /data/code/yjh/Adaptation/batch_results/20260623_125539/robot_453_seed5942/trajectory.png
============================================================
[455/500] robot_454_seed7615
  [Gen]  legs=8  desc=robot_description.json  urdf=robot.urdf
  [SSM]  ssm=0.1412m  passed=True
[YawComp] net_yaw_nominal=-1.4545  λ=-0.5409  max_adj=0.303
============================================================
[456/500] robot_455_seed3152
  [Gen]  legs=8  desc=robot_description.json  urdf=robot.urdf
  [SSM]  ssm=0.1916m  passed=True
[YawComp] net_yaw_nominal=-1.1815  λ=-0.5848  max_adj=0.315
============================================================
[457/500] robot_456_seed4185
  [Gen]  legs=10  desc=robot_description.json  urdf=robot.urdf
  [SSM]  ssm=0.1017m  passed=True
[YawComp] net_yaw_nominal=-0.9647  λ=-0.2787  max_adj=0.169
============================================================
[458/500] robot_457_seed2540
  [Gen]  legs=8  desc=robot_description.json  urdf=robot.urdf
  [SSM]  ssm=0.0930m  passed=True
[YawComp] net_yaw_nominal=-0.9992  λ=-0.4541  max_adj=0.250
============================================================
[459/500] robot_458_seed5668
  [Gen]  legs=6  desc=robot_description.json  urdf=robot.urdf
  [SSM]  ssm=0.2910m  passed=True
[Grouping] 标准六足对角三脚架: group_a=[5, 1, 3]  group_b=[0, 4, 2]
[YawComp] net_yaw_nominal=-0.2160  λ=-0.2267  max_adj=0.103
============================================================
[460/500] robot_459_seed6874
  [Gen]  legs=9  desc=robot_description.json  urdf=robot.urdf
  [SSM]  ssm=-0.0331m  passed=False
  [Skip] SSM below threshold, skipping gait test.
  [Plot] Saved → /data/code/yjh/Adaptation/batch_results/20260623_125539/robot_459_seed6874/trajectory.png
============================================================
[461/500] robot_460_seed9537
  [Gen]  legs=7  desc=robot_description.json  urdf=robot.urdf
  [SSM]  ssm=-0.2315m  passed=False
  [Skip] SSM below threshold, skipping gait test.
  [Plot] Saved → /data/code/yjh/Adaptation/batch_results/20260623_125539/robot_460_seed9537/trajectory.png
============================================================
[462/500] robot_461_seed6116
  [Gen]  legs=7  desc=robot_description.json  urdf=robot.urdf
  [SSM]  ssm=0.0284m  passed=False
  [Skip] SSM below threshold, skipping gait test.
  [Plot] Saved → /data/code/yjh/Adaptation/batch_results/20260623_125539/robot_461_seed6116/trajectory.png
============================================================
[463/500] robot_462_seed6681
  [Gen]  legs=10  desc=robot_description.json  urdf=robot.urdf
  [SSM]  ssm=0.2437m  passed=True
[YawComp] net_yaw_nominal=-0.9997  λ=-0.3139  max_adj=0.169
============================================================
[464/500] robot_463_seed5640
  [Gen]  legs=4  desc=robot_description.json  urdf=robot.urdf
  [SSM]  ssm=0.0238m  passed=False
  [Skip] SSM below threshold, skipping gait test.
  [Plot] Saved → /data/code/yjh/Adaptation/batch_results/20260623_125539/robot_463_seed5640/trajectory.png
============================================================
[465/500] robot_464_seed1727
  [Gen]  legs=7  desc=robot_description.json  urdf=robot.urdf
  [SSM]  ssm=0.1816m  passed=True
[YawComp] net_yaw_nominal=0.1882  λ=0.0758  max_adj=0.040
============================================================
[466/500] robot_465_seed1424
  [Gen]  legs=8  desc=robot_description.json  urdf=robot.urdf
  [SSM]  ssm=-0.0545m  passed=False
  [Skip] SSM below threshold, skipping gait test.
  [Plot] Saved → /data/code/yjh/Adaptation/batch_results/20260623_125539/robot_465_seed1424/trajectory.png
============================================================
[467/500] robot_466_seed1548
  [Gen]  legs=10  desc=robot_description.json  urdf=robot.urdf
  [SSM]  ssm=0.0913m  passed=True
[YawComp] net_yaw_nominal=1.7982  λ=0.3879  max_adj=0.261
============================================================
[468/500] robot_467_seed779
  [Gen]  legs=9  desc=robot_description.json  urdf=robot.urdf
  [SSM]  ssm=-0.0146m  passed=False
  [Skip] SSM below threshold, skipping gait test.
  [Plot] Saved → /data/code/yjh/Adaptation/batch_results/20260623_125539/robot_467_seed779/trajectory.png
============================================================
[469/500] robot_468_seed3486
  [Gen]  legs=8  desc=robot_description.json  urdf=robot.urdf
  [SSM]  ssm=0.2109m  passed=True
[YawComp] net_yaw_nominal=-1.5511  λ=-0.3908  max_adj=0.259
============================================================
[470/500] robot_469_seed9478
  [Gen]  legs=6  desc=robot_description.json  urdf=robot.urdf
  [SSM]  ssm=0.3497m  passed=True
[YawComp] net_yaw_nominal=-0.4929  λ=-0.2691  max_adj=0.161
============================================================
[471/500] robot_470_seed1463
  [Gen]  legs=5  desc=robot_description.json  urdf=robot.urdf
  [SSM]  ssm=-0.1340m  passed=False
  [Skip] SSM below threshold, skipping gait test.
  [Plot] Saved → /data/code/yjh/Adaptation/batch_results/20260623_125539/robot_470_seed1463/trajectory.png
============================================================
[472/500] robot_471_seed6527
  [Gen]  legs=7  desc=robot_description.json  urdf=robot.urdf
  [SSM]  ssm=0.2774m  passed=True
[YawComp] net_yaw_nominal=0.1484  λ=0.1212  max_adj=0.065
============================================================
[473/500] robot_472_seed9810
  [Gen]  legs=6  desc=robot_description.json  urdf=robot.urdf
  [SSM]  ssm=0.1175m  passed=True
[YawComp] net_yaw_nominal=-0.3065  λ=-0.2837  max_adj=0.144
============================================================
[474/500] robot_473_seed2378
  [Gen]  legs=5  desc=robot_description.json  urdf=robot.urdf
  [SSM]  ssm=0.2712m  passed=True
[YawComp] net_yaw_nominal=-0.1004  λ=-0.0373  max_adj=0.025
============================================================
[475/500] robot_474_seed5224
  [Gen]  legs=8  desc=robot_description.json  urdf=robot.urdf
  [SSM]  ssm=0.0139m  passed=False
  [Skip] SSM below threshold, skipping gait test.
  [Plot] Saved → /data/code/yjh/Adaptation/batch_results/20260623_125539/robot_474_seed5224/trajectory.png
============================================================
[476/500] robot_475_seed8663
  [Gen]  legs=9  desc=robot_description.json  urdf=robot.urdf
  [SSM]  ssm=0.3486m  passed=True
[YawComp] net_yaw_nominal=-1.3047  λ=-0.3909  max_adj=0.239
============================================================
[477/500] robot_476_seed9966
  [Gen]  legs=10  desc=robot_description.json  urdf=robot.urdf
  [SSM]  ssm=-0.0089m  passed=False
  [Skip] SSM below threshold, skipping gait test.
  [Plot] Saved → /data/code/yjh/Adaptation/batch_results/20260623_125539/robot_476_seed9966/trajectory.png
============================================================
[478/500] robot_477_seed5048
  [Gen]  legs=6  desc=robot_description.json  urdf=robot.urdf
  [SSM]  ssm=0.1965m  passed=True
[Grouping] 标准六足对角三脚架: group_a=[5, 1, 3]  group_b=[0, 4, 2]
[YawComp] net_yaw_nominal=0.5568  λ=0.3807  max_adj=0.209
============================================================
[479/500] robot_478_seed6242
  [Gen]  legs=8  desc=robot_description.json  urdf=robot.urdf
  [SSM]  ssm=0.3087m  passed=True
[YawComp] net_yaw_nominal=0.9325  λ=0.2629  max_adj=0.178
============================================================
[480/500] robot_479_seed6225
  [Gen]  legs=5  desc=robot_description.json  urdf=robot.urdf
  [SSM]  ssm=0.0698m  passed=True
[YawComp] net_yaw_nominal=0.2367  λ=0.0668  max_adj=0.053
============================================================
[481/500] robot_480_seed3342
  [Gen]  legs=9  desc=robot_description.json  urdf=robot.urdf
  [SSM]  ssm=-0.2443m  passed=False
  [Skip] SSM below threshold, skipping gait test.
  [Plot] Saved → /data/code/yjh/Adaptation/batch_results/20260623_125539/robot_480_seed3342/trajectory.png
============================================================
[482/500] robot_481_seed8713
  [Gen]  legs=9  desc=robot_description.json  urdf=robot.urdf
  [SSM]  ssm=0.3387m  passed=True
[YawComp] net_yaw_nominal=0.1860  λ=0.0500  max_adj=0.031
============================================================
[483/500] robot_482_seed5783
  [Gen]  legs=10  desc=robot_description.json  urdf=robot.urdf
  [SSM]  ssm=0.1784m  passed=True
[YawComp] net_yaw_nominal=1.5845  λ=0.3924  max_adj=0.277
============================================================
[484/500] robot_483_seed6642
  [Gen]  legs=9  desc=robot_description.json  urdf=robot.urdf
  [SSM]  ssm=-0.0441m  passed=False
  [Skip] SSM below threshold, skipping gait test.
  [Plot] Saved → /data/code/yjh/Adaptation/batch_results/20260623_125539/robot_483_seed6642/trajectory.png
============================================================
[485/500] robot_484_seed9943
  [Gen]  legs=5  desc=robot_description.json  urdf=robot.urdf
  [SSM]  ssm=0.2543m  passed=True
[YawComp] net_yaw_nominal=0.0136  λ=0.0067  max_adj=0.004
============================================================
[486/500] robot_485_seed7179
  [Gen]  legs=8  desc=robot_description.json  urdf=robot.urdf
  [SSM]  ssm=-0.0294m  passed=False
  [Skip] SSM below threshold, skipping gait test.
  [Plot] Saved → /data/code/yjh/Adaptation/batch_results/20260623_125539/robot_485_seed7179/trajectory.png
============================================================
[487/500] robot_486_seed5071
  [Gen]  legs=5  desc=robot_description.json  urdf=robot.urdf
  [SSM]  ssm=0.4100m  passed=True
[YawComp] net_yaw_nominal=0.3477  λ=0.1719  max_adj=0.121
============================================================
[488/500] robot_487_seed6017
  [Gen]  legs=5  desc=robot_description.json  urdf=robot.urdf
  [SSM]  ssm=0.1928m  passed=True
[YawComp] net_yaw_nominal=-0.1045  λ=-0.0649  max_adj=0.033
============================================================
[489/500] robot_488_seed8399
  [Gen]  legs=8  desc=robot_description.json  urdf=robot.urdf
  [SSM]  ssm=0.2920m  passed=True
[YawComp] net_yaw_nominal=-0.0727  λ=-0.0209  max_adj=0.014
============================================================
[490/500] robot_489_seed5303
  [Gen]  legs=10  desc=robot_description.json  urdf=robot.urdf
  [SSM]  ssm=0.1729m  passed=True
[YawComp] net_yaw_nominal=0.3407  λ=0.0844  max_adj=0.053
============================================================
[491/500] robot_490_seed8675
  [Gen]  legs=4  desc=robot_description.json  urdf=robot.urdf
  [SSM]  ssm=-0.4943m  passed=False
  [Skip] SSM below threshold, skipping gait test.
  [Plot] Saved → /data/code/yjh/Adaptation/batch_results/20260623_125539/robot_490_seed8675/trajectory.png
============================================================
[492/500] robot_491_seed447
  [Gen]  legs=7  desc=robot_description.json  urdf=robot.urdf
  [SSM]  ssm=0.3139m  passed=True
[YawComp] net_yaw_nominal=-0.6977  λ=-0.3117  max_adj=0.215
============================================================
[493/500] robot_492_seed3565
  [Gen]  legs=5  desc=robot_description.json  urdf=robot.urdf
  [SSM]  ssm=0.1981m  passed=True
[YawComp] net_yaw_nominal=0.5339  λ=0.3326  max_adj=0.190
============================================================
[494/500] robot_493_seed675
  [Gen]  legs=8  desc=robot_description.json  urdf=robot.urdf
  [SSM]  ssm=-0.0473m  passed=False
  [Skip] SSM below threshold, skipping gait test.
  [Plot] Saved → /data/code/yjh/Adaptation/batch_results/20260623_125539/robot_493_seed675/trajectory.png
============================================================
[495/500] robot_494_seed8165
  [Gen]  legs=10  desc=robot_description.json  urdf=robot.urdf
  [SSM]  ssm=-0.1541m  passed=False
  [Skip] SSM below threshold, skipping gait test.
  [Plot] Saved → /data/code/yjh/Adaptation/batch_results/20260623_125539/robot_494_seed8165/trajectory.png
============================================================
[496/500] robot_495_seed9081
  [Gen]  legs=4  desc=robot_description.json  urdf=robot.urdf
  [SSM]  ssm=0.0609m  passed=True
[YawComp] net_yaw_nominal=0.4053  λ=0.2582  max_adj=0.147
============================================================
[497/500] robot_496_seed2967
  [Gen]  legs=4  desc=robot_description.json  urdf=robot.urdf
  [SSM]  ssm=-0.0040m  passed=False
  [Skip] SSM below threshold, skipping gait test.
  [Plot] Saved → /data/code/yjh/Adaptation/batch_results/20260623_125539/robot_496_seed2967/trajectory.png
============================================================
[498/500] robot_497_seed7223
  [Gen]  legs=8  desc=robot_description.json  urdf=robot.urdf
  [SSM]  ssm=0.0773m  passed=True
[YawComp] net_yaw_nominal=-0.3864  λ=-0.2875  max_adj=0.140
============================================================
[499/500] robot_498_seed4918
  [Gen]  legs=6  desc=robot_description.json  urdf=robot.urdf
  [SSM]  ssm=0.1468m  passed=True
[YawComp] net_yaw_nominal=0.2775  λ=0.0733  max_adj=0.053
============================================================
[500/500] robot_499_seed9778
  [Gen]  legs=9  desc=robot_description.json  urdf=robot.urdf
  [SSM]  ssm=-0.1834m  passed=False
  [Skip] SSM below threshold, skipping gait test.
  [Plot] Saved → /data/code/yjh/Adaptation/batch_results/20260623_125539/robot_499_seed9778/trajectory.png

============================================================
[Batch] Unified pipeline: 364 robots, 46 sub-batch(es) of ≤8, GPU=True

  [Sub-batch 1/46] robots 0–7
Not connected to PVD
+++ Using GPU PhysX
Physics Engine: PhysX
Physics Device: cuda:0
GPU Pipeline: disabled
[Warning] [carb.gym.plugin] Incomplete articulation end index in function setRigidBodyStates
[Warning] [carb.gym.plugin] Incomplete articulation start index in function setRigidBodyStates
[Warning] [carb.gym.plugin] Incomplete articulation end index in function setRigidBodyStates
[Warning] [carb.gym.plugin] Incomplete articulation start index in function setRigidBodyStates
[Warning] [carb.gym.plugin] Incomplete articulation end index in function setRigidBodyStates
[Warning] [carb.gym.plugin] Incomplete articulation start index in function setRigidBodyStates
[Warning] [carb.gym.plugin] Incomplete articulation end index in function setRigidBodyStates
[Warning] [carb.gym.plugin] Incomplete articulation start index in function setRigidBodyStates
[Warning] [carb.gym.plugin] Incomplete articulation end index in function setRigidBodyStates
[Warning] [carb.gym.plugin] Incomplete articulation start index in function setRigidBodyStates
[Warning] [carb.gym.plugin] Incomplete articulation end index in function setRigidBodyStates
[Warning] [carb.gym.plugin] Incomplete articulation start index in function setRigidBodyStates
[Warning] [carb.gym.plugin] Incomplete articulation end index in function setRigidBodyStates
[Warning] [carb.gym.plugin] Incomplete articulation start index in function setRigidBodyStates
[Warning] [carb.gym.plugin] Incomplete articulation start index in function setRigidBodyStates
[Warning] [carb.gym.plugin] Incomplete articulation end index in function setRigidBodyStates
[Warning] [carb.gym.plugin] Incomplete articulation start index in function setRigidBodyStates
[Warning] [carb.gym.plugin] Incomplete articulation end index in function setRigidBodyStates
[Warning] [carb.gym.plugin] Incomplete articulation start index in function setRigidBodyStates
[Warning] [carb.gym.plugin] Incomplete articulation end index in function setRigidBodyStates
[Warning] [carb.gym.plugin] Incomplete articulation start index in function setRigidBodyStates
[Warning] [carb.gym.plugin] Incomplete articulation end index in function setRigidBodyStates
[Warning] [carb.gym.plugin] Incomplete articulation start index in function setRigidBodyStates
[Warning] [carb.gym.plugin] Incomplete articulation end index in function setRigidBodyStates
[Warning] [carb.gym.plugin] Incomplete articulation start index in function setRigidBodyStates
[Warning] [carb.gym.plugin] Incomplete articulation start index in function setRigidBodyStates
[Warning] [carb.gym.plugin] Incomplete articulation end index in function setRigidBodyStates
[Warning] [carb.gym.plugin] Incomplete articulation start index in function setRigidBodyStates
[Warning] [carb.gym.plugin] Incomplete articulation end index in function setRigidBodyStates
[Warning] [carb.gym.plugin] Incomplete articulation start index in function setRigidBodyStates
[Warning] [carb.gym.plugin] Incomplete articulation end index in function setRigidBodyStates
[Warning] [carb.gym.plugin] Incomplete articulation start index in function setRigidBodyStates
[Warning] [carb.gym.plugin] Incomplete articulation end index in function setRigidBodyStates
[Warning] [carb.gym.plugin] Incomplete articulation start index in function setRigidBodyStates
[Warning] [carb.gym.plugin] Incomplete articulation end index in function setRigidBodyStates
[Warning] [carb.gym.plugin] Incomplete articulation start index in function setRigidBodyStates
[Warning] [carb.gym.plugin] Incomplete articulation end index in function setRigidBodyStates
[Warning] [carb.gym.plugin] Incomplete articulation start index in function setRigidBodyStates
[Warning] [carb.gym.plugin] Incomplete articulation end index in function setRigidBodyStates
[Warning] [carb.gym.plugin] Incomplete articulation start index in function setRigidBodyStates
[Warning] [carb.gym.plugin] Incomplete articulation end index in function setRigidBodyStates
[Warning] [carb.gym.plugin] Incomplete articulation start index in function setRigidBodyStates
[Warning] [carb.gym.plugin] Incomplete articulation end index in function setRigidBodyStates
[Warning] [carb.gym.plugin] Incomplete articulation sImporting module 'gym_38' (/data/code/yjh/isaacgym/python/isaacgym/_bindings/linux-x86_64/gym_38.so)
Setting GYM_USD_PLUG_INFO_PATH to /data/code/yjh/isaacgym/python/isaacgym/_bindings/linux-x86_64/usd/plugInfo.json
    [robot_00_seed7] P1 yaw=+0.021  fwd=+0.0954  score=0.0891  → OK
    [robot_01_seed42] P1 yaw=+0.029  fwd=-0.0105  score=-0.0193[YawComp] net_yaw_nominal=-0.3092  λ=-0.8497  max_adj=0.324
  → stuck, trying [-0.479, -0.878]
    [robot_03_seed256] P1 yaw=+0.035  fwd=-0.0586  score=-0.0691[YawComp] net_yaw_nominal=0.7803  λ=1.1747  max_adj=0.536
  → stuck, trying [1.0, -0.02]
    [robot_04_seed512] P1 yaw=-0.007  fwd=-0.0112  score=-0.0133[Grouping] 标准六足对角三脚架: group_a=[5, 1, 3]  group_b=[0, 4, 2]
[YawComp] net_yaw_nominal=0.4921  λ=0.4790  max_adj=0.226
  → stuck, trying [0.94, -0.342]
    [robot_05_seed9558] P1 yaw=+0.024  fwd=+0.0290  score=0.0219  → OK
    [robot_07_seed6985] P1 yaw=-0.006  fwd=-0.0396  score=-0.0414[YawComp] net_yaw_nominal=0.9777  λ=0.8170  max_adj=0.354
  → stuck, trying [-0.518, -0.855]
    [robot_08_seed8354] P1 yaw=+0.007  fwd=-0.1383  score=-0.1404[YawComp] net_yaw_nominal=0.5051  λ=1.0478  max_adj=0.508
  → stuck, trying [0.999, 0.032]
    [robot_09_seed8119] P1 yaw=+0.014  fwd=-0.0192  score=-0.0234[YawComp] net_yaw_nominal=-0.1162  λ=-0.0718  max_adj=0.040
  → stuck, trying [0.925, -0.379]
    [robot_01_seed42] R2 yaw=+0.007  fwd=+0.0021  score=0.0000[YawComp] net_yaw_nominal=0.3064  λ=0.1699  max_adj=0.108
  → try [-0.878, 0.479]
    [robot_03_seed256] R2 yaw=+0.060  fwd=-0.0067  score=-0.0249[YawComp] net_yaw_nominal=-0.3941  λ=-0.0985  max_adj=0.073
  → try [-0.02, -1.0]
    [robot_04_seed512] R2 yaw=-0.041  fwd=-0.0194  score=-0.0316[Grouping] 标准六足对角三脚架: group_a=[5, 1, 3]  group_b=[0, 4, 2]
[YawComp] net_yaw_nominal=-0.4074  λ=-0.2343  max_adj=0.130
  → try [-0.342, -0.94]
    [robot_07_seed6985] R2 yaw=+0.015  fwd=-0.0075  score=-0.0118[YawComp] net_yaw_nominal=-0.3769  λ=-0.1358  max_adj=0.077
  → try [-0.855, 0.518]
    [robot_08_seed8354] R2 yaw=+0.031  fwd=-0.0496  score=-0.0589[YawComp] net_yaw_nominal=0.5196  λ=0.2741  max_adj=0.163
  → try [-0.032, 0.999]
    [robot_09_seed8119] R2 yaw=+0.011  fwd=-0.0316  score=-0.0348[YawComp] net_yaw_nominal=0.4643  λ=0.1512  max_adj=0.099
  → try [-0.379, -0.925]
    [robot_01_seed42] R3 yaw=+0.006  fwd=-0.0071  score=-0.0088  → axis [-0.479, -0.878]
    [robot_03_seed256] R3 yaw=+0.016  fwd=-0.0630  score=-0.0677  → axis [1.0, -0.02]
    [robot_04_seed512] R3 yaw=+0.051  fwd=-0.0036  score=-0.0190  → axis [0.342, 0.94]
    [robot_07_seed6985] R3 yaw=+0.025  fwd=-0.0577  score=-0.0652  → axis [-0.518, -0.855]
    [robot_08_seed8354] R3 yaw=+0.033  fwd=+0.1104  score=0.1005  → axis [-0.032, 0.999]
    [robot_09_seed8119] R3 yaw=+0.021  fwd=-0.0433  score=-0.0495  → axis [0.379, 0.925]
tart index in function setRigidBodyStates
[Warning] [carb.gym.plugin] Incomplete articulation end index in function setRigidBodyStates
[Warning] [carb.gym.plugin] Incomplete articulation start index in function setRigidBodyStates
[Warning] [carb.gym.plugin] Incomplete articulation end index in function setRigidBodyStates
[Warning] [carb.gym.plugin] Incomplete articulation start index in function setRigidBodyStates
[Warning] [carb.gym.plugin] Incomplete articulation end index in function setRigidBodyStates
[Warning] [carb.gym.plugin] Incomplete articulation start index in function setRigidBodyStates
  [Sim]  robot_00_seed7  steps=7560  fwd=-0.184m  lat=+0.016m  drift=0.09
  [Plot] Saved → /data/code/yjh/Adaptation/batch_results/20260623_125539/robot_00_seed7/trajectory.png
  [Sim]  robot_01_seed42  steps=7560  fwd=+0.247m  lat=+1.350m  drift=5.46
    [EKF] drift=5.46 > 0.3, trying online correction … Not connected to PVD
+++ Using GPU PhysX
Physics Engine: PhysX
Physics Device: cuda:0
GPU Pipeline: disabled
✓ improved: drift=2.03
  [Plot] Saved → /data/code/yjh/Adaptation/batch_results/20260623_125539/robot_01_seed42/trajectory.png
  [Sim]  robot_03_seed256  steps=2567  fwd=-0.763m  lat=+2.809m  drift=3.68
    [EKF] drift=3.68 > 0.3, trying online correction … Not connected to PVD
+++ Using GPU PhysX
Physics Engine: PhysX
Physics Device: cuda:0
GPU Pipeline: disabled
✓ improved: drift=1.74
  [Plot] Saved → /data/code/yjh/Adaptation/batch_results/20260623_125539/robot_03_seed256/trajectory.png
  [Sim]  robot_04_seed512  steps=7560  fwd=+0.012m  lat=+0.188m  drift=15.55
    [EKF] drift=15.55 > 0.3, trying online correction … Not connected to PVD
+++ Using GPU PhysX
Physics Engine: PhysX
Physics Device: cuda:0
GPU Pipeline: disabled
✓ improved: drift=0.06
  [Plot] Saved → /data/code/yjh/Adaptation/batch_results/20260623_125539/robot_04_seed512/trajectory.png
  [Sim]  robot_05_seed9558  steps=7560  fwd=+0.049m  lat=+0.014m  drift=0.29
  [Plot] Saved → /data/code/yjh/Adaptation/batch_results/20260623_125539/robot_05_seed9558/trajectory.png
  [Sim]  robot_07_seed6985  steps=2633  fwd=-0.822m  lat=+2.052m  drift=2.50
    [EKF] drift=2.50 > 0.3, trying online correction … Not connected to PVD
+++ Using GPU PhysX
Physics Engine: PhysX
Physics Device: cuda:0
GPU Pipeline: disabled
✓ improved: drift=0.33
  [Plot] Saved → /data/code/yjh/Adaptation/batch_results/20260623_125539/robot_07_seed6985/trajectory.png
  [Sim]  robot_08_seed8354  steps=7560  fwd=+0.631m  lat=+0.290m  drift=0.46
    [EKF] drift=0.46 > 0.3, trying online correction … Not connected to PVD
+++ Using GPU PhysX
Physics Engine: PhysX
Physics Device: cuda:0
GPU Pipeline: disabled
✓ improved: drift=0.27
  [Plot] Saved → /data/code/yjh/Adaptation/batch_results/20260623_125539/robot_08_seed8354/trajectory.png
  [Sim]  robot_09_seed8119  steps=3558  fwd=+2.461m  lat=+0.535m  drift=0.22
  [Plot] Saved → /data/code/yjh/Adaptation/batch_results/20260623_125539/robot_09_seed8119/trajectory.png

  [Sub-batch 2/46] robots 8–15
Not connected to PVD
+++ Using GPU PhysX
Physics Engine: PhysX
Physics Device: cuda:0
GPU Pipeline: disabled
[Warning] [carb.gym.plugin] Incomplete articulation end index in function setRigidBodyStates
[Warning] [carb.gym.plugin] Incomplete articulation start index in function setRigidBodyStates
[Warning] [carb.gym.plugin] Incomplete articulation end index in function setRigidBodyStates
[Warning] [carb.gym.plugin] Incomplete articulation start index in function setRigidBodyStates
[Warning] [carb.gym.plugin] Incomplete articulation end index in function setRigidBodyStates
[Warning] [carb.gym.plugin] Incomplete articulation start index in function setRigidBodyStates
[Warning] [carb.gym.plugin] Incomplete articulation end index in function setRigidBodyStates
[Warning] [carb.gym.plugin] Incomplete articulation start index in function setRigidBodyStates
[Warning] [carb.gym.plugin] Incomplete articulation end index in function setRigidBodyStates
[Warning] [carb.gym.plugin] Incomplete articulation start index in function setRigidBodyStates
[Warning] [carb.gym.plugin] Incomplete articulation end index in function setRigidBodyStates
[Warning] [carb.gym.plugin] Incomplete articulation start index in function setRigidBodyStates
[Warning] [carb.gym.plugin] Incomplete articulation end index in function setRigidBodyStates
[Warning] [carb.gym.plugin] Incomplete articulation start index in function setRigidBodyStates
[Warning] [carb.gym.plugin] Incomplete articulation end index in function setRigidBodyStates
[Warning] [carb.gym.plugin] Incomplete articulation start index in function setRigidBodyStates
[Warning] [carb.gym.plugin] Incomplete articulation end index in function setRigidBodyStates
[Warning] [carb.gym.plugin] Incomplete articulation start index in function setRigidBodyStates
[Warning] [carb.gym.plugin] Incomplete articulation end index in function setRigidBodyStates
[Warning] [carb.gym.plugin] Incomplete articulation start index in function setRigidBodyStates
[Warning] [carb.gym.plugin] Incomplete articulation end index in function setRigidBodyStates
[Warning] [carb.gym.plugin] Incomplete articulation start index in function setRigidBodyStates
[Warning] [carb.gym.plugin] Incomplete articulation end index in function setRigidBodyStates
[Warning] [carb.gym.plugin] Incomplete articulation start index in function setRigidBodyStates
[Warning] [carb.gym.plugin] Incomplete articulation end index in function setRigidBodyStates
[Warning] [carb.gym.plugin] Incomplete articulation start index in function setRigidBodyStates
[Warning] [carb.gym.plugin] Incomplete articulation end index in function setRigidBodyStates
[Warning] [carb.gym.plugin] Incomplete articulation start index in function setRigidBodyStates
[Warning] [carb.gym.plugin] Incomplete articulation end index in function setRigidBodyStates
[Warning] [carb.gym.plugin] Incomplete articulation start index in function setRigidBodyStates
[Warning] [carb.gym.plugin] Incomplete articulation end index in function setRigidBodyStates
[Warning] [carb.gym.plugin] Incomplete articulation start index in function setRigidBodyStates
[Warning] [carb.gym.plugin] Incomplete articulation end index in function setRigidBodyStates
[Warning] [carb.gym.plugin] Incomplete articulation start index in function setRigidBodyStates
[Warning] [carb.gym.plugin] Incomplete articulation end index in function setRigidBodyStates
[Warning] [carb.gym.plugin] Incomplete articulation start index in function setRigidBodyStates
[Warning] [carb.gym.plugin] Incomplete articulation end index in function setRigidBodyStates
[Warning] [carb.gym.plugin] Incomplete articulation start index in function setRigidBodyStates
[Warning] [carb.gym.plugin] Incomplete articulation end index in function setRigidBodyStates
[Warning] [carb.gym.plugin] Incomplete articulation start index in function setRigidBodyStates
[Warning] [carb.gym.plugin] Incomplete articulation end index in function setRigidBodyStates
[Warning] [carb.gym.plugin] Incomplete articulation start index in function setRigidBodyStates
[Warning] [carb.gym.plugin] Incomplete articulation end index in function setRigidBodyStates
[Warning] [carb.gym.plugin] Incomplete articulation staImporting module 'gym_38' (/data/code/yjh/isaacgym/python/isaacgym/_bindings/linux-x86_64/gym_38.so)
Setting GYM_USD_PLUG_INFO_PATH to /data/code/yjh/isaacgym/python/isaacgym/_bindings/linux-x86_64/usd/plugInfo.json
    [robot_10_seed5868] P1 yaw=-0.004  fwd=-0.0521  score=-0.0535[YawComp] net_yaw_nominal=1.4154  λ=0.8955  max_adj=0.467
  → stuck, trying [0.092, -0.996]
    [robot_11_seed946] P1 yaw=+0.003  fwd=-0.0343  score=-0.0352[YawComp] net_yaw_nominal=1.1060  λ=0.8498  max_adj=0.424
  → stuck, trying [0.668, -0.744]
    [robot_13_seed3019] P1 yaw=-0.005  fwd=-0.0462  score=-0.0477[YawComp] net_yaw_nominal=0.7538  λ=0.8168  max_adj=0.338
  → stuck, trying [0.991, -0.131]
    [robot_16_seed5070] P1 yaw=+0.180  fwd=-0.0585  score=-0.1127[YawComp] net_yaw_nominal=1.0549  λ=1.3677  max_adj=0.633
  → stuck, trying [0.983, 0.185]
    [robot_17_seed4274] P1 yaw=+0.001  fwd=-0.0241  score=-0.0243[YawComp] net_yaw_nominal=0.7788  λ=0.7860  max_adj=0.432
  → stuck, trying [0.977, -0.213]
    [robot_18_seed2549] P1 yaw=-0.033  fwd=-0.0152  score=-0.0251[Grouping] 标准六足对角三脚架: group_a=[5, 1, 3]  group_b=[0, 4, 2]
[YawComp] net_yaw_nominal=1.0253  λ=0.6383  max_adj=0.355
  → stuck, trying [-0.182, -0.983]
    [robot_19_seed5927] P1 yaw=+0.058  fwd=-0.0657  score=-0.0831[YawComp] net_yaw_nominal=0.2490  λ=0.2453  max_adj=0.117
  → stuck, trying [0.797, 0.604]
    [robot_20_seed2120] P1 yaw=+0.017  fwd=-0.0523  score=-0.0574[YawComp] net_yaw_nominal=-0.3939  λ=-0.3832  max_adj=0.152
  → stuck, trying [0.994, 0.108]
    [robot_10_seed5868] R2 yaw=-0.037  fwd=-0.0174  score=-0.0286[YawComp] net_yaw_nominal=-0.4784  λ=-0.2357  max_adj=0.135
  → try [-0.996, -0.092]
    [robot_11_seed946] R2 yaw=+0.008  fwd=-0.0051  score=-0.0074[YawComp] net_yaw_nominal=0.5959  λ=0.3269  max_adj=0.184
  → try [-0.744, -0.668]
    [robot_13_seed3019] R2 yaw=+0.028  fwd=-0.0168  score=-0.0251[YawComp] net_yaw_nominal=1.2203  λ=0.3594  max_adj=0.229
  → try [-0.131, -0.991]
    [robot_16_seed5070] R2 yaw=-0.019  fwd=+0.0075  score=0.0018[YawComp] net_yaw_nominal=-0.0317  λ=-0.0083  max_adj=0.005
  → try [-0.185, 0.983]
    [robot_17_seed4274] R2 yaw=+0.003  fwd=-0.0224  score=-0.0233[YawComp] net_yaw_nominal=0.8483  λ=0.1303  max_adj=0.107
  → try [-0.213, -0.977]
    [robot_18_seed2549] R2 yaw=-0.043  fwd=-0.0166  score=-0.0295[Grouping] 标准六足对角三脚架: group_a=[5, 1, 3]  group_b=[0, 4, 2]
[YawComp] net_yaw_nominal=-1.0253  λ=-0.6383  max_adj=0.355
  → try [0.182, 0.983]
    [robot_19_seed5927] R2 yaw=+0.050  fwd=-0.0333  score=-0.0483[YawComp] net_yaw_nominal=-1.0045  λ=-0.3579  max_adj=0.233
  → try [-0.604, 0.797]
    [robot_20_seed2120] R2 yaw=+0.012  fwd=-0.0253  score=-0.0288[YawComp] net_yaw_nominal=-2.0269  λ=-0.5062  max_adj=0.356
  → try [-0.108, 0.994]
    [robot_10_seed5868] R3 yaw=-0.122  fwd=-0.0821  score=-0.1188  → axis [0.092, -0.996]
    [robot_11_seed946] R3 yaw=+0.032  fwd=-0.0051  score=-0.0148  → axis [0.668, -0.744]
    [robot_13_seed3019] R3 yaw=-0.056  fwd=-0.0427  score=-0.0596  → axis [0.991, -0.131]
    [robot_16_seed5070] R3 yaw=-0.056  fwd=-0.0186  score=-0.0353  → axis [0.983, 0.185]
    [robot_17_seed4274] R3 yaw=-0.069  fwd=-0.0450  score=-0.0657  → axis [0.977, -0.213]
    [robot_18_seed2549] R3 yaw=-0.014  fwd=-0.0098  score=-0.0141  → axis [0.182, 0.983]
    [robot_19_seed5927] R3 yaw=+0.022  fwd=-0.0207  score=-0.0272  → axis [-0.604, 0.797]
    [robot_20_seed2120] R3 yaw=+0.044  fwd=-0.0330  score=-0.0462  → axis [0.994, 0.108]
rt index in function setRigidBodyStates
[Warning] [carb.gym.plugin] Incomplete articulation end index in function setRigidBodyStates
[Warning] [carb.gym.plugin] Incomplete articulation start index in function setRigidBodyStates
[Warning] [carb.gym.plugin] Incomplete articulation end index in function setRigidBodyStates
[Warning] [carb.gym.plugin] Incomplete articulation start index in function setRigidBodyStates
[Warning] [carb.gym.plugin] Incomplete articulation end index in function setRigidBodyStates
[Warning] [carb.gym.plugin] Incomplete articulation start index in function setRigidBodyStates
[Warning] [carb.gym.plugin] Incomplete articulation end index in function setRigidBodyStates
[Warning] [carb.gym.plugin] Incomplete articulation start index in function setRigidBodyStates
[Warning] [carb.gym.plugin] Incomplete articulation end index in function setRigidBodyStates
[Warning] [carb.gym.plugin] Incomplete articulation start index in function setRigidBodyStates
[Warning] [carb.gym.plugin] Incomplete articulation end index in function setRigidBodyStates
[Warning] [carb.gym.plugin] Incomplete articulation start index in function setRigidBodyStates
  [Sim]  robot_10_seed5868  steps=7560  fwd=+0.505m  lat=+1.068m  drift=2.12
    [EKF] drift=2.12 > 0.3, trying online correction … Not connected to PVD
+++ Using GPU PhysX
Physics Engine: PhysX
Physics Device: cuda:0
GPU Pipeline: disabled
✓ improved: drift=0.43
  [Plot] Saved → /data/code/yjh/Adaptation/batch_results/20260623_125539/robot_10_seed5868/trajectory.png
  [Sim]  robot_11_seed946  steps=7560  fwd=-0.941m  lat=+1.382m  drift=1.47
    [EKF] drift=1.47 > 0.3, trying online correction … Not connected to PVD
+++ Using GPU PhysX
Physics Engine: PhysX
Physics Device: cuda:0
GPU Pipeline: disabled
✗ not better: drift=1.57
  [Plot] Saved → /data/code/yjh/Adaptation/batch_results/20260623_125539/robot_11_seed946/trajectory.png
  [Sim]  robot_13_seed3019  steps=7560  fwd=+0.344m  lat=+0.390m  drift=1.13
    [EKF] drift=1.13 > 0.3, trying online correction … Not connected to PVD
+++ Using GPU PhysX
Physics Engine: PhysX
Physics Device: cuda:0
GPU Pipeline: disabled
✗ not better: drift=9.84
  [Plot] Saved → /data/code/yjh/Adaptation/batch_results/20260623_125539/robot_13_seed3019/trajectory.png
  [Sim]  robot_16_seed5070  steps=7560  fwd=-0.028m  lat=+0.012m  drift=0.43
    [EKF] drift=0.43 > 0.3, trying online correction … Not connected to PVD
+++ Using GPU PhysX
Physics Engine: PhysX
Physics Device: cuda:0
GPU Pipeline: disabled
✗ not better: drift=1.97
  [Plot] Saved → /data/code/yjh/Adaptation/batch_results/20260623_125539/robot_16_seed5070/trajectory.png
  [Sim]  robot_17_seed4274  steps=7560  fwd=+1.149m  lat=+0.466m  drift=0.41
    [EKF] drift=0.41 > 0.3, trying online correction … Not connected to PVD
+++ Using GPU PhysX
Physics Engine: PhysX
Physics Device: cuda:0
GPU Pipeline: disabled
✗ not better: drift=18.48
  [Plot] Saved → /data/code/yjh/Adaptation/batch_results/20260623_125539/robot_17_seed4274/trajectory.png
  [Sim]  robot_18_seed2549  steps=7560  fwd=-0.842m  lat=+1.624m  drift=1.93
    [EKF] drift=1.93 > 0.3, trying online correction … Not connected to PVD
+++ Using GPU PhysX
Physics Engine: PhysX
Physics Device: cuda:0
GPU Pipeline: disabled
✓ improved: drift=0.40
  [Plot] Saved → /data/code/yjh/Adaptation/batch_results/20260623_125539/robot_18_seed2549/trajectory.png
  [Sim]  robot_19_seed5927  steps=7560  fwd=+1.738m  lat=-2.721m  drift=1.57
    [EKF] drift=1.57 > 0.3, trying online correction … Not connected to PVD
+++ Using GPU PhysX
Physics Engine: PhysX
Physics Device: cuda:0
GPU Pipeline: disabled
✗ not better: drift=2.67
  [Plot] Saved → /data/code/yjh/Adaptation/batch_results/20260623_125539/robot_19_seed5927/trajectory.png
  [Sim]  robot_20_seed2120  steps=7560  fwd=+0.029m  lat=+0.915m  drift=31.54
    [EKF] drift=31.54 > 0.3, trying online correction … Not connected to PVD
+++ Using GPU PhysX
Physics Engine: PhysX
Physics Device: cuda:0
GPU Pipeline: disabled
✓ improved: drift=2.45
  [Plot] Saved → /data/code/yjh/Adaptation/batch_results/20260623_125539/robot_20_seed2120/trajectory.png

  [Sub-batch 3/46] robots 16–23
Not connected to PVD
+++ Using GPU PhysX
Physics Engine: PhysX
Physics Device: cuda:0
GPU Pipeline: disabled
[Warning] [carb.gym.plugin] Incomplete articulation end index in function setRigidBodyStates
[Warning] [carb.gym.plugin] Incomplete articulation start index in function setRigidBodyStates
[Warning] [carb.gym.plugin] Incomplete articulation end index in function setRigidBodyStates
[Warning] [carb.gym.plugin] Incomplete articulation start index in function setRigidBodyStates
[Warning] [carb.gym.plugin] Incomplete articulation end index in function setRigidBodyStates
[Warning] [carb.gym.plugin] Incomplete articulation start index in function setRigidBodyStates
[Warning] [carb.gym.plugin] Incomplete articulation end index in function setRigidBodyStates
[Warning] [carb.gym.plugin] Incomplete articulation start index in function setRigidBodyStates
[Warning] [carb.gym.plugin] Incomplete articulation end index in function setRigidBodyStates
[Warning] [carb.gym.plugin] Incomplete articulation start index in function setRigidBodyStates
[Warning] [carb.gym.plugin] Incomplete articulation end index in function setRigidBodyStates
[Warning] [carb.gym.plugin] Incomplete articulation start index in function setRigidBodyStates
[Warning] [carb.gym.plugin] Incomplete articulation end index in function setRigidBodyStates
[Warning] [carb.gym.plugin] Incomplete articulation start index in function setRigidBodyStates
[Warning] [carb.gym.plugin] Incomplete articulation end index in function setRigidBodyStates
[Warning] [carb.gym.plugin] Incomplete articulation start index in function setRigidBodyStates
[Warning] [carb.gym.plugin] Incomplete articulation end index in function setRigidBodyStates
[Warning] [carb.gym.plugin] Incomplete articulation start index in function setRigidBodyStates
[Warning] [carb.gym.plugin] Incomplete articulation end index in function setRigidBodyStates
[Warning] [carb.gym.plugin] Incomplete articulation start index in function setRigidBodyStates
[Warning] [carb.gym.plugin] Incomplete articulation end index in function setRigidBodyStates
[Warning] [carb.gym.plugin] Incomplete articulation start index in function setRigidBodyStates
[Warning] [carb.gym.plugin] Incomplete articulation end index in function setRigidBodyStates
[Warning] [carb.gym.plugin] Incomplete articulation start index in function setRigidBodyStates
[Warning] [carb.gym.plugin] Incomplete articulation end index in function setRigidBodyStates
[Warning] [carb.gym.plugin] Incomplete articulation start index in function setRigidBodyStates
[Warning] [carb.gym.plugin] Incomplete articulation end index in function setRigidBodyStates
[Warning] [carb.gym.plugin] Incomplete articulation start index in function setRigidBodyStates
[Warning] [carb.gym.plugin] Incomplete articulation end index in function setRigidBodyStates
[Warning] [carb.gym.plugin] Incomplete articulation start index in function setRigidBodyStates
[Warning] [carb.gym.plugin] Incomplete articulation end index in function setRigidBodyStates
[Warning] [carb.gym.plugin] Incomplete articulation start index in function setRigidBodyStates
[Warning] [carb.gym.plugin] Incomplete articulation end index in function setRigidBodyStates
[Warning] [carb.gym.plugin] Incomplete articulation start index in function setRigidBodyStates
[Warning] [carb.gym.plugin] Incomplete articulation end index in function setRigidBodyStates
[Warning] [carb.gym.plugin] Incomplete articulation start index in function setRigidBodyStates
[Warning] [carb.gym.plugin] Incomplete articulation end index in function setRigidBodyStates
[Warning] [carb.gym.plugin] Incomplete articulation start index in function setRigidBodyStates
[Warning] [carb.gym.plugin] Incomplete articulation end index in function setRigidBodyStates
[Warning] [carb.gym.plugin] Incomplete articulation start index in function setRigidBodyStates
[Warning] [carb.gym.plugin] Incomplete articulation end index in function setRigidBodyStates
[Warning] [carb.gym.plugin] Incomplete articulation start index in function setRigidBodyStates
[Warning] [carb.gym.plugin] Incomplete articulation end index in function setRigidBodyStates
[Warning] [carb.gym.plugin] Incomplete articulation staImporting module 'gym_38' (/data/code/yjh/isaacgym/python/isaacgym/_bindings/linux-x86_64/gym_38.so)
Setting GYM_USD_PLUG_INFO_PATH to /data/code/yjh/isaacgym/python/isaacgym/_bindings/linux-x86_64/usd/plugInfo.json
    [robot_22_seed2655] P1 yaw=+0.015  fwd=-0.0558  score=-0.0604[YawComp] net_yaw_nominal=0.3313  λ=0.4872  max_adj=0.254
  → stuck, trying [0.99, -0.138]
    [robot_24_seed6530] P1 yaw=+0.057  fwd=-0.0275  score=-0.0446[YawComp] net_yaw_nominal=0.7637  λ=0.5299  max_adj=0.273
  → stuck, trying [1.0, -0.014]
    [robot_25_seed7689] P1 yaw=+0.069  fwd=-0.0694  score=-0.0903[YawComp] net_yaw_nominal=1.0836  λ=0.8237  max_adj=0.374
  → stuck, trying [0.971, 0.238]
    [robot_27_seed555] P1 yaw=-0.029  fwd=-0.0377  score=-0.0464[Grouping] 标准六足对角三脚架: group_a=[5, 1, 3]  group_b=[0, 4, 2]
[YawComp] net_yaw_nominal=0.3834  λ=0.7743  max_adj=0.295
  → stuck, trying [0.748, 0.664]
    [robot_28_seed2970] P1 yaw=-0.052  fwd=-0.0358  score=-0.0516[YawComp] net_yaw_nominal=0.5191  λ=0.8571  max_adj=0.351
  → stuck, trying [0.711, -0.703]
    [robot_29_seed4521] P1 yaw=-0.039  fwd=-0.0164  score=-0.0282[YawComp] net_yaw_nominal=-1.1989  λ=-1.3903  max_adj=0.655
  → stuck, trying [0.952, 0.305]
    [robot_30_seed4214] P1 yaw=-0.031  fwd=-0.0065  score=-0.0158[YawComp] net_yaw_nominal=0.5651  λ=0.6360  max_adj=0.262
  → stuck, trying [0.968, -0.251]
    [robot_31_seed3769] P1 yaw=+0.052  fwd=-0.0343  score=-0.0500[YawComp] net_yaw_nominal=1.1407  λ=1.2487  max_adj=0.596
  → stuck, trying [0.991, 0.132]
    [robot_22_seed2655] R2 yaw=-0.001  fwd=-0.0128  score=-0.0130[YawComp] net_yaw_nominal=0.1170  λ=0.0271  max_adj=0.017
  → try [-0.138, -0.99]
    [robot_24_seed6530] R2 yaw=-0.029  fwd=-0.0299  score=-0.0386[YawComp] net_yaw_nominal=-1.0863  λ=-0.3494  max_adj=0.232
  → try [-0.014, -1.0]
    [robot_25_seed7689] R2 yaw=+0.096  fwd=-0.0571  score=-0.0860[YawComp] net_yaw_nominal=-0.4085  λ=-0.1395  max_adj=0.088
  → try [-0.238, 0.971]
    [robot_27_seed555] R2 yaw=+0.003  fwd=-0.0318  score=-0.0326[Grouping] 标准六足对角三脚架: group_a=[5, 1, 3]  group_b=[0, 4, 2]
[YawComp] net_yaw_nominal=0.4429  λ=0.1997  max_adj=0.125
  → try [-0.664, 0.748]
    [robot_28_seed2970] R2 yaw=-0.037  fwd=-0.0197  score=-0.0308[YawComp] net_yaw_nominal=-0.2627  λ=-0.0837  max_adj=0.050
  → try [-0.703, -0.711]
    [robot_29_seed4521] R2 yaw=-0.007  fwd=+0.0274  score=0.0253[YawComp] net_yaw_nominal=-0.0140  λ=-0.0055  max_adj=0.003
  → try [-0.305, 0.952]
    [robot_30_seed4214] R2 yaw=-0.042  fwd=-0.0246  score=-0.0372[YawComp] net_yaw_nominal=1.8540  λ=0.5890  max_adj=0.398
  → try [-0.251, -0.968]
    [robot_31_seed3769] R2 yaw=+0.028  fwd=+0.0000  score=-0.0083[YawComp] net_yaw_nominal=1.8121  λ=0.4862  max_adj=0.320
  → try [-0.132, 0.991]
    [robot_22_seed2655] R3 yaw=-0.053  fwd=-0.0603  score=-0.0763  → axis [0.99, -0.138]
    [robot_24_seed6530] R3 yaw=+0.014  fwd=+0.0031  score=-0.0011  → axis [-0.014, -1.0]
    [robot_25_seed7689] R3 yaw=+0.033  fwd=-0.0106  score=-0.0203  → axis [-0.238, 0.971]
    [robot_27_seed555] R3 yaw=+0.047  fwd=-0.0270  score=-0.0412  → axis [0.748, 0.664]
    [robot_28_seed2970] R3 yaw=+0.011  fwd=-0.0673  score=-0.0706  → axis [0.711, -0.703]
    [robot_29_seed4521] R3 yaw=+0.012  fwd=-0.0086  score=-0.0121  → axis [0.952, 0.305]
    [robot_30_seed4214] R3 yaw=+0.013  fwd=+0.0033  score=-0.0004  → axis [-0.251, -0.968]
    [robot_31_seed3769] R3 yaw=-0.026  fwd=-0.0168  score=-0.0247  → axis [0.991, 0.132]
rt index in function setRigidBodyStates
[Warning] [carb.gym.plugin] Incomplete articulation end index in function setRigidBodyStates
[Warning] [carb.gym.plugin] Incomplete articulation start index in function setRigidBodyStates
[Warning] [carb.gym.plugin] Incomplete articulation end index in function setRigidBodyStates
[Warning] [carb.gym.plugin] Incomplete articulation start index in function setRigidBodyStates
[Warning] [carb.gym.plugin] Incomplete articulation end index in function setRigidBodyStates
[Warning] [carb.gym.plugin] Incomplete articulation start index in function setRigidBodyStates
[Warning] [carb.gym.plugin] Incomplete articulation end index in function setRigidBodyStates
[Warning] [carb.gym.plugin] Incomplete articulation start index in function setRigidBodyStates
[Warning] [carb.gym.plugin] Incomplete articulation end index in function setRigidBodyStates
[Warning] [carb.gym.plugin] Incomplete articulation start index in function setRigidBodyStates
[Warning] [carb.gym.plugin] Incomplete articulation end index in function setRigidBodyStates
[Warning] [carb.gym.plugin] Incomplete articulation start index in function setRigidBodyStates
  [Sim]  robot_22_seed2655  steps=7560  fwd=+3.144m  lat=-0.768m  drift=0.24
  [Plot] Saved → /data/code/yjh/Adaptation/batch_results/20260623_125539/robot_22_seed2655/trajectory.png
  [Sim]  robot_24_seed6530  steps=7560  fwd=-0.621m  lat=+0.587m  drift=0.95
    [EKF] drift=0.95 > 0.3, trying online correction … Not connected to PVD
+++ Using GPU PhysX
Physics Engine: PhysX
Physics Device: cuda:0
GPU Pipeline: disabled
✓ improved: drift=0.22
  [Plot] Saved → /data/code/yjh/Adaptation/batch_results/20260623_125539/robot_24_seed6530/trajectory.png
  [Sim]  robot_25_seed7689  steps=7560  fwd=+2.559m  lat=-1.405m  drift=0.55
    [EKF] drift=0.55 > 0.3, trying online correction … Not connected to PVD
+++ Using GPU PhysX
Physics Engine: PhysX
Physics Device: cuda:0
GPU Pipeline: disabled
✗ not better: drift=0.57
  [Plot] Saved → /data/code/yjh/Adaptation/batch_results/20260623_125539/robot_25_seed7689/trajectory.png
  [Sim]  robot_27_seed555  steps=7560  fwd=+0.427m  lat=+0.643m  drift=1.51
    [EKF] drift=1.51 > 0.3, trying online correction … Not connected to PVD
+++ Using GPU PhysX
Physics Engine: PhysX
Physics Device: cuda:0
GPU Pipeline: disabled
✓ improved: drift=0.54
  [Plot] Saved → /data/code/yjh/Adaptation/batch_results/20260623_125539/robot_27_seed555/trajectory.png
  [Sim]  robot_28_seed2970  steps=2773  fwd=+0.501m  lat=+2.722m  drift=5.44
    [EKF] drift=5.44 > 0.3, trying online correction … Not connected to PVD
+++ Using GPU PhysX
Physics Engine: PhysX
Physics Device: cuda:0
GPU Pipeline: disabled
✓ improved: drift=0.32
  [Plot] Saved → /data/code/yjh/Adaptation/batch_results/20260623_125539/robot_28_seed2970/trajectory.png
  [Sim]  robot_29_seed4521  steps=7560  fwd=+0.009m  lat=-0.030m  drift=2.97
    [EKF] drift=2.97 > 0.3, trying online correction … Not connected to PVD
+++ Using GPU PhysX
Physics Engine: PhysX
Physics Device: cuda:0
GPU Pipeline: disabled
✓ improved: drift=0.18
  [Plot] Saved → /data/code/yjh/Adaptation/batch_results/20260623_125539/robot_29_seed4521/trajectory.png
  [Sim]  robot_30_seed4214  steps=7560  fwd=+0.337m  lat=+0.030m  drift=0.09
  [Plot] Saved → /data/code/yjh/Adaptation/batch_results/20260623_125539/robot_30_seed4214/trajectory.png
  [Sim]  robot_31_seed3769  steps=7560  fwd=-0.635m  lat=+0.373m  drift=0.59
    [EKF] drift=0.59 > 0.3, trying online correction … Not connected to PVD
+++ Using GPU PhysX
Physics Engine: PhysX
Physics Device: cuda:0
GPU Pipeline: disabled
✗ not better: drift=1.98
  [Plot] Saved → /data/code/yjh/Adaptation/batch_results/20260623_125539/robot_31_seed3769/trajectory.png

  [Sub-batch 4/46] robots 24–31
Not connected to PVD
+++ Using GPU PhysX
Physics Engine: PhysX
Physics Device: cuda:0
GPU Pipeline: disabled
[Warning] [carb.gym.plugin] Incomplete articulation end index in function setRigidBodyStates
[Warning] [carb.gym.plugin] Incomplete articulation start index in function setRigidBodyStates
[Warning] [carb.gym.plugin] Incomplete articulation end index in function setRigidBodyStates
[Warning] [carb.gym.plugin] Incomplete articulation start index in function setRigidBodyStates
[Warning] [carb.gym.plugin] Incomplete articulation end index in function setRigidBodyStates
[Warning] [carb.gym.plugin] Incomplete articulation start index in function setRigidBodyStates
[Warning] [carb.gym.plugin] Incomplete articulation end index in function setRigidBodyStates
[Warning] [carb.gym.plugin] Incomplete articulation start index in function setRigidBodyStates
[Warning] [carb.gym.plugin] Incomplete articulation end index in function setRigidBodyStates
[Warning] [carb.gym.plugin] Incomplete articulation start index in function setRigidBodyStates
[Warning] [carb.gym.plugin] Incomplete articulation end index in function setRigidBodyStates
[Warning] [carb.gym.plugin] Incomplete articulation start index in function setRigidBodyStates
[Warning] [carb.gym.plugin] Incomplete articulation end index in function setRigidBodyStates
[Warning] [carb.gym.plugin] Incomplete articulation start index in function setRigidBodyStates
[Warning] [carb.gym.plugin] Incomplete articulation start index in function setRigidBodyStates
[Warning] [carb.gym.plugin] Incomplete articulation end index in function setRigidBodyStates
[Warning] [carb.gym.plugin] Incomplete articulation start index in function setRigidBodyStates
[Warning] [carb.gym.plugin] Incomplete articulation end index in function setRigidBodyStates
[Warning] [carb.gym.plugin] Incomplete articulation start index in function setRigidBodyStates
[Warning] [carb.gym.plugin] Incomplete articulation end index in function setRigidBodyStates
[Warning] [carb.gym.plugin] Incomplete articulation start index in function setRigidBodyStates
[Warning] [carb.gym.plugin] Incomplete articulation end index in function setRigidBodyStates
[Warning] [carb.gym.plugin] Incomplete articulation start index in function setRigidBodyStates
[Warning] [carb.gym.plugin] Incomplete articulation end index in function setRigidBodyStates
[Warning] [carb.gym.plugin] Incomplete articulation start index in function setRigidBodyStates
[Warning] [carb.gym.plugin] Incomplete articulation start index in function setRigidBodyStates
[Warning] [carb.gym.plugin] Incomplete articulation end index in function setRigidBodyStates
[Warning] [carb.gym.plugin] Incomplete articulation start index in function setRigidBodyStates
[Warning] [carb.gym.plugin] Incomplete articulation end index in function setRigidBodyStates
[Warning] [carb.gym.plugin] Incomplete articulation start index in function setRigidBodyStates
[Warning] [carb.gym.plugin] Incomplete articulation end index in function setRigidBodyStates
[Warning] [carb.gym.plugin] Incomplete articulation start index in function setRigidBodyStates
[Warning] [carb.gym.plugin] Incomplete articulation end index in function setRigidBodyStates
[Warning] [carb.gym.plugin] Incomplete articulation start index in function setRigidBodyStates
[Warning] [carb.gym.plugin] Incomplete articulation end index in function setRigidBodyStates
[Warning] [carb.gym.plugin] Incomplete articulation start index in function setRigidBodyStates
[Warning] [carb.gym.plugin] Incomplete articulation end index in function setRigidBodyStates
[Warning] [carb.gym.plugin] Incomplete articulation start index in function setRigidBodyStates
[Warning] [carb.gym.plugin] Incomplete articulation end index in function setRigidBodyStates
[Warning] [carb.gym.plugin] Incomplete articulation start index in function setRigidBodyStates
[Warning] [carb.gym.plugin] Incomplete articulation end index in function setRigidBodyStates
[Warning] [carb.gym.plugin] Incomplete articulation start index in function setRigidBodyStates
[Warning] [carb.gym.plugin] Incomplete articulation end index in function setRigidBodyStates
[Warning] [carb.gym.plugin] Incomplete articulation sImporting module 'gym_38' (/data/code/yjh/isaacgym/python/isaacgym/_bindings/linux-x86_64/gym_38.so)
Setting GYM_USD_PLUG_INFO_PATH to /data/code/yjh/isaacgym/python/isaacgym/_bindings/linux-x86_64/usd/plugInfo.json
    [robot_32_seed4941] P1 yaw=+0.006  fwd=+0.1264  score=0.1246  → OK
    [robot_33_seed6212] P1 yaw=-0.032  fwd=-0.0238  score=-0.0333[YawComp] net_yaw_nominal=-0.2966  λ=-0.9969  max_adj=0.268
  → stuck, trying [0.995, 0.101]
    [robot_34_seed159] P1 yaw=-0.036  fwd=-0.0310  score=-0.0418[YawComp] net_yaw_nominal=1.2601  λ=0.9470  max_adj=0.503
  → stuck, trying [0.824, -0.567]
    [robot_35_seed6201] P1 yaw=-0.001  fwd=+0.0132  score=0.0129  → OK
    [robot_36_seed2781] P1 yaw=+0.001  fwd=-0.0739  score=-0.0742[YawComp] net_yaw_nominal=1.4890  λ=0.9607  max_adj=0.521
  → stuck, trying [0.76, -0.651]
    [robot_37_seed3912] P1 yaw=+0.014  fwd=-0.0800  score=-0.0842[Grouping] 标准六足对角三脚架: group_a=[5, 1, 3]  group_b=[0, 4, 2]
[YawComp] net_yaw_nominal=0.1023  λ=0.8440  max_adj=0.133
  → stuck, trying [0.967, 0.256]
    [robot_38_seed6089] P1 yaw=+0.044  fwd=-0.0169  score=-0.0301[YawComp] net_yaw_nominal=-1.5941  λ=-0.5341  max_adj=0.365
  → stuck, trying [0.108, -0.994]
    [robot_39_seed1380] P1 yaw=+0.007  fwd=-0.0070  score=-0.0093[YawComp] net_yaw_nominal=-0.3204  λ=-0.4238  max_adj=0.200
  → stuck, trying [0.939, -0.343]
    [robot_33_seed6212] R2 yaw=+0.026  fwd=-0.0080  score=-0.0159[YawComp] net_yaw_nominal=-0.1432  λ=-0.0282  max_adj=0.018
  → try [-0.101, 0.995]
    [robot_34_seed159] R2 yaw=+0.021  fwd=-0.0119  score=-0.0181[YawComp] net_yaw_nominal=0.7886  λ=0.2379  max_adj=0.132
  → try [-0.567, -0.824]
    [robot_36_seed2781] R2 yaw=-0.005  fwd=-0.0119  score=-0.0135[YawComp] net_yaw_nominal=1.1270  λ=0.4352  max_adj=0.258
  → try [-0.651, -0.76]
    [robot_37_seed3912] R2 yaw=-0.009  fwd=-0.0159  score=-0.0185[Grouping] 标准六足对角三脚架: group_a=[5, 1, 3]  group_b=[0, 4, 2]
[YawComp] net_yaw_nominal=0.1653  λ=0.0516  max_adj=0.035
  → try [-0.256, 0.967]
    [robot_38_seed6089] R2 yaw=+0.007  fwd=-0.0488  score=-0.0510[YawComp] net_yaw_nominal=1.5941  λ=0.5341  max_adj=0.365
  → try [-0.108, 0.994]
    [robot_39_seed1380] R2 yaw=-0.047  fwd=-0.0263  score=-0.0403[YawComp] net_yaw_nominal=-0.6596  λ=-0.2397  max_adj=0.144
  → try [-0.343, -0.939]
    [robot_33_seed6212] R3 yaw=-0.004  fwd=-0.0176  score=-0.0188  → axis [0.995, 0.101]
    [robot_34_seed159] R3 yaw=-0.054  fwd=-0.0489  score=-0.0651  → axis [0.824, -0.567]
    [robot_36_seed2781] R3 yaw=+0.093  fwd=-0.0431  score=-0.0711  → axis [0.76, -0.651]
    [robot_37_seed3912] R3 yaw=+0.006  fwd=+0.0020  score=0.0001  → axis [-0.256, 0.967]
    [robot_38_seed6089] R3 yaw=+0.007  fwd=+0.0085  score=0.0062  → axis [-0.108, 0.994]
    [robot_39_seed1380] R3 yaw=+0.048  fwd=-0.0144  score=-0.0287  → axis [0.343, 0.939]
tart index in function setRigidBodyStates
[Warning] [carb.gym.plugin] Incomplete articulation end index in function setRigidBodyStates
[Warning] [carb.gym.plugin] Incomplete articulation start index in function setRigidBodyStates
[Warning] [carb.gym.plugin] Incomplete articulation end index in function setRigidBodyStates
[Warning] [carb.gym.plugin] Incomplete articulation start index in function setRigidBodyStates
[Warning] [carb.gym.plugin] Incomplete articulation end index in function setRigidBodyStates
[Warning] [carb.gym.plugin] Incomplete articulation start index in function setRigidBodyStates
  [Sim]  robot_32_seed4941  steps=7560  fwd=-0.084m  lat=-0.097m  drift=1.15
    [EKF] drift=1.15 > 0.3, trying online correction … Not connected to PVD
+++ Using GPU PhysX
Physics Engine: PhysX
Physics Device: cuda:0
GPU Pipeline: disabled
✓ improved: drift=0.25
  [Plot] Saved → /data/code/yjh/Adaptation/batch_results/20260623_125539/robot_32_seed4941/trajectory.png
  [Sim]  robot_33_seed6212  steps=7560  fwd=-1.218m  lat=-1.088m  drift=0.89
    [EKF] drift=0.89 > 0.3, trying online correction … Not connected to PVD
+++ Using GPU PhysX
Physics Engine: PhysX
Physics Device: cuda:0
GPU Pipeline: disabled
✗ not better: drift=2.74
  [Plot] Saved → /data/code/yjh/Adaptation/batch_results/20260623_125539/robot_33_seed6212/trajectory.png
  [Sim]  robot_34_seed159  steps=7560  fwd=-0.043m  lat=-0.271m  drift=6.33
    [EKF] drift=6.33 > 0.3, trying online correction … Not connected to PVD
+++ Using GPU PhysX
Physics Engine: PhysX
Physics Device: cuda:0
GPU Pipeline: disabled
✓ improved: drift=3.04
  [Plot] Saved → /data/code/yjh/Adaptation/batch_results/20260623_125539/robot_34_seed159/trajectory.png
  [Sim]  robot_35_seed6201  steps=7560  fwd=+1.961m  lat=-0.136m  drift=0.07
  [Plot] Saved → /data/code/yjh/Adaptation/batch_results/20260623_125539/robot_35_seed6201/trajectory.png
  [Sim]  robot_36_seed2781  steps=7560  fwd=-1.262m  lat=+0.352m  drift=0.28
  [Plot] Saved → /data/code/yjh/Adaptation/batch_results/20260623_125539/robot_36_seed2781/trajectory.png
  [Sim]  robot_37_seed3912  steps=7560  fwd=+0.872m  lat=-0.218m  drift=0.25
  [Plot] Saved → /data/code/yjh/Adaptation/batch_results/20260623_125539/robot_37_seed3912/trajectory.png
  [Sim]  robot_38_seed6089  steps=7560  fwd=+1.256m  lat=-0.071m  drift=0.06
  [Plot] Saved → /data/code/yjh/Adaptation/batch_results/20260623_125539/robot_38_seed6089/trajectory.png
  [Sim]  robot_39_seed1380  steps=7560  fwd=+0.037m  lat=-0.030m  drift=0.80
    [EKF] drift=0.80 > 0.3, trying online correction … Not connected to PVD
+++ Using GPU PhysX
Physics Engine: PhysX
Physics Device: cuda:0
GPU Pipeline: disabled
✗ not better: drift=1.22
  [Plot] Saved → /data/code/yjh/Adaptation/batch_results/20260623_125539/robot_39_seed1380/trajectory.png

  [Sub-batch 5/46] robots 32–39
Not connected to PVD
+++ Using GPU PhysX
Physics Engine: PhysX
Physics Device: cuda:0
GPU Pipeline: disabled
[Warning] [carb.gym.plugin] Incomplete articulation end index in function setRigidBodyStates
[Warning] [carb.gym.plugin] Incomplete articulation start index in function setRigidBodyStates
[Warning] [carb.gym.plugin] Incomplete articulation end index in function setRigidBodyStates
[Warning] [carb.gym.plugin] Incomplete articulation start index in function setRigidBodyStates
[Warning] [carb.gym.plugin] Incomplete articulation end index in function setRigidBodyStates
[Warning] [carb.gym.plugin] Incomplete articulation start index in function setRigidBodyStates
[Warning] [carb.gym.plugin] Incomplete articulation end index in function setRigidBodyStates
[Warning] [carb.gym.plugin] Incomplete articulation start index in function setRigidBodyStates
[Warning] [carb.gym.plugin] Incomplete articulation end index in function setRigidBodyStates
[Warning] [carb.gym.plugin] Incomplete articulation start index in function setRigidBodyStates
[Warning] [carb.gym.plugin] Incomplete articulation end index in function setRigidBodyStates
[Warning] [carb.gym.plugin] Incomplete articulation start index in function setRigidBodyStates
[Warning] [carb.gym.plugin] Incomplete articulation end index in function setRigidBodyStates
[Warning] [carb.gym.plugin] Incomplete articulation start index in function setRigidBodyStates
[Warning] [carb.gym.plugin] Incomplete articulation end index in function setRigidBodyStates
[Warning] [carb.gym.plugin] Incomplete articulation start index in function setRigidBodyStates
[Warning] [carb.gym.plugin] Incomplete articulation end index in function setRigidBodyStates
[Warning] [carb.gym.plugin] Incomplete articulation start index in function setRigidBodyStates
[Warning] [carb.gym.plugin] Incomplete articulation end index in function setRigidBodyStates
[Warning] [carb.gym.plugin] Incomplete articulation start index in function setRigidBodyStates
[Warning] [carb.gym.plugin] Incomplete articulation end index in function setRigidBodyStates
[Warning] [carb.gym.plugin] Incomplete articulation start index in function setRigidBodyStates
[Warning] [carb.gym.plugin] Incomplete articulation end index in function setRigidBodyStates
[Warning] [carb.gym.plugin] Incomplete articulation start index in function setRigidBodyStates
[Warning] [carb.gym.plugin] Incomplete articulation end index in function setRigidBodyStates
[Warning] [carb.gym.plugin] Incomplete articulation start index in function setRigidBodyStates
[Warning] [carb.gym.plugin] Incomplete articulation end index in function setRigidBodyStates
[Warning] [carb.gym.plugin] Incomplete articulation start index in function setRigidBodyStates
[Warning] [carb.gym.plugin] Incomplete articulation end index in function setRigidBodyStates
[Warning] [carb.gym.plugin] Incomplete articulation start index in function setRigidBodyStates
[Warning] [carb.gym.plugin] Incomplete articulation end index in function setRigidBodyStates
[Warning] [carb.gym.plugin] Incomplete articulation start index in function setRigidBodyStates
[Warning] [carb.gym.plugin] Incomplete articulation end index in function setRigidBodyStates
[Warning] [carb.gym.plugin] Incomplete articulation start index in function setRigidBodyStates
[Warning] [carb.gym.plugin] Incomplete articulation end index in function setRigidBodyStates
[Warning] [carb.gym.plugin] Incomplete articulation start index in function setRigidBodyStates
[Warning] [carb.gym.plugin] Incomplete articulation end index in function setRigidBodyStates
[Warning] [carb.gym.plugin] Incomplete articulation start index in function setRigidBodyStates
[Warning] [carb.gym.plugin] Incomplete articulation end index in function setRigidBodyStates
[Warning] [carb.gym.plugin] Incomplete articulation start index in function setRigidBodyStates
[Warning] [carb.gym.plugin] Incomplete articulation end index in function setRigidBodyStates
[Warning] [carb.gym.plugin] Incomplete articulation start index in function setRigidBodyStates
[Warning] [carb.gym.plugin] Incomplete articulation end index in function setRigidBodyStates
[Warning] [carb.gym.plugin] Incomplete articulation staImporting module 'gym_38' (/data/code/yjh/isaacgym/python/isaacgym/_bindings/linux-x86_64/gym_38.so)
Setting GYM_USD_PLUG_INFO_PATH to /data/code/yjh/isaacgym/python/isaacgym/_bindings/linux-x86_64/usd/plugInfo.json
    [robot_40_seed8153] P1 yaw=+0.031  fwd=-0.0065  score=-0.0158[YawComp] net_yaw_nominal=0.6747  λ=0.6519  max_adj=0.329
  → stuck, trying [0.956, -0.292]
    [robot_42_seed2076] P1 yaw=+0.012  fwd=-0.0979  score=-0.1014[YawComp] net_yaw_nominal=1.1334  λ=1.4476  max_adj=0.646
  → stuck, trying [0.954, 0.3]
    [robot_43_seed5483] P1 yaw=+0.084  fwd=-0.0431  score=-0.0683[YawComp] net_yaw_nominal=0.5296  λ=1.0443  max_adj=0.417
  → stuck, trying [0.954, 0.3]
    [robot_44_seed973] P1 yaw=-0.001  fwd=+0.0008  score=0.0005[YawComp] net_yaw_nominal=-0.6743  λ=-1.0641  max_adj=0.566
  → stuck, trying [0.93, -0.367]
    [robot_46_seed50] P1 yaw=-0.041  fwd=-0.0222  score=-0.0346[YawComp] net_yaw_nominal=-0.5076  λ=-0.6329  max_adj=0.361
  → stuck, trying [0.985, -0.173]
    [robot_47_seed648] P1 yaw=+0.016  fwd=-0.0031  score=-0.0080[YawComp] net_yaw_nominal=0.6282  λ=1.0883  max_adj=0.466
  → stuck, trying [0.305, -0.952]
    [robot_48_seed8276] P1 yaw=-0.033  fwd=-0.0186  score=-0.0285[YawComp] net_yaw_nominal=1.9967  λ=0.8765  max_adj=0.524
  → stuck, trying [-0.376, -0.927]
    [robot_49_seed411] P1 yaw=-0.084  fwd=-0.0801  score=-0.1054[YawComp] net_yaw_nominal=-0.4600  λ=-1.4327  max_adj=0.531
  → stuck, trying [0.988, -0.152]
    [robot_40_seed8153] R2 yaw=+0.030  fwd=-0.0293  score=-0.0382[YawComp] net_yaw_nominal=-0.6613  λ=-0.3069  max_adj=0.199
  → try [-0.292, -0.956]
    [robot_42_seed2076] R2 yaw=+0.015  fwd=-0.0068  score=-0.0112[YawComp] net_yaw_nominal=0.6528  λ=0.1697  max_adj=0.111
  → try [-0.3, 0.954]
    [robot_43_seed5483] R2 yaw=+0.090  fwd=-0.0074  score=-0.0346[YawComp] net_yaw_nominal=0.8805  λ=0.2750  max_adj=0.193
  → try [-0.3, 0.954]
    [robot_44_seed973] R2 yaw=-0.001  fwd=+0.0015  score=0.0011[YawComp] net_yaw_nominal=-0.9019  λ=-0.5743  max_adj=0.353
  → try [-0.367, -0.93]
    [robot_46_seed50] R2 yaw=-0.014  fwd=-0.0030  score=-0.0072[YawComp] net_yaw_nominal=-0.1731  λ=-0.0340  max_adj=0.024
  → try [-0.173, -0.985]
    [robot_47_seed648] R2 yaw=+0.012  fwd=-0.0053  score=-0.0090[YawComp] net_yaw_nominal=0.0420  λ=0.0367  max_adj=0.020
  → try [-0.952, -0.305]
    [robot_48_seed8276] R2 yaw=+0.071  fwd=-0.0158  score=-0.0370[YawComp] net_yaw_nominal=-1.9967  λ=-0.8765  max_adj=0.524
  → try [0.376, 0.927]
    [robot_49_seed411] R2 yaw=+0.257  fwd=+0.0841  score=0.0068[YawComp] net_yaw_nominal=-0.0318  λ=-0.0166  max_adj=0.010
  → try [-0.152, -0.988]
    [robot_40_seed8153] R3 yaw=+0.053  fwd=-0.0290  score=-0.0450  → axis [0.292, 0.956]
    [robot_42_seed2076] R3 yaw=+0.009  fwd=+0.0223  score=0.0196  → axis [-0.3, 0.954]
    [robot_43_seed5483] R3 yaw=-0.015  fwd=+0.1460  score=0.1414  → axis [-0.3, 0.954]
    [robot_44_seed973] R3 yaw=-0.001  fwd=-0.0008  score=-0.0012  → axis [0.93, -0.367]
    [robot_46_seed50] R3 yaw=+0.004  fwd=-0.0468  score=-0.0480  → axis [0.985, -0.173]
    [robot_47_seed648] R3 yaw=+0.038  fwd=-0.0128  score=-0.0241  → axis [0.952, 0.305]
    [robot_48_seed8276] R3 yaw=-0.011  fwd=-0.0035  score=-0.0068  → axis [0.376, 0.927]
    [robot_49_seed411] R3 yaw=+0.060  fwd=-0.0059  score=-0.0238  → axis [0.988, -0.152]
rt index in function setRigidBodyStates
[Warning] [carb.gym.plugin] Incomplete articulation end index in function setRigidBodyStates
[Warning] [carb.gym.plugin] Incomplete articulation start index in function setRigidBodyStates
[Warning] [carb.gym.plugin] Incomplete articulation end index in function setRigidBodyStates
[Warning] [carb.gym.plugin] Incomplete articulation start index in function setRigidBodyStates
[Warning] [carb.gym.plugin] Incomplete articulation end index in function setRigidBodyStates
[Warning] [carb.gym.plugin] Incomplete articulation start index in function setRigidBodyStates
[Warning] [carb.gym.plugin] Incomplete articulation end index in function setRigidBodyStates
[Warning] [carb.gym.plugin] Incomplete articulation start index in function setRigidBodyStates
[Warning] [carb.gym.plugin] Incomplete articulation end index in function setRigidBodyStates
[Warning] [carb.gym.plugin] Incomplete articulation start index in function setRigidBodyStates
[Warning] [carb.gym.plugin] Incomplete articulation end index in function setRigidBodyStates
[Warning] [carb.gym.plugin] Incomplete articulation start index in function setRigidBodyStates
  [Sim]  robot_40_seed8153  steps=7560  fwd=+0.203m  lat=+0.167m  drift=0.82
    [EKF] drift=0.82 > 0.3, trying online correction … Not connected to PVD
+++ Using GPU PhysX
Physics Engine: PhysX
Physics Device: cuda:0
GPU Pipeline: disabled
✗ not better: drift=1.33
  [Plot] Saved → /data/code/yjh/Adaptation/batch_results/20260623_125539/robot_40_seed8153/trajectory.png
  [Sim]  robot_42_seed2076  steps=7560  fwd=+0.132m  lat=+0.040m  drift=0.31
    [EKF] drift=0.31 > 0.3, trying online correction … Not connected to PVD
+++ Using GPU PhysX
Physics Engine: PhysX
Physics Device: cuda:0
GPU Pipeline: disabled
✗ not better: drift=0.62
  [Plot] Saved → /data/code/yjh/Adaptation/batch_results/20260623_125539/robot_42_seed2076/trajectory.png
  [Sim]  robot_43_seed5483  steps=7560  fwd=+0.617m  lat=+0.353m  drift=0.57
    [EKF] drift=0.57 > 0.3, trying online correction … Not connected to PVD
+++ Using GPU PhysX
Physics Engine: PhysX
Physics Device: cuda:0
GPU Pipeline: disabled
✗ not better: drift=0.70
  [Plot] Saved → /data/code/yjh/Adaptation/batch_results/20260623_125539/robot_43_seed5483/trajectory.png
  [Sim]  robot_44_seed973  steps=7560  fwd=+0.009m  lat=+0.005m  drift=0.47
    [EKF] drift=0.47 > 0.3, trying online correction … Not connected to PVD
+++ Using GPU PhysX
Physics Engine: PhysX
Physics Device: cuda:0
GPU Pipeline: disabled
✗ not better: drift=0.69
  [Plot] Saved → /data/code/yjh/Adaptation/batch_results/20260623_125539/robot_44_seed973/trajectory.png
  [Sim]  robot_46_seed50  steps=3755  fwd=+0.437m  lat=+2.818m  drift=6.46
    [EKF] drift=6.46 > 0.3, trying online correction … Not connected to PVD
+++ Using GPU PhysX
Physics Engine: PhysX
Physics Device: cuda:0
GPU Pipeline: disabled
✗ not better: drift=9.96
  [Plot] Saved → /data/code/yjh/Adaptation/batch_results/20260623_125539/robot_46_seed50/trajectory.png
  [Sim]  robot_47_seed648  steps=7560  fwd=-0.554m  lat=+1.558m  drift=2.81
    [EKF] drift=2.81 > 0.3, trying online correction … Not connected to PVD
+++ Using GPU PhysX
Physics Engine: PhysX
Physics Device: cuda:0
GPU Pipeline: disabled
✗ not better: drift=3.33
  [Plot] Saved → /data/code/yjh/Adaptation/batch_results/20260623_125539/robot_47_seed648/trajectory.png
  [Sim]  robot_48_seed8276  steps=7560  fwd=+0.777m  lat=+0.591m  drift=0.76
    [EKF] drift=0.76 > 0.3, trying online correction … Not connected to PVD
+++ Using GPU PhysX
Physics Engine: PhysX
Physics Device: cuda:0
GPU Pipeline: disabled
✓ improved: drift=0.02
  [Plot] Saved → /data/code/yjh/Adaptation/batch_results/20260623_125539/robot_48_seed8276/trajectory.png
  [Sim]  robot_49_seed411  steps=7560  fwd=+0.020m  lat=+0.036m  drift=1.82
    [EKF] drift=1.82 > 0.3, trying online correction … Not connected to PVD
+++ Using GPU PhysX
Physics Engine: PhysX
Physics Device: cuda:0
GPU Pipeline: disabled
✓ improved: drift=1.10
  [Plot] Saved → /data/code/yjh/Adaptation/batch_results/20260623_125539/robot_49_seed411/trajectory.png

  [Sub-batch 6/46] robots 40–47
Not connected to PVD
+++ Using GPU PhysX
Physics Engine: PhysX
Physics Device: cuda:0
GPU Pipeline: disabled
[Warning] [carb.gym.plugin] Incomplete articulation end index in function setRigidBodyStates
[Warning] [carb.gym.plugin] Incomplete articulation start index in function setRigidBodyStates
[Warning] [carb.gym.plugin] Incomplete articulation end index in function setRigidBodyStates
[Warning] [carb.gym.plugin] Incomplete articulation start index in function setRigidBodyStates
[Warning] [carb.gym.plugin] Incomplete articulation end index in function setRigidBodyStates
[Warning] [carb.gym.plugin] Incomplete articulation start index in function setRigidBodyStates
[Warning] [carb.gym.plugin] Incomplete articulation end index in function setRigidBodyStates
[Warning] [carb.gym.plugin] Incomplete articulation start index in function setRigidBodyStates
[Warning] [carb.gym.plugin] Incomplete articulation end index in function setRigidBodyStates
[Warning] [carb.gym.plugin] Incomplete articulation start index in function setRigidBodyStates
[Warning] [carb.gym.plugin] Incomplete articulation end index in function setRigidBodyStates
[Warning] [carb.gym.plugin] Incomplete articulation start index in function setRigidBodyStates
[Warning] [carb.gym.plugin] Incomplete articulation end index in function setRigidBodyStates
[Warning] [carb.gym.plugin] Incomplete articulation start index in function setRigidBodyStates
[Warning] [carb.gym.plugin] Incomplete articulation end index in function setRigidBodyStates
[Warning] [carb.gym.plugin] Incomplete articulation start index in function setRigidBodyStates
[Warning] [carb.gym.plugin] Incomplete articulation end index in function setRigidBodyStates
[Warning] [carb.gym.plugin] Incomplete articulation start index in function setRigidBodyStates
[Warning] [carb.gym.plugin] Incomplete articulation end index in function setRigidBodyStates
[Warning] [carb.gym.plugin] Incomplete articulation start index in function setRigidBodyStates
[Warning] [carb.gym.plugin] Incomplete articulation end index in function setRigidBodyStates
[Warning] [carb.gym.plugin] Incomplete articulation start index in function setRigidBodyStates
[Warning] [carb.gym.plugin] Incomplete articulation end index in function setRigidBodyStates
[Warning] [carb.gym.plugin] Incomplete articulation start index in function setRigidBodyStates
[Warning] [carb.gym.plugin] Incomplete articulation end index in function setRigidBodyStates
[Warning] [carb.gym.plugin] Incomplete articulation start index in function setRigidBodyStates
[Warning] [carb.gym.plugin] Incomplete articulation end index in function setRigidBodyStates
[Warning] [carb.gym.plugin] Incomplete articulation end index in function setRigidBodyStates
[Warning] [carb.gym.plugin] Incomplete articulation start index in function setRigidBodyStates
[Warning] [carb.gym.plugin] Incomplete articulation end index in function setRigidBodyStates
[Warning] [carb.gym.plugin] Incomplete articulation start index in function setRigidBodyStates
[Warning] [carb.gym.plugin] Incomplete articulation end index in function setRigidBodyStates
[Warning] [carb.gym.plugin] Incomplete articulation start index in function setRigidBodyStates
[Warning] [carb.gym.plugin] Incomplete articulation end index in function setRigidBodyStates
[Warning] [carb.gym.plugin] Incomplete articulation start index in function setRigidBodyStates
[Warning] [carb.gym.plugin] Incomplete articulation end index in function setRigidBodyStates
[Warning] [carb.gym.plugin] Incomplete articulation start index in function setRigidBodyStates
[Warning] [carb.gym.plugin] Incomplete articulation end index in function setRigidBodyStates
[Warning] [carb.gym.plugin] Incomplete articulation start index in function setRigidBodyStates
[Warning] [carb.gym.plugin] Incomplete articulation end index in function setRigidBodyStates
[Warning] [carb.gym.plugin] Incomplete articulation end index in function setRigidBodyStates
[Warning] [carb.gym.plugin] Incomplete articulation start index in function setRigidBodyStates
[Warning] [carb.gym.plugin] Incomplete articulation end index in function setRigidBodyStates
[Warning] [carb.gym.plugin] Incomplete articulation startImporting module 'gym_38' (/data/code/yjh/isaacgym/python/isaacgym/_bindings/linux-x86_64/gym_38.so)
Setting GYM_USD_PLUG_INFO_PATH to /data/code/yjh/isaacgym/python/isaacgym/_bindings/linux-x86_64/usd/plugInfo.json
    [robot_50_seed5411] P1 yaw=+0.029  fwd=-0.0390  score=-0.0476[YawComp] net_yaw_nominal=-1.1188  λ=-0.5262  max_adj=0.301
  → stuck, trying [-0.369, -0.93]
    [robot_52_seed8325] P1 yaw=+0.021  fwd=-0.0088  score=-0.0152[YawComp] net_yaw_nominal=0.1959  λ=0.5037  max_adj=0.145
  → stuck, trying [0.998, 0.065]
    [robot_54_seed5190] P1 yaw=-0.100  fwd=-0.0671  score=-0.0971[YawComp] net_yaw_nominal=0.6329  λ=0.7824  max_adj=0.402
  → stuck, trying [0.747, -0.665]
    [robot_55_seed307] P1 yaw=+0.049  fwd=-0.0308  score=-0.0454[YawComp] net_yaw_nominal=-2.8217  λ=-0.8137  max_adj=0.540
  → stuck, trying [-0.126, -0.992]
    [robot_56_seed5994] P1 yaw=+0.029  fwd=-0.0072  score=-0.0158[YawComp] net_yaw_nominal=-0.0270  λ=-0.0199  max_adj=0.010
  → stuck, trying [0.991, 0.132]
    [robot_57_seed3570] P1 yaw=+0.004  fwd=-0.0029  score=-0.0043[Grouping] 标准六足对角三脚架: group_a=[5, 1, 4]  group_b=[0, 3, 2]
[YawComp] net_yaw_nominal=1.0813  λ=1.1602  max_adj=0.664
  → stuck, trying [-0.655, -0.756]
    [robot_59_seed6983] P1 yaw=-0.080  fwd=-0.0456  score=-0.0696[Grouping] 标准六足对角三脚架: group_a=[4, 0, 2]  group_b=[5, 3, 1]
[YawComp] net_yaw_nominal=-0.9511  λ=-0.7755  max_adj=0.438
  → stuck, trying [1.0, -0.019]
    [robot_60_seed653] P1 yaw=+0.006  fwd=+0.1242  score=0.1225  → OK
    [robot_50_seed5411] R2 yaw=-0.046  fwd=-0.0242  score=-0.0382[YawComp] net_yaw_nominal=1.1188  λ=0.5262  max_adj=0.301
  → try [0.369, 0.93]
    [robot_52_seed8325] R2 yaw=+0.030  fwd=-0.0106  score=-0.0197[YawComp] net_yaw_nominal=0.4806  λ=0.2135  max_adj=0.138
  → try [-0.065, 0.998]
    [robot_54_seed5190] R2 yaw=-0.041  fwd=-0.0038  score=-0.0160[YawComp] net_yaw_nominal=0.6563  λ=0.2600  max_adj=0.168
  → try [-0.665, -0.747]
    [robot_55_seed307] R2 yaw=-0.058  fwd=-0.0067  score=-0.0240[YawComp] net_yaw_nominal=2.8217  λ=0.8137  max_adj=0.540
  → try [0.126, 0.992]
    [robot_56_seed5994] R2 yaw=+0.042  fwd=-0.0154  score=-0.0282[YawComp] net_yaw_nominal=-0.0399  λ=-0.0148  max_adj=0.010
  → try [-0.132, 0.991]
    [robot_57_seed3570] R2 yaw=-0.000  fwd=+0.0052  score=0.0051[Grouping] 标准六足对角三脚架: group_a=[5, 1, 4]  group_b=[0, 3, 2]
[YawComp] net_yaw_nominal=-0.5186  λ=-0.2645  max_adj=0.140
  → try [-0.756, 0.655]
    [robot_59_seed6983] R2 yaw=-0.011  fwd=-0.0020  score=-0.0053[Grouping] 标准六足对角三脚架: group_a=[4, 0, 2]  group_b=[5, 3, 1]
[YawComp] net_yaw_nominal=-0.9303  λ=-0.3670  max_adj=0.259
  → try [-0.019, -1.0]
    [robot_50_seed5411] R3 yaw=+0.075  fwd=-0.0391  score=-0.0614  → axis [-0.369, -0.93]
    [robot_52_seed8325] R3 yaw=-0.017  fwd=+0.0114  score=0.0063  → axis [-0.065, 0.998]
    [robot_54_seed5190] R3 yaw=+0.053  fwd=-0.0381  score=-0.0541  → axis [0.747, -0.665]
    [robot_55_seed307] R3 yaw=+0.044  fwd=-0.0003  score=-0.0135  → axis [0.126, 0.992]
    [robot_56_seed5994] R3 yaw=-0.031  fwd=+0.0024  score=-0.0068  → axis [-0.132, 0.991]
    [robot_57_seed3570] R3 yaw=+0.026  fwd=-0.0909  score=-0.0988  → axis [-0.655, -0.756]
    [robot_59_seed6983] R3 yaw=+0.023  fwd=-0.0143  score=-0.0212  → axis [1.0, -0.019]
 index in function setRigidBodyStates
[Warning] [carb.gym.plugin] Incomplete articulation end index in function setRigidBodyStates
[Warning] [carb.gym.plugin] Incomplete articulation start index in function setRigidBodyStates
[Warning] [carb.gym.plugin] Incomplete articulation end index in function setRigidBodyStates
[Warning] [carb.gym.plugin] Incomplete articulation start index in function setRigidBodyStates
[Warning] [carb.gym.plugin] Incomplete articulation end index in function setRigidBodyStates
[Warning] [carb.gym.plugin] Incomplete articulation start index in function setRigidBodyStates
[Warning] [carb.gym.plugin] Incomplete articulation end index in function setRigidBodyStates
[Warning] [carb.gym.plugin] Incomplete articulation start index in function setRigidBodyStates
[Warning] [carb.gym.plugin] Incomplete articulation end index in function setRigidBodyStates
[Warning] [carb.gym.plugin] Incomplete articulation start index in function setRigidBodyStates
  [Sim]  robot_50_seed5411  steps=7560  fwd=-0.808m  lat=+1.319m  drift=1.63
    [EKF] drift=1.63 > 0.3, trying online correction … Not connected to PVD
+++ Using GPU PhysX
Physics Engine: PhysX
Physics Device: cuda:0
GPU Pipeline: disabled
✓ improved: drift=0.06
  [Plot] Saved → /data/code/yjh/Adaptation/batch_results/20260623_125539/robot_50_seed5411/trajectory.png
  [Sim]  robot_52_seed8325  steps=7560  fwd=+0.747m  lat=-0.469m  drift=0.63
    [EKF] drift=0.63 > 0.3, trying online correction … Not connected to PVD
+++ Using GPU PhysX
Physics Engine: PhysX
Physics Device: cuda:0
GPU Pipeline: disabled
✗ not better: drift=0.64
  [Plot] Saved → /data/code/yjh/Adaptation/batch_results/20260623_125539/robot_52_seed8325/trajectory.png
  [Sim]  robot_54_seed5190  steps=7560  fwd=-0.245m  lat=+0.004m  drift=0.01
  [Plot] Saved → /data/code/yjh/Adaptation/batch_results/20260623_125539/robot_54_seed5190/trajectory.png
  [Sim]  robot_55_seed307  steps=7560  fwd=-1.175m  lat=+0.002m  drift=0.00
  [Plot] Saved → /data/code/yjh/Adaptation/batch_results/20260623_125539/robot_55_seed307/trajectory.png
  [Sim]  robot_56_seed5994  steps=7560  fwd=-1.411m  lat=-0.262m  drift=0.19
  [Plot] Saved → /data/code/yjh/Adaptation/batch_results/20260623_125539/robot_56_seed5994/trajectory.png
  [Sim]  robot_57_seed3570  steps=7560  fwd=+0.021m  lat=-0.104m  drift=4.93
    [EKF] drift=4.93 > 0.3, trying online correction … Not connected to PVD
+++ Using GPU PhysX
Physics Engine: PhysX
Physics Device: cuda:0
GPU Pipeline: disabled
✓ improved: drift=2.43
  [Plot] Saved → /data/code/yjh/Adaptation/batch_results/20260623_125539/robot_57_seed3570/trajectory.png
  [Sim]  robot_59_seed6983  steps=7560  fwd=-1.221m  lat=+1.082m  drift=0.89
    [EKF] drift=0.89 > 0.3, trying online correction … Not connected to PVD
+++ Using GPU PhysX
Physics Engine: PhysX
Physics Device: cuda:0
GPU Pipeline: disabled
✗ not better: drift=2.87
  [Plot] Saved → /data/code/yjh/Adaptation/batch_results/20260623_125539/robot_59_seed6983/trajectory.png
  [Sim]  robot_60_seed653  steps=7560  fwd=-0.011m  lat=-0.008m  drift=0.74
    [EKF] drift=0.74 > 0.3, trying online correction … Not connected to PVD
+++ Using GPU PhysX
Physics Engine: PhysX
Physics Device: cuda:0
GPU Pipeline: disabled
✓ improved: drift=0.45
  [Plot] Saved → /data/code/yjh/Adaptation/batch_results/20260623_125539/robot_60_seed653/trajectory.png

  [Sub-batch 7/46] robots 48–55
Not connected to PVD
+++ Using GPU PhysX
Physics Engine: PhysX
Physics Device: cuda:0
GPU Pipeline: disabled
[Warning] [carb.gym.plugin] Incomplete articulation end index in function setRigidBodyStates
[Warning] [carb.gym.plugin] Incomplete articulation start index in function setRigidBodyStates
[Warning] [carb.gym.plugin] Incomplete articulation end index in function setRigidBodyStates
[Warning] [carb.gym.plugin] Incomplete articulation start index in function setRigidBodyStates
[Warning] [carb.gym.plugin] Incomplete articulation end index in function setRigidBodyStates
[Warning] [carb.gym.plugin] Incomplete articulation start index in function setRigidBodyStates
[Warning] [carb.gym.plugin] Incomplete articulation end index in function setRigidBodyStates
[Warning] [carb.gym.plugin] Incomplete articulation start index in function setRigidBodyStates
[Warning] [carb.gym.plugin] Incomplete articulation end index in function setRigidBodyStates
[Warning] [carb.gym.plugin] Incomplete articulation start index in function setRigidBodyStates
[Warning] [carb.gym.plugin] Incomplete articulation end index in function setRigidBodyStates
[Warning] [carb.gym.plugin] Incomplete articulation start index in function setRigidBodyStates
[Warning] [carb.gym.plugin] Incomplete articulation end index in function setRigidBodyStates
[Warning] [carb.gym.plugin] Incomplete articulation start index in function setRigidBodyStates
[Warning] [carb.gym.plugin] Incomplete articulation end index in function setRigidBodyStates
[Warning] [carb.gym.plugin] Incomplete articulation start index in function setRigidBodyStates
[Warning] [carb.gym.plugin] Incomplete articulation end index in function setRigidBodyStates
[Warning] [carb.gym.plugin] Incomplete articulation start index in function setRigidBodyStates
[Warning] [carb.gym.plugin] Incomplete articulation end index in function setRigidBodyStates
[Warning] [carb.gym.plugin] Incomplete articulation start index in function setRigidBodyStates
[Warning] [carb.gym.plugin] Incomplete articulation end index in function setRigidBodyStates
[Warning] [carb.gym.plugin] Incomplete articulation start index in function setRigidBodyStates
[Warning] [carb.gym.plugin] Incomplete articulation end index in function setRigidBodyStates
[Warning] [carb.gym.plugin] Incomplete articulation end index in function setRigidBodyStates
[Warning] [carb.gym.plugin] Incomplete articulation start index in function setRigidBodyStates
[Warning] [carb.gym.plugin] Incomplete articulation end index in function setRigidBodyStates
[Warning] [carb.gym.plugin] Incomplete articulation start index in function setRigidBodyStates
[Warning] [carb.gym.plugin] Incomplete articulation end index in function setRigidBodyStates
[Warning] [carb.gym.plugin] Incomplete articulation start index in function setRigidBodyStates
[Warning] [carb.gym.plugin] Incomplete articulation end index in function setRigidBodyStates
[Warning] [carb.gym.plugin] Incomplete articulation start index in function setRigidBodyStates
[Warning] [carb.gym.plugin] Incomplete articulation end index in function setRigidBodyStates
[Warning] [carb.gym.plugin] Incomplete articulation end index in function setRigidBodyStates
[Warning] [carb.gym.plugin] Incomplete articulation start index in function setRigidBodyStates
[Warning] [carb.gym.plugin] Incomplete articulation end index in function setRigidBodyStates
[Warning] [carb.gym.plugin] Incomplete articulation start index in function setRigidBodyStates
[Warning] [carb.gym.plugin] Incomplete articulation end index in function setRigidBodyStates
[Warning] [carb.gym.plugin] Incomplete articulation start index in function setRigidBodyStates
[Warning] [carb.gym.plugin] Incomplete articulation end index in function setRigidBodyStates
[Warning] [carb.gym.plugin] Incomplete articulation start index in function setRigidBodyStates
[Warning] [carb.gym.plugin] Incomplete articulation end index in function setRigidBodyStates
[Warning] [carb.gym.plugin] Incomplete articulation start index in function setRigidBodyStates
[Warning] [carb.gym.plugin] Incomplete articulation end index in function setRigidBodyStates
[Warning] [carb.gym.plugin] Incomplete articulation startImporting module 'gym_38' (/data/code/yjh/isaacgym/python/isaacgym/_bindings/linux-x86_64/gym_38.so)
Setting GYM_USD_PLUG_INFO_PATH to /data/code/yjh/isaacgym/python/isaacgym/_bindings/linux-x86_64/usd/plugInfo.json
    [robot_62_seed8692] P1 yaw=-0.011  fwd=-0.0073  score=-0.0106[YawComp] net_yaw_nominal=1.0724  λ=1.3053  max_adj=0.649
  → stuck, trying [0.949, -0.316]
    [robot_63_seed2071] P1 yaw=+0.047  fwd=+0.0069  score=-0.0072  → OK
    [robot_64_seed5663] P1 yaw=+0.015  fwd=+0.0044  score=-0.0000  → OK
    [robot_66_seed9556] P1 yaw=-0.005  fwd=-0.0432  score=-0.0447[YawComp] net_yaw_nominal=0.0799  λ=0.0655  max_adj=0.029
  → stuck, trying [-0.286, -0.958]
    [robot_67_seed5371] P1 yaw=+0.042  fwd=-0.0313  score=-0.0439[YawComp] net_yaw_nominal=-2.4876  λ=-0.8069  max_adj=0.510
  → stuck, trying [-0.174, -0.985]
    [robot_68_seed7308] P1 yaw=+0.031  fwd=-0.1263  score=-0.1356[YawComp] net_yaw_nominal=1.5511  λ=1.4448  max_adj=0.596
  → stuck, trying [0.999, 0.04]
    [robot_69_seed7483] P1 yaw=-0.099  fwd=-0.0328  score=-0.0625[YawComp] net_yaw_nominal=-0.8720  λ=-0.9925  max_adj=0.434
  → stuck, trying [0.967, -0.254]
    [robot_70_seed4964] P1 yaw=+0.006  fwd=+0.0103  score=0.0086  → OK
    [robot_62_seed8692] R2 yaw=+0.001  fwd=-0.0060  score=-0.0063[YawComp] net_yaw_nominal=1.3258  λ=0.4537  max_adj=0.266
  → try [-0.316, -0.949]
    [robot_66_seed9556] R2 yaw=+0.003  fwd=-0.0350  score=-0.0358[YawComp] net_yaw_nominal=0.3467  λ=0.1170  max_adj=0.069
  → try [-0.958, 0.286]
    [robot_67_seed5371] R2 yaw=+0.015  fwd=-0.0151  score=-0.0196[YawComp] net_yaw_nominal=2.4876  λ=0.8069  max_adj=0.510
  → try [0.174, 0.985]
    [robot_68_seed7308] R2 yaw=-0.027  fwd=+0.0293  score=0.0212[YawComp] net_yaw_nominal=1.4371  λ=0.3262  max_adj=0.211
  → try [-0.04, 0.999]
    [robot_69_seed7483] R2 yaw=-0.078  fwd=-0.0384  score=-0.0619[YawComp] net_yaw_nominal=-0.6932  λ=-0.1904  max_adj=0.126
  → try [-0.254, -0.967]
    [robot_62_seed8692] R3 yaw=-0.015  fwd=-0.0415  score=-0.0458  → axis [0.949, -0.316]
    [robot_66_seed9556] R3 yaw=+0.002  fwd=-0.0360  score=-0.0367  → axis [-0.286, -0.958]
    [robot_67_seed5371] R3 yaw=-0.016  fwd=-0.0014  score=-0.0062  → axis [0.174, 0.985]
    [robot_68_seed7308] R3 yaw=-0.030  fwd=+0.1478  score=0.1389  → axis [-0.04, 0.999]
    [robot_69_seed7483] R3 yaw=-0.012  fwd=-0.0479  score=-0.0514  → axis [-0.254, -0.967]
 index in function setRigidBodyStates
[Warning] [carb.gym.plugin] Incomplete articulation end index in function setRigidBodyStates
[Warning] [carb.gym.plugin] Incomplete articulation start index in function setRigidBodyStates
  [Sim]  robot_62_seed8692  steps=3097  fwd=+0.571m  lat=+2.322m  drift=4.07
    [EKF] drift=4.07 > 0.3, trying online correction … Not connected to PVD
+++ Using GPU PhysX
Physics Engine: PhysX
Physics Device: cuda:0
GPU Pipeline: disabled
✓ improved: drift=0.82
  [Plot] Saved → /data/code/yjh/Adaptation/batch_results/20260623_125539/robot_62_seed8692/trajectory.png
  [Sim]  robot_63_seed2071  steps=7560  fwd=+0.833m  lat=+0.812m  drift=0.97
    [EKF] drift=0.97 > 0.3, trying online correction … Not connected to PVD
+++ Using GPU PhysX
Physics Engine: PhysX
Physics Device: cuda:0
GPU Pipeline: disabled
✓ improved: drift=0.85
  [Plot] Saved → /data/code/yjh/Adaptation/batch_results/20260623_125539/robot_63_seed2071/trajectory.png
  [Sim]  robot_64_seed5663  steps=7560  fwd=+1.469m  lat=-1.297m  drift=0.88
    [EKF] drift=0.88 > 0.3, trying online correction … Not connected to PVD
+++ Using GPU PhysX
Physics Engine: PhysX
Physics Device: cuda:0
GPU Pipeline: disabled
✗ not better: drift=0.90
  [Plot] Saved → /data/code/yjh/Adaptation/batch_results/20260623_125539/robot_64_seed5663/trajectory.png
  [Sim]  robot_66_seed9556  steps=4184  fwd=+0.159m  lat=+2.389m  drift=14.98
    [EKF] drift=14.98 > 0.3, trying online correction … Not connected to PVD
+++ Using GPU PhysX
Physics Engine: PhysX
Physics Device: cuda:0
GPU Pipeline: disabled
✓ improved: drift=0.06
  [Plot] Saved → /data/code/yjh/Adaptation/batch_results/20260623_125539/robot_66_seed9556/trajectory.png
  [Sim]  robot_67_seed5371  steps=7560  fwd=-0.894m  lat=-1.038m  drift=1.16
    [EKF] drift=1.16 > 0.3, trying online correction … Not connected to PVD
+++ Using GPU PhysX
Physics Engine: PhysX
Physics Device: cuda:0
GPU Pipeline: disabled
✓ improved: drift=0.10
  [Plot] Saved → /data/code/yjh/Adaptation/batch_results/20260623_125539/robot_67_seed5371/trajectory.png
  [Sim]  robot_68_seed7308  steps=7560  fwd=+0.883m  lat=-0.186m  drift=0.21
  [Plot] Saved → /data/code/yjh/Adaptation/batch_results/20260623_125539/robot_68_seed7308/trajectory.png
  [Sim]  robot_69_seed7483  steps=4867  fwd=-2.542m  lat=+2.674m  drift=1.05
    [EKF] drift=1.05 > 0.3, trying online correction … Not connected to PVD
+++ Using GPU PhysX
Physics Engine: PhysX
Physics Device: cuda:0
GPU Pipeline: disabled
✓ improved: drift=0.03
  [Plot] Saved → /data/code/yjh/Adaptation/batch_results/20260623_125539/robot_69_seed7483/trajectory.png
  [Sim]  robot_70_seed4964  steps=7560  fwd=+1.419m  lat=+2.334m  drift=1.64
    [EKF] drift=1.64 > 0.3, trying online correction … Not connected to PVD
+++ Using GPU PhysX
Physics Engine: PhysX
Physics Device: cuda:0
GPU Pipeline: disabled
✓ improved: drift=0.91
  [Plot] Saved → /data/code/yjh/Adaptation/batch_results/20260623_125539/robot_70_seed4964/trajectory.png

  [Sub-batch 8/46] robots 56–63
Not connected to PVD
+++ Using GPU PhysX
Physics Engine: PhysX
Physics Device: cuda:0
GPU Pipeline: disabled
[Warning] [carb.gym.plugin] Incomplete articulation end index in function setRigidBodyStates
[Warning] [carb.gym.plugin] Incomplete articulation start index in function setRigidBodyStates
[Warning] [carb.gym.plugin] Incomplete articulation end index in function setRigidBodyStates
[Warning] [carb.gym.plugin] Incomplete articulation start index in function setRigidBodyStates
[Warning] [carb.gym.plugin] Incomplete articulation end index in function setRigidBodyStates
[Warning] [carb.gym.plugin] Incomplete articulation start index in function setRigidBodyStates
[Warning] [carb.gym.plugin] Incomplete articulation end index in function setRigidBodyStates
[Warning] [carb.gym.plugin] Incomplete articulation start index in function setRigidBodyStates
[Warning] [carb.gym.plugin] Incomplete articulation end index in function setRigidBodyStates
[Warning] [carb.gym.plugin] Incomplete articulation start index in function setRigidBodyStates
[Warning] [carb.gym.plugin] Incomplete articulation end index in function setRigidBodyStates
[Warning] [carb.gym.plugin] Incomplete articulation start index in function setRigidBodyStates
[Warning] [carb.gym.plugin] Incomplete articulation end index in function setRigidBodyStates
[Warning] [carb.gym.plugin] Incomplete articulation start index in function setRigidBodyStates
[Warning] [carb.gym.plugin] Incomplete articulation start index in function setRigidBodyStates
[Warning] [carb.gym.plugin] Incomplete articulation end index in function setRigidBodyStates
[Warning] [carb.gym.plugin] Incomplete articulation start index in function setRigidBodyStates
[Warning] [carb.gym.plugin] Incomplete articulation end index in function setRigidBodyStates
[Warning] [carb.gym.plugin] Incomplete articulation start index in function setRigidBodyStates
[Warning] [carb.gym.plugin] Incomplete articulation end index in function setRigidBodyStates
[Warning] [carb.gym.plugin] Incomplete articulation start index in function setRigidBodyStates
[Warning] [carb.gym.plugin] Incomplete articulation end index in function setRigidBodyStates
[Warning] [carb.gym.plugin] Incomplete articulation start index in function setRigidBodyStates
[Warning] [carb.gym.plugin] Incomplete articulation end index in function setRigidBodyStates
[Warning] [carb.gym.plugin] Incomplete articulation start index in function setRigidBodyStates
[Warning] [carb.gym.plugin] Incomplete articulation end index in function setRigidBodyStates
[Warning] [carb.gym.plugin] Incomplete articulation start index in function setRigidBodyStates
[Warning] [carb.gym.plugin] Incomplete articulation end index in function setRigidBodyStates
[Warning] [carb.gym.plugin] Incomplete articulation start index in function setRigidBodyStates
[Warning] [carb.gym.plugin] Incomplete articulation end index in function setRigidBodyStates
[Warning] [carb.gym.plugin] Incomplete articulation start index in function setRigidBodyStates
[Warning] [carb.gym.plugin] Incomplete articulation end index in function setRigidBodyStates
[Warning] [carb.gym.plugin] Incomplete articulation start index in function setRigidBodyStates
[Warning] [carb.gym.plugin] Incomplete articulation end index in function setRigidBodyStates
[Warning] [carb.gym.plugin] Incomplete articulation start index in function setRigidBodyStates
[Warning] [carb.gym.plugin] Incomplete articulation end index in function setRigidBodyStates
[Warning] [carb.gym.plugin] Incomplete articulation start index in function setRigidBodyStates
[Warning] [carb.gym.plugin] Incomplete articulation end index in function setRigidBodyStates
[Warning] [carb.gym.plugin] Incomplete articulation end index in function setRigidBodyStates
[Warning] [carb.gym.plugin] Incomplete articulation start index in function setRigidBodyStates
[Warning] [carb.gym.plugin] Incomplete articulation end index in function setRigidBodyStates
[Warning] [carb.gym.plugin] Incomplete articulation start index in function setRigidBodyStates
[Warning] [carb.gym.plugin] Incomplete articulation end index in function setRigidBodyStates
[Warning] [carb.gym.plugin] Incomplete articulation staImporting module 'gym_38' (/data/code/yjh/isaacgym/python/isaacgym/_bindings/linux-x86_64/gym_38.so)
Setting GYM_USD_PLUG_INFO_PATH to /data/code/yjh/isaacgym/python/isaacgym/_bindings/linux-x86_64/usd/plugInfo.json
    [robot_73_seed7707] P1 yaw=-0.099  fwd=+0.0815  score=0.0519  → OK
    [robot_74_seed3723] P1 yaw=-0.018  fwd=-0.0048  score=-0.0102[YawComp] net_yaw_nominal=0.6747  λ=0.8555  max_adj=0.408
  → stuck, trying [0.889, 0.457]
    [robot_75_seed1591] P1 yaw=+0.020  fwd=-0.0354  score=-0.0414[YawComp] net_yaw_nominal=-0.2648  λ=-0.1351  max_adj=0.075
  → stuck, trying [0.718, -0.696]
    [robot_76_seed7696] P1 yaw=-0.011  fwd=-0.0390  score=-0.0424[YawComp] net_yaw_nominal=0.3309  λ=0.5665  max_adj=0.228
  → stuck, trying [0.999, -0.053]
    [robot_77_seed7662] P1 yaw=+0.038  fwd=-0.0117  score=-0.0231[Grouping] 标准六足对角三脚架: group_a=[4, 1, 3]  group_b=[0, 5, 2]
[YawComp] net_yaw_nominal=-0.7880  λ=-0.7766  max_adj=0.509
  → stuck, trying [0.34, -0.941]
    [robot_78_seed4555] P1 yaw=+0.087  fwd=-0.0896  score=-0.1156[YawComp] net_yaw_nominal=-0.5893  λ=-0.4550  max_adj=0.229
  → stuck, trying [0.991, -0.131]
    [robot_79_seed1920] P1 yaw=-0.042  fwd=-0.0394  score=-0.0521[YawComp] net_yaw_nominal=1.1124  λ=1.4405  max_adj=0.653
  → stuck, trying [0.987, 0.164]
    [robot_80_seed3834] P1 yaw=-0.043  fwd=+0.0189  score=0.0060  → OK
    [robot_74_seed3723] R2 yaw=-0.028  fwd=-0.0109  score=-0.0195[YawComp] net_yaw_nominal=-0.3134  λ=-0.2172  max_adj=0.109
  → try [-0.457, 0.889]
    [robot_75_seed1591] R2 yaw=-0.031  fwd=-0.0201  score=-0.0293[YawComp] net_yaw_nominal=-0.8961  λ=-0.2956  max_adj=0.179
  → try [-0.696, -0.718]
    [robot_76_seed7696] R2 yaw=+0.012  fwd=-0.0210  score=-0.0246[YawComp] net_yaw_nominal=-0.1937  λ=-0.0356  max_adj=0.027
  → try [-0.053, -0.999]
    [robot_77_seed7662] R2 yaw=+0.012  fwd=-0.0010  score=-0.0046[Grouping] 标准六足对角三脚架: group_a=[4, 1, 3]  group_b=[0, 5, 2]
[YawComp] net_yaw_nominal=-0.2838  λ=-0.1130  max_adj=0.070
  → try [-0.941, -0.34]
    [robot_78_seed4555] R2 yaw=+0.028  fwd=-0.0021  score=-0.0106[YawComp] net_yaw_nominal=-1.3979  λ=-0.3175  max_adj=0.216
  → try [-0.131, -0.991]
    [robot_79_seed1920] R2 yaw=-0.025  fwd=-0.0091  score=-0.0165[YawComp] net_yaw_nominal=-0.3875  λ=-0.1008  max_adj=0.065
  → try [-0.164, 0.987]
    [robot_74_seed3723] R3 yaw=+0.026  fwd=-0.0194  score=-0.0271  → axis [0.457, -0.889]
    [robot_75_seed1591] R3 yaw=-0.016  fwd=-0.0662  score=-0.0709  → axis [0.718, -0.696]
    [robot_76_seed7696] R3 yaw=-0.044  fwd=-0.1170  score=-0.1303  → axis [0.999, -0.053]
    [robot_77_seed7662] R3 yaw=+0.004  fwd=-0.0043  score=-0.0056  → axis [0.34, -0.941]
    [robot_78_seed4555] R3 yaw=+0.031  fwd=-0.0214  score=-0.0308  → axis [0.991, -0.131]
    [robot_79_seed1920] R3 yaw=+0.030  fwd=-0.0156  score=-0.0245  → axis [0.987, 0.164]
rt index in function setRigidBodyStates
[Warning] [carb.gym.plugin] Incomplete articulation end index in function setRigidBodyStates
[Warning] [carb.gym.plugin] Incomplete articulation start index in function setRigidBodyStates
[Warning] [carb.gym.plugin] Incomplete articulation end index in function setRigidBodyStates
[Warning] [carb.gym.plugin] Incomplete articulation start index in function setRigidBodyStates
[Warning] [carb.gym.plugin] Incomplete articulation end index in function setRigidBodyStates
[Warning] [carb.gym.plugin] Incomplete articulation start index in function setRigidBodyStates
[Warning] [carb.gym.plugin] Incomplete articulation end index in function setRigidBodyStates
[Warning] [carb.gym.plugin] Incomplete articulation start index in function setRigidBodyStates
  [Sim]  robot_73_seed7707  steps=7560  fwd=+0.224m  lat=-1.800m  drift=8.04
    [EKF] drift=8.04 > 0.3, trying online correction … Not connected to PVD
+++ Using GPU PhysX
Physics Engine: PhysX
Physics Device: cuda:0
GPU Pipeline: disabled
✓ improved: drift=2.78
  [Plot] Saved → /data/code/yjh/Adaptation/batch_results/20260623_125539/robot_73_seed7707/trajectory.png
  [Sim]  robot_74_seed3723  steps=7560  fwd=-0.288m  lat=+1.167m  drift=4.05
    [EKF] drift=4.05 > 0.3, trying online correction … Not connected to PVD
+++ Using GPU PhysX
Physics Engine: PhysX
Physics Device: cuda:0
GPU Pipeline: disabled
✓ improved: drift=0.12
  [Plot] Saved → /data/code/yjh/Adaptation/batch_results/20260623_125539/robot_74_seed3723/trajectory.png
  [Sim]  robot_75_seed1591  steps=2571  fwd=+1.269m  lat=+2.173m  drift=1.71
    [EKF] drift=1.71 > 0.3, trying online correction … Not connected to PVD
+++ Using GPU PhysX
Physics Engine: PhysX
Physics Device: cuda:0
GPU Pipeline: disabled
✗ not better: drift=1.78
  [Plot] Saved → /data/code/yjh/Adaptation/batch_results/20260623_125539/robot_75_seed1591/trajectory.png
  [Sim]  robot_76_seed7696  steps=7560  fwd=+0.486m  lat=+1.045m  drift=2.15
    [EKF] drift=2.15 > 0.3, trying online correction … Not connected to PVD
+++ Using GPU PhysX
Physics Engine: PhysX
Physics Device: cuda:0
GPU Pipeline: disabled
✗ not better: drift=4.50
  [Plot] Saved → /data/code/yjh/Adaptation/batch_results/20260623_125539/robot_76_seed7696/trajectory.png
  [Sim]  robot_77_seed7662  steps=7560  fwd=+0.309m  lat=+0.955m  drift=3.09
    [EKF] drift=3.09 > 0.3, trying online correction … Not connected to PVD
+++ Using GPU PhysX
Physics Engine: PhysX
Physics Device: cuda:0
GPU Pipeline: disabled
✓ improved: drift=0.16
  [Plot] Saved → /data/code/yjh/Adaptation/batch_results/20260623_125539/robot_77_seed7662/trajectory.png
  [Sim]  robot_78_seed4555  steps=7560  fwd=-0.901m  lat=-0.632m  drift=0.70
    [EKF] drift=0.70 > 0.3, trying online correction … Not connected to PVD
+++ Using GPU PhysX
Physics Engine: PhysX
Physics Device: cuda:0
GPU Pipeline: disabled
✗ not better: drift=6.37
  [Plot] Saved → /data/code/yjh/Adaptation/batch_results/20260623_125539/robot_78_seed4555/trajectory.png
  [Sim]  robot_79_seed1920  steps=7560  fwd=+2.132m  lat=-0.180m  drift=0.08
  [Plot] Saved → /data/code/yjh/Adaptation/batch_results/20260623_125539/robot_79_seed1920/trajectory.png
  [Sim]  robot_80_seed3834  steps=7560  fwd=-0.028m  lat=+0.071m  drift=2.58
    [EKF] drift=2.58 > 0.3, trying online correction … Not connected to PVD
+++ Using GPU PhysX
Physics Engine: PhysX
Physics Device: cuda:0
GPU Pipeline: disabled
✓ improved: drift=0.93
  [Plot] Saved → /data/code/yjh/Adaptation/batch_results/20260623_125539/robot_80_seed3834/trajectory.png

  [Sub-batch 9/46] robots 64–71
Not connected to PVD
+++ Using GPU PhysX
PxgCudaDeviceMemoryAllocator fail to allocate memory 67108864 bytes!! Result = 2
PxgCudaDeviceMemoryAllocator fail to allocate memory 67108864 bytes!! Result = 2
PxgCudaDeviceMemoryAllocator fail to allocate memory 67108864 bytes!! Result = 2
Physics Engine: PhysX
Physics Device: cuda:0
GPU Pipeline: disabled
  [IsolatedBatch] WARNING: worker exited -11, no results file; using fallback
  [Sim]  robot_85_seed8560  steps=0  fwd=+0.000m  lat=+0.000m  drift=0.00
  [Plot] Saved → /data/code/yjh/Adaptation/batch_results/20260623_125539/robot_85_seed8560/trajectory.png
  [Sim]  robot_86_seed2534  steps=0  fwd=+0.000m  lat=+0.000m  drift=0.00
  [Plot] Saved → /data/code/yjh/Adaptation/batch_results/20260623_125539/robot_86_seed2534/trajectory.png
  [Sim]  robot_88_seed6686  steps=0  fwd=+0.000m  lat=+0.000m  drift=0.00
  [Plot] Saved → /data/code/yjh/Adaptation/batch_results/20260623_125539/robot_88_seed6686/trajectory.png
  [Sim]  robot_89_seed819  steps=0  fwd=+0.000m  lat=+0.000m  drift=0.00
  [Plot] Saved → /data/code/yjh/Adaptation/batch_results/20260623_125539/robot_89_seed819/trajectory.png
  [Sim]  robot_91_seed7246  steps=0  fwd=+0.000m  lat=+0.000m  drift=0.00
  [Plot] Saved → /data/code/yjh/Adaptation/batch_results/20260623_125539/robot_91_seed7246/trajectory.png
  [Sim]  robot_92_seed2404  steps=0  fwd=+0.000m  lat=+0.000m  drift=0.00
  [Plot] Saved → /data/code/yjh/Adaptation/batch_results/20260623_125539/robot_92_seed2404/trajectory.png
  [Sim]  robot_96_seed9748  steps=0  fwd=+0.000m  lat=+0.000m  drift=0.00
  [Plot] Saved → /data/code/yjh/Adaptation/batch_results/20260623_125539/robot_96_seed9748/trajectory.png
  [Sim]  robot_97_seed9158  steps=0  fwd=+0.000m  lat=+0.000m  drift=0.00
  [Plot] Saved → /data/code/yjh/Adaptation/batch_results/20260623_125539/robot_97_seed9158/trajectory.png

  [Sub-batch 10/46] robots 72–79
Not connected to PVD
+++ Using GPU PhysX
PxgCudaDeviceMemoryAllocator fail to allocate memory 67108864 bytes!! Result = 2
PxgCudaDeviceMemoryAllocator fail to allocate memory 67108864 bytes!! Result = 2
PxgCudaDeviceMemoryAllocator fail to allocate memory 67108864 bytes!! Result = 2
Physics Engine: PhysX
Physics Device: cuda:0
GPU Pipeline: disabled
  [IsolatedBatch] WARNING: worker exited -11, no results file; using fallback
  [Sim]  robot_98_seed8711  steps=0  fwd=+0.000m  lat=+0.000m  drift=0.00
  [Plot] Saved → /data/code/yjh/Adaptation/batch_results/20260623_125539/robot_98_seed8711/trajectory.png
  [Sim]  robot_99_seed1921  steps=0  fwd=+0.000m  lat=+0.000m  drift=0.00
  [Plot] Saved → /data/code/yjh/Adaptation/batch_results/20260623_125539/robot_99_seed1921/trajectory.png
  [Sim]  robot_101_seed3485  steps=0  fwd=+0.000m  lat=+0.000m  drift=0.00
  [Plot] Saved → /data/code/yjh/Adaptation/batch_results/20260623_125539/robot_101_seed3485/trajectory.png
  [Sim]  robot_102_seed1002  steps=0  fwd=+0.000m  lat=+0.000m  drift=0.00
  [Plot] Saved → /data/code/yjh/Adaptation/batch_results/20260623_125539/robot_102_seed1002/trajectory.png
  [Sim]  robot_103_seed8966  steps=0  fwd=+0.000m  lat=+0.000m  drift=0.00
  [Plot] Saved → /data/code/yjh/Adaptation/batch_results/20260623_125539/robot_103_seed8966/trajectory.png
  [Sim]  robot_105_seed2499  steps=0  fwd=+0.000m  lat=+0.000m  drift=0.00
  [Plot] Saved → /data/code/yjh/Adaptation/batch_results/20260623_125539/robot_105_seed2499/trajectory.png
  [Sim]  robot_106_seed9164  steps=0  fwd=+0.000m  lat=+0.000m  drift=0.00
  [Plot] Saved → /data/code/yjh/Adaptation/batch_results/20260623_125539/robot_106_seed9164/trajectory.png
  [Sim]  robot_107_seed9114  steps=0  fwd=+0.000m  lat=+0.000m  drift=0.00
  [Plot] Saved → /data/code/yjh/Adaptation/batch_results/20260623_125539/robot_107_seed9114/trajectory.png

  [Sub-batch 11/46] robots 80–87
Not connected to PVD
+++ Using GPU PhysX
PxgCudaDeviceMemoryAllocator fail to allocate memory 67108864 bytes!! Result = 2
PxgCudaDeviceMemoryAllocator fail to allocate memory 67108864 bytes!! Result = 2
PxgCudaDeviceMemoryAllocator fail to allocate memory 67108864 bytes!! Result = 2
Physics Engine: PhysX
Physics Device: cuda:0
GPU Pipeline: disabled
  [IsolatedBatch] WARNING: worker exited -11, no results file; using fallback
  [Sim]  robot_108_seed6648  steps=0  fwd=+0.000m  lat=+0.000m  drift=0.00
  [Plot] Saved → /data/code/yjh/Adaptation/batch_results/20260623_125539/robot_108_seed6648/trajectory.png
  [Sim]  robot_109_seed9263  steps=0  fwd=+0.000m  lat=+0.000m  drift=0.00
  [Plot] Saved → /data/code/yjh/Adaptation/batch_results/20260623_125539/robot_109_seed9263/trajectory.png
  [Sim]  robot_110_seed5570  steps=0  fwd=+0.000m  lat=+0.000m  drift=0.00
  [Plot] Saved → /data/code/yjh/Adaptation/batch_results/20260623_125539/robot_110_seed5570/trajectory.png
  [Sim]  robot_111_seed736  steps=0  fwd=+0.000m  lat=+0.000m  drift=0.00
  [Plot] Saved → /data/code/yjh/Adaptation/batch_results/20260623_125539/robot_111_seed736/trajectory.png
  [Sim]  robot_113_seed2904  steps=0  fwd=+0.000m  lat=+0.000m  drift=0.00
  [Plot] Saved → /data/code/yjh/Adaptation/batch_results/20260623_125539/robot_113_seed2904/trajectory.png
  [Sim]  robot_114_seed8174  steps=0  fwd=+0.000m  lat=+0.000m  drift=0.00
  [Plot] Saved → /data/code/yjh/Adaptation/batch_results/20260623_125539/robot_114_seed8174/trajectory.png
  [Sim]  robot_115_seed4579  steps=0  fwd=+0.000m  lat=+0.000m  drift=0.00
  [Plot] Saved → /data/code/yjh/Adaptation/batch_results/20260623_125539/robot_115_seed4579/trajectory.png
  [Sim]  robot_116_seed752  steps=0  fwd=+0.000m  lat=+0.000m  drift=0.00
  [Plot] Saved → /data/code/yjh/Adaptation/batch_results/20260623_125539/robot_116_seed752/trajectory.png

  [Sub-batch 12/46] robots 88–95
Not connected to PVD
+++ Using GPU PhysX
PxgCudaDeviceMemoryAllocator fail to allocate memory 67108864 bytes!! Result = 2
PxgCudaDeviceMemoryAllocator fail to allocate memory 67108864 bytes!! Result = 2
PxgCudaDeviceMemoryAllocator fail to allocate memory 67108864 bytes!! Result = 2
Physics Engine: PhysX
Physics Device: cuda:0
GPU Pipeline: disabled
  [IsolatedBatch] WARNING: worker exited -11, no results file; using fallback
  [Sim]  robot_117_seed6595  steps=0  fwd=+0.000m  lat=+0.000m  drift=0.00
  [Plot] Saved → /data/code/yjh/Adaptation/batch_results/20260623_125539/robot_117_seed6595/trajectory.png
  [Sim]  robot_118_seed757  steps=0  fwd=+0.000m  lat=+0.000m  drift=0.00
  [Plot] Saved → /data/code/yjh/Adaptation/batch_results/20260623_125539/robot_118_seed757/trajectory.png
  [Sim]  robot_119_seed5386  steps=0  fwd=+0.000m  lat=+0.000m  drift=0.00
  [Plot] Saved → /data/code/yjh/Adaptation/batch_results/20260623_125539/robot_119_seed5386/trajectory.png
  [Sim]  robot_120_seed9826  steps=0  fwd=+0.000m  lat=+0.000m  drift=0.00
  [Plot] Saved → /data/code/yjh/Adaptation/batch_results/20260623_125539/robot_120_seed9826/trajectory.png
  [Sim]  robot_121_seed821  steps=0  fwd=+0.000m  lat=+0.000m  drift=0.00
  [Plot] Saved → /data/code/yjh/Adaptation/batch_results/20260623_125539/robot_121_seed821/trajectory.png
  [Sim]  robot_122_seed5759  steps=0  fwd=+0.000m  lat=+0.000m  drift=0.00
  [Plot] Saved → /data/code/yjh/Adaptation/batch_results/20260623_125539/robot_122_seed5759/trajectory.png
  [Sim]  robot_125_seed8919  steps=0  fwd=+0.000m  lat=+0.000m  drift=0.00
  [Plot] Saved → /data/code/yjh/Adaptation/batch_results/20260623_125539/robot_125_seed8919/trajectory.png
  [Sim]  robot_126_seed3878  steps=0  fwd=+0.000m  lat=+0.000m  drift=0.00
  [Plot] Saved → /data/code/yjh/Adaptation/batch_results/20260623_125539/robot_126_seed3878/trajectory.png

  [Sub-batch 13/46] robots 96–103
Not connected to PVD
+++ Using GPU PhysX
/buildAgent/work/99bede84aa0a52c2/source/cudamanager/src/CudaKernelWrangler.cpp (90) : internal error : Failed to load CUDA module data.

Physics Engine: PhysX
Physics Device: cuda:0
GPU Pipeline: disabled
  [IsolatedBatch] WARNING: worker exited -11, no results file; using fallback
  [Sim]  robot_127_seed7118  steps=0  fwd=+0.000m  lat=+0.000m  drift=0.00
  [Plot] Saved → /data/code/yjh/Adaptation/batch_results/20260623_125539/robot_127_seed7118/trajectory.png
  [Sim]  robot_129_seed5905  steps=0  fwd=+0.000m  lat=+0.000m  drift=0.00
  [Plot] Saved → /data/code/yjh/Adaptation/batch_results/20260623_125539/robot_129_seed5905/trajectory.png
  [Sim]  robot_131_seed2278  steps=0  fwd=+0.000m  lat=+0.000m  drift=0.00
  [Plot] Saved → /data/code/yjh/Adaptation/batch_results/20260623_125539/robot_131_seed2278/trajectory.png
  [Sim]  robot_132_seed9364  steps=0  fwd=+0.000m  lat=+0.000m  drift=0.00
  [Plot] Saved → /data/code/yjh/Adaptation/batch_results/20260623_125539/robot_132_seed9364/trajectory.png
  [Sim]  robot_133_seed3507  steps=0  fwd=+0.000m  lat=+0.000m  drift=0.00
  [Plot] Saved → /data/code/yjh/Adaptation/batch_results/20260623_125539/robot_133_seed3507/trajectory.png
  [Sim]  robot_134_seed705  steps=0  fwd=+0.000m  lat=+0.000m  drift=0.00
  [Plot] Saved → /data/code/yjh/Adaptation/batch_results/20260623_125539/robot_134_seed705/trajectory.png
  [Sim]  robot_135_seed6810  steps=0  fwd=+0.000m  lat=+0.000m  drift=0.00
  [Plot] Saved → /data/code/yjh/Adaptation/batch_results/20260623_125539/robot_135_seed6810/trajectory.png
  [Sim]  robot_136_seed3979  steps=0  fwd=+0.000m  lat=+0.000m  drift=0.00
  [Plot] Saved → /data/code/yjh/Adaptation/batch_results/20260623_125539/robot_136_seed3979/trajectory.png

  [Sub-batch 14/46] robots 104–111
Not connected to PVD
+++ Using GPU PhysX
/buildAgent/work/99bede84aa0a52c2/source/cudamanager/src/CudaKernelWrangler.cpp (90) : internal error : Failed to load CUDA module data.

Physics Engine: PhysX
Physics Device: cuda:0
GPU Pipeline: disabled
  [IsolatedBatch] WARNING: worker exited -11, no results file; using fallback
  [Sim]  robot_142_seed8067  steps=0  fwd=+0.000m  lat=+0.000m  drift=0.00
  [Plot] Saved → /data/code/yjh/Adaptation/batch_results/20260623_125539/robot_142_seed8067/trajectory.png
  [Sim]  robot_143_seed1589  steps=0  fwd=+0.000m  lat=+0.000m  drift=0.00
  [Plot] Saved → /data/code/yjh/Adaptation/batch_results/20260623_125539/robot_143_seed1589/trajectory.png
  [Sim]  robot_144_seed5919  steps=0  fwd=+0.000m  lat=+0.000m  drift=0.00
  [Plot] Saved → /data/code/yjh/Adaptation/batch_results/20260623_125539/robot_144_seed5919/trajectory.png
  [Sim]  robot_147_seed6462  steps=0  fwd=+0.000m  lat=+0.000m  drift=0.00
  [Plot] Saved → /data/code/yjh/Adaptation/batch_results/20260623_125539/robot_147_seed6462/trajectory.png
  [Sim]  robot_148_seed166  steps=0  fwd=+0.000m  lat=+0.000m  drift=0.00
  [Plot] Saved → /data/code/yjh/Adaptation/batch_results/20260623_125539/robot_148_seed166/trajectory.png
  [Sim]  robot_149_seed1813  steps=0  fwd=+0.000m  lat=+0.000m  drift=0.00
  [Plot] Saved → /data/code/yjh/Adaptation/batch_results/20260623_125539/robot_149_seed1813/trajectory.png
  [Sim]  robot_152_seed8771  steps=0  fwd=+0.000m  lat=+0.000m  drift=0.00
  [Plot] Saved → /data/code/yjh/Adaptation/batch_results/20260623_125539/robot_152_seed8771/trajectory.png
  [Sim]  robot_153_seed6747  steps=0  fwd=+0.000m  lat=+0.000m  drift=0.00
  [Plot] Saved → /data/code/yjh/Adaptation/batch_results/20260623_125539/robot_153_seed6747/trajectory.png

  [Sub-batch 15/46] robots 112–119
Not connected to PVD
+++ Using GPU PhysX
/buildAgent/work/99bede84aa0a52c2/source/cudamanager/src/CudaKernelWrangler.cpp (90) : internal error : Failed to load CUDA module data.

Physics Engine: PhysX
Physics Device: cuda:0
GPU Pipeline: disabled
  [IsolatedBatch] WARNING: worker exited -11, no results file; using fallback
  [Sim]  robot_154_seed8031  steps=0  fwd=+0.000m  lat=+0.000m  drift=0.00
  [Plot] Saved → /data/code/yjh/Adaptation/batch_results/20260623_125539/robot_154_seed8031/trajectory.png
  [Sim]  robot_155_seed4778  steps=0  fwd=+0.000m  lat=+0.000m  drift=0.00
  [Plot] Saved → /data/code/yjh/Adaptation/batch_results/20260623_125539/robot_155_seed4778/trajectory.png
  [Sim]  robot_156_seed1092  steps=0  fwd=+0.000m  lat=+0.000m  drift=0.00
  [Plot] Saved → /data/code/yjh/Adaptation/batch_results/20260623_125539/robot_156_seed1092/trajectory.png
  [Sim]  robot_159_seed645  steps=0  fwd=+0.000m  lat=+0.000m  drift=0.00
  [Plot] Saved → /data/code/yjh/Adaptation/batch_results/20260623_125539/robot_159_seed645/trajectory.png
  [Sim]  robot_160_seed9297  steps=0  fwd=+0.000m  lat=+0.000m  drift=0.00
  [Plot] Saved → /data/code/yjh/Adaptation/batch_results/20260623_125539/robot_160_seed9297/trajectory.png
  [Sim]  robot_161_seed9800  steps=0  fwd=+0.000m  lat=+0.000m  drift=0.00
  [Plot] Saved → /data/code/yjh/Adaptation/batch_results/20260623_125539/robot_161_seed9800/trajectory.png
  [Sim]  robot_163_seed9148  steps=0  fwd=+0.000m  lat=+0.000m  drift=0.00
  [Plot] Saved → /data/code/yjh/Adaptation/batch_results/20260623_125539/robot_163_seed9148/trajectory.png
  [Sim]  robot_165_seed6903  steps=0  fwd=+0.000m  lat=+0.000m  drift=0.00
  [Plot] Saved → /data/code/yjh/Adaptation/batch_results/20260623_125539/robot_165_seed6903/trajectory.png

  [Sub-batch 16/46] robots 120–127
[Error] [carb.gym.plugin] Gym cuda error: out of memory: ../../../source/plugins/carb/gym/impl/Gym/GymCuda.h: 110
[Error] [carb.gym.plugin] Failed to create primary CUDA context
Not connected to PVD
/buildAgent/work/99bede84aa0a52c2/source/cudamanager/src/CudaContextManager.cpp (533) : warning : CUDA context validation failed

[Warning] [carb.gym.plugin] Failed to create a valid PhysX CUDA Context Manager. Falling back to CPU.
Physics Engine: PhysX
Physics Device: cpu
GPU Pipeline: disabled
[Error] [carb.gym.plugin] Gym cuda error: out of memory: ../../../source/plugins/carb/gym/impl/Gym/GymCuda.h: 110
[Error] [carb.gym.plugin] Failed to create primary CUDA context
[Warning] [carb.gym.plugin] Failed to create primary CUDA context on graphics device
  [IsolatedBatch] WARNING: worker exited -11, no results file; using fallback
  [Sim]  robot_166_seed6567  steps=0  fwd=+0.000m  lat=+0.000m  drift=0.00
  [Plot] Saved → /data/code/yjh/Adaptation/batch_results/20260623_125539/robot_166_seed6567/trajectory.png
  [Sim]  robot_167_seed5597  steps=0  fwd=+0.000m  lat=+0.000m  drift=0.00
  [Plot] Saved → /data/code/yjh/Adaptation/batch_results/20260623_125539/robot_167_seed5597/trajectory.png
  [Sim]  robot_168_seed5491  steps=0  fwd=+0.000m  lat=+0.000m  drift=0.00
  [Plot] Saved → /data/code/yjh/Adaptation/batch_results/20260623_125539/robot_168_seed5491/trajectory.png
  [Sim]  robot_169_seed7563  steps=0  fwd=+0.000m  lat=+0.000m  drift=0.00
  [Plot] Saved → /data/code/yjh/Adaptation/batch_results/20260623_125539/robot_169_seed7563/trajectory.png
  [Sim]  robot_170_seed4086  steps=0  fwd=+0.000m  lat=+0.000m  drift=0.00
  [Plot] Saved → /data/code/yjh/Adaptation/batch_results/20260623_125539/robot_170_seed4086/trajectory.png
  [Sim]  robot_171_seed9478  steps=0  fwd=+0.000m  lat=+0.000m  drift=0.00
  [Plot] Saved → /data/code/yjh/Adaptation/batch_results/20260623_125539/robot_171_seed9478/trajectory.png
  [Sim]  robot_173_seed9042  steps=0  fwd=+0.000m  lat=+0.000m  drift=0.00
  [Plot] Saved → /data/code/yjh/Adaptation/batch_results/20260623_125539/robot_173_seed9042/trajectory.png
  [Sim]  robot_174_seed2895  steps=0  fwd=+0.000m  lat=+0.000m  drift=0.00
  [Plot] Saved → /data/code/yjh/Adaptation/batch_results/20260623_125539/robot_174_seed2895/trajectory.png

  [Sub-batch 17/46] robots 128–135
[Error] [carb.gym.plugin] Gym cuda error: out of memory: ../../../source/plugins/carb/gym/impl/Gym/GymCuda.h: 110
[Error] [carb.gym.plugin] Failed to create primary CUDA context
Not connected to PVD
/buildAgent/work/99bede84aa0a52c2/source/cudamanager/src/CudaContextManager.cpp (533) : warning : CUDA context validation failed

[Warning] [carb.gym.plugin] Failed to create a valid PhysX CUDA Context Manager. Falling back to CPU.
Physics Engine: PhysX
Physics Device: cpu
GPU Pipeline: disabled
[Error] [carb.gym.plugin] Gym cuda error: out of memory: ../../../source/plugins/carb/gym/impl/Gym/GymCuda.h: 110
[Error] [carb.gym.plugin] Failed to create primary CUDA context
[Warning] [carb.gym.plugin] Failed to create primary CUDA context on graphics device
  [IsolatedBatch] WARNING: worker exited -11, no results file; using fallback
  [Sim]  robot_175_seed9193  steps=0  fwd=+0.000m  lat=+0.000m  drift=0.00
  [Plot] Saved → /data/code/yjh/Adaptation/batch_results/20260623_125539/robot_175_seed9193/trajectory.png
  [Sim]  robot_176_seed506  steps=0  fwd=+0.000m  lat=+0.000m  drift=0.00
  [Plot] Saved → /data/code/yjh/Adaptation/batch_results/20260623_125539/robot_176_seed506/trajectory.png
  [Sim]  robot_177_seed1558  steps=0  fwd=+0.000m  lat=+0.000m  drift=0.00
  [Plot] Saved → /data/code/yjh/Adaptation/batch_results/20260623_125539/robot_177_seed1558/trajectory.png
  [Sim]  robot_178_seed2783  steps=0  fwd=+0.000m  lat=+0.000m  drift=0.00
  [Plot] Saved → /data/code/yjh/Adaptation/batch_results/20260623_125539/robot_178_seed2783/trajectory.png
  [Sim]  robot_179_seed3410  steps=0  fwd=+0.000m  lat=+0.000m  drift=0.00
  [Plot] Saved → /data/code/yjh/Adaptation/batch_results/20260623_125539/robot_179_seed3410/trajectory.png
  [Sim]  robot_181_seed6671  steps=0  fwd=+0.000m  lat=+0.000m  drift=0.00
  [Plot] Saved → /data/code/yjh/Adaptation/batch_results/20260623_125539/robot_181_seed6671/trajectory.png
  [Sim]  robot_182_seed4963  steps=0  fwd=+0.000m  lat=+0.000m  drift=0.00
  [Plot] Saved → /data/code/yjh/Adaptation/batch_results/20260623_125539/robot_182_seed4963/trajectory.png
  [Sim]  robot_183_seed1233  steps=0  fwd=+0.000m  lat=+0.000m  drift=0.00
  [Plot] Saved → /data/code/yjh/Adaptation/batch_results/20260623_125539/robot_183_seed1233/trajectory.png

  [Sub-batch 18/46] robots 136–143
[Error] [carb.gym.plugin] Gym cuda error: out of memory: ../../../source/plugins/carb/gym/impl/Gym/GymCuda.h: 110
[Error] [carb.gym.plugin] Failed to create primary CUDA context
Not connected to PVD
/buildAgent/work/99bede84aa0a52c2/source/cudamanager/src/CudaContextManager.cpp (533) : warning : CUDA context validation failed

[Warning] [carb.gym.plugin] Failed to create a valid PhysX CUDA Context Manager. Falling back to CPU.
Physics Engine: PhysX
Physics Device: cpu
GPU Pipeline: disabled
[Error] [carb.gym.plugin] Gym cuda error: out of memory: ../../../source/plugins/carb/gym/impl/Gym/GymCuda.h: 110
[Error] [carb.gym.plugin] Failed to create primary CUDA context
[Warning] [carb.gym.plugin] Failed to create primary CUDA context on graphics device
  [IsolatedBatch] WARNING: worker exited -11, no results file; using fallback
  [Sim]  robot_184_seed4086  steps=0  fwd=+0.000m  lat=+0.000m  drift=0.00
  [Plot] Saved → /data/code/yjh/Adaptation/batch_results/20260623_125539/robot_184_seed4086/trajectory.png
  [Sim]  robot_185_seed9442  steps=0  fwd=+0.000m  lat=+0.000m  drift=0.00
  [Plot] Saved → /data/code/yjh/Adaptation/batch_results/20260623_125539/robot_185_seed9442/trajectory.png
  [Sim]  robot_186_seed3813  steps=0  fwd=+0.000m  lat=+0.000m  drift=0.00
  [Plot] Saved → /data/code/yjh/Adaptation/batch_results/20260623_125539/robot_186_seed3813/trajectory.png
  [Sim]  robot_187_seed9857  steps=0  fwd=+0.000m  lat=+0.000m  drift=0.00
  [Plot] Saved → /data/code/yjh/Adaptation/batch_results/20260623_125539/robot_187_seed9857/trajectory.png
  [Sim]  robot_188_seed5262  steps=0  fwd=+0.000m  lat=+0.000m  drift=0.00
  [Plot] Saved → /data/code/yjh/Adaptation/batch_results/20260623_125539/robot_188_seed5262/trajectory.png
  [Sim]  robot_189_seed654  steps=0  fwd=+0.000m  lat=+0.000m  drift=0.00
  [Plot] Saved → /data/code/yjh/Adaptation/batch_results/20260623_125539/robot_189_seed654/trajectory.png
  [Sim]  robot_190_seed1922  steps=0  fwd=+0.000m  lat=+0.000m  drift=0.00
  [Plot] Saved → /data/code/yjh/Adaptation/batch_results/20260623_125539/robot_190_seed1922/trajectory.png
  [Sim]  robot_192_seed7258  steps=0  fwd=+0.000m  lat=+0.000m  drift=0.00
  [Plot] Saved → /data/code/yjh/Adaptation/batch_results/20260623_125539/robot_192_seed7258/trajectory.png

  [Sub-batch 19/46] robots 144–151
[Error] [carb.gym.plugin] Gym cuda error: out of memory: ../../../source/plugins/carb/gym/impl/Gym/GymCuda.h: 110
[Error] [carb.gym.plugin] Failed to create primary CUDA context
Not connected to PVD
/buildAgent/work/99bede84aa0a52c2/source/cudamanager/src/CudaContextManager.cpp (533) : warning : CUDA context validation failed

[Warning] [carb.gym.plugin] Failed to create a valid PhysX CUDA Context Manager. Falling back to CPU.
Physics Engine: PhysX
Physics Device: cpu
GPU Pipeline: disabled
[Error] [carb.gym.plugin] Gym cuda error: out of memory: ../../../source/plugins/carb/gym/impl/Gym/GymCuda.h: 110
[Error] [carb.gym.plugin] Failed to create primary CUDA context
[Warning] [carb.gym.plugin] Failed to create primary CUDA context on graphics device
  [IsolatedBatch] WARNING: worker exited -11, no results file; using fallback
  [Sim]  robot_193_seed3557  steps=0  fwd=+0.000m  lat=+0.000m  drift=0.00
  [Plot] Saved → /data/code/yjh/Adaptation/batch_results/20260623_125539/robot_193_seed3557/trajectory.png
  [Sim]  robot_194_seed9858  steps=0  fwd=+0.000m  lat=+0.000m  drift=0.00
  [Plot] Saved → /data/code/yjh/Adaptation/batch_results/20260623_125539/robot_194_seed9858/trajectory.png
  [Sim]  robot_195_seed6594  steps=0  fwd=+0.000m  lat=+0.000m  drift=0.00
  [Plot] Saved → /data/code/yjh/Adaptation/batch_results/20260623_125539/robot_195_seed6594/trajectory.png
  [Sim]  robot_196_seed4976  steps=0  fwd=+0.000m  lat=+0.000m  drift=0.00
  [Plot] Saved → /data/code/yjh/Adaptation/batch_results/20260623_125539/robot_196_seed4976/trajectory.png
  [Sim]  robot_197_seed8599  steps=0  fwd=+0.000m  lat=+0.000m  drift=0.00
  [Plot] Saved → /data/code/yjh/Adaptation/batch_results/20260623_125539/robot_197_seed8599/trajectory.png
  [Sim]  robot_198_seed2888  steps=0  fwd=+0.000m  lat=+0.000m  drift=0.00
  [Plot] Saved → /data/code/yjh/Adaptation/batch_results/20260623_125539/robot_198_seed2888/trajectory.png
  [Sim]  robot_200_seed3974  steps=0  fwd=+0.000m  lat=+0.000m  drift=0.00
  [Plot] Saved → /data/code/yjh/Adaptation/batch_results/20260623_125539/robot_200_seed3974/trajectory.png
  [Sim]  robot_201_seed5818  steps=0  fwd=+0.000m  lat=+0.000m  drift=0.00
  [Plot] Saved → /data/code/yjh/Adaptation/batch_results/20260623_125539/robot_201_seed5818/trajectory.png

  [Sub-batch 20/46] robots 152–159
[Error] [carb.gym.plugin] Gym cuda error: out of memory: ../../../source/plugins/carb/gym/impl/Gym/GymCuda.h: 110
[Error] [carb.gym.plugin] Failed to create primary CUDA context
Not connected to PVD
/buildAgent/work/99bede84aa0a52c2/source/cudamanager/src/CudaContextManager.cpp (533) : warning : CUDA context validation failed

[Warning] [carb.gym.plugin] Failed to create a valid PhysX CUDA Context Manager. Falling back to CPU.
Physics Engine: PhysX
Physics Device: cpu
GPU Pipeline: disabled
[Error] [carb.gym.plugin] Gym cuda error: out of memory: ../../../source/plugins/carb/gym/impl/Gym/GymCuda.h: 110
[Error] [carb.gym.plugin] Failed to create primary CUDA context
[Warning] [carb.gym.plugin] Failed to create primary CUDA context on graphics device
  [IsolatedBatch] WARNING: worker exited -11, no results file; using fallback
  [Sim]  robot_202_seed2784  steps=0  fwd=+0.000m  lat=+0.000m  drift=0.00
  [Plot] Saved → /data/code/yjh/Adaptation/batch_results/20260623_125539/robot_202_seed2784/trajectory.png
  [Sim]  robot_203_seed6615  steps=0  fwd=+0.000m  lat=+0.000m  drift=0.00
  [Plot] Saved → /data/code/yjh/Adaptation/batch_results/20260623_125539/robot_203_seed6615/trajectory.png
  [Sim]  robot_204_seed5089  steps=0  fwd=+0.000m  lat=+0.000m  drift=0.00
  [Plot] Saved → /data/code/yjh/Adaptation/batch_results/20260623_125539/robot_204_seed5089/trajectory.png
  [Sim]  robot_206_seed6298  steps=0  fwd=+0.000m  lat=+0.000m  drift=0.00
  [Plot] Saved → /data/code/yjh/Adaptation/batch_results/20260623_125539/robot_206_seed6298/trajectory.png
  [Sim]  robot_208_seed7357  steps=0  fwd=+0.000m  lat=+0.000m  drift=0.00
  [Plot] Saved → /data/code/yjh/Adaptation/batch_results/20260623_125539/robot_208_seed7357/trajectory.png
  [Sim]  robot_209_seed1169  steps=0  fwd=+0.000m  lat=+0.000m  drift=0.00
  [Plot] Saved → /data/code/yjh/Adaptation/batch_results/20260623_125539/robot_209_seed1169/trajectory.png
  [Sim]  robot_210_seed8703  steps=0  fwd=+0.000m  lat=+0.000m  drift=0.00
  [Plot] Saved → /data/code/yjh/Adaptation/batch_results/20260623_125539/robot_210_seed8703/trajectory.png
  [Sim]  robot_211_seed761  steps=0  fwd=+0.000m  lat=+0.000m  drift=0.00
  [Plot] Saved → /data/code/yjh/Adaptation/batch_results/20260623_125539/robot_211_seed761/trajectory.png

  [Sub-batch 21/46] robots 160–167
[Error] [carb.gym.plugin] Gym cuda error: out of memory: ../../../source/plugins/carb/gym/impl/Gym/GymCuda.h: 110
[Error] [carb.gym.plugin] Failed to create primary CUDA context
Not connected to PVD
/buildAgent/work/99bede84aa0a52c2/source/cudamanager/src/CudaContextManager.cpp (533) : warning : CUDA context validation failed

[Warning] [carb.gym.plugin] Failed to create a valid PhysX CUDA Context Manager. Falling back to CPU.
Physics Engine: PhysX
Physics Device: cpu
GPU Pipeline: disabled
[Error] [carb.gym.plugin] Gym cuda error: out of memory: ../../../source/plugins/carb/gym/impl/Gym/GymCuda.h: 110
[Error] [carb.gym.plugin] Failed to create primary CUDA context
[Warning] [carb.gym.plugin] Failed to create primary CUDA context on graphics device
  [IsolatedBatch] WARNING: worker exited -11, no results file; using fallback
  [Sim]  robot_212_seed2791  steps=0  fwd=+0.000m  lat=+0.000m  drift=0.00
  [Plot] Saved → /data/code/yjh/Adaptation/batch_results/20260623_125539/robot_212_seed2791/trajectory.png
  [Sim]  robot_214_seed2088  steps=0  fwd=+0.000m  lat=+0.000m  drift=0.00
  [Plot] Saved → /data/code/yjh/Adaptation/batch_results/20260623_125539/robot_214_seed2088/trajectory.png
  [Sim]  robot_215_seed1564  steps=0  fwd=+0.000m  lat=+0.000m  drift=0.00
  [Plot] Saved → /data/code/yjh/Adaptation/batch_results/20260623_125539/robot_215_seed1564/trajectory.png
  [Sim]  robot_216_seed2043  steps=0  fwd=+0.000m  lat=+0.000m  drift=0.00
  [Plot] Saved → /data/code/yjh/Adaptation/batch_results/20260623_125539/robot_216_seed2043/trajectory.png
  [Sim]  robot_217_seed715  steps=0  fwd=+0.000m  lat=+0.000m  drift=0.00
  [Plot] Saved → /data/code/yjh/Adaptation/batch_results/20260623_125539/robot_217_seed715/trajectory.png
  [Sim]  robot_218_seed134  steps=0  fwd=+0.000m  lat=+0.000m  drift=0.00
  [Plot] Saved → /data/code/yjh/Adaptation/batch_results/20260623_125539/robot_218_seed134/trajectory.png
  [Sim]  robot_219_seed7742  steps=0  fwd=+0.000m  lat=+0.000m  drift=0.00
  [Plot] Saved → /data/code/yjh/Adaptation/batch_results/20260623_125539/robot_219_seed7742/trajectory.png
  [Sim]  robot_221_seed1796  steps=0  fwd=+0.000m  lat=+0.000m  drift=0.00
  [Plot] Saved → /data/code/yjh/Adaptation/batch_results/20260623_125539/robot_221_seed1796/trajectory.png

  [Sub-batch 22/46] robots 168–175
[Error] [carb.gym.plugin] Gym cuda error: out of memory: ../../../source/plugins/carb/gym/impl/Gym/GymCuda.h: 110
[Error] [carb.gym.plugin] Failed to create primary CUDA context
Not connected to PVD
/buildAgent/work/99bede84aa0a52c2/source/cudamanager/src/CudaContextManager.cpp (533) : warning : CUDA context validation failed

[Warning] [carb.gym.plugin] Failed to create a valid PhysX CUDA Context Manager. Falling back to CPU.
Physics Engine: PhysX
Physics Device: cpu
GPU Pipeline: disabled
[Error] [carb.gym.plugin] Gym cuda error: out of memory: ../../../source/plugins/carb/gym/impl/Gym/GymCuda.h: 110
[Error] [carb.gym.plugin] Failed to create primary CUDA context
[Warning] [carb.gym.plugin] Failed to create primary CUDA context on graphics device
  [IsolatedBatch] WARNING: worker exited -11, no results file; using fallback
  [Sim]  robot_222_seed6553  steps=0  fwd=+0.000m  lat=+0.000m  drift=0.00
  [Plot] Saved → /data/code/yjh/Adaptation/batch_results/20260623_125539/robot_222_seed6553/trajectory.png
  [Sim]  robot_223_seed4236  steps=0  fwd=+0.000m  lat=+0.000m  drift=0.00
  [Plot] Saved → /data/code/yjh/Adaptation/batch_results/20260623_125539/robot_223_seed4236/trajectory.png
  [Sim]  robot_225_seed1818  steps=0  fwd=+0.000m  lat=+0.000m  drift=0.00
  [Plot] Saved → /data/code/yjh/Adaptation/batch_results/20260623_125539/robot_225_seed1818/trajectory.png
  [Sim]  robot_226_seed3623  steps=0  fwd=+0.000m  lat=+0.000m  drift=0.00
  [Plot] Saved → /data/code/yjh/Adaptation/batch_results/20260623_125539/robot_226_seed3623/trajectory.png
  [Sim]  robot_228_seed5661  steps=0  fwd=+0.000m  lat=+0.000m  drift=0.00
  [Plot] Saved → /data/code/yjh/Adaptation/batch_results/20260623_125539/robot_228_seed5661/trajectory.png
  [Sim]  robot_231_seed1353  steps=0  fwd=+0.000m  lat=+0.000m  drift=0.00
  [Plot] Saved → /data/code/yjh/Adaptation/batch_results/20260623_125539/robot_231_seed1353/trajectory.png
  [Sim]  robot_232_seed79  steps=0  fwd=+0.000m  lat=+0.000m  drift=0.00
  [Plot] Saved → /data/code/yjh/Adaptation/batch_results/20260623_125539/robot_232_seed79/trajectory.png
  [Sim]  robot_233_seed8557  steps=0  fwd=+0.000m  lat=+0.000m  drift=0.00
  [Plot] Saved → /data/code/yjh/Adaptation/batch_results/20260623_125539/robot_233_seed8557/trajectory.png

  [Sub-batch 23/46] robots 176–183
[Error] [carb.gym.plugin] Gym cuda error: out of memory: ../../../source/plugins/carb/gym/impl/Gym/GymCuda.h: 110
[Error] [carb.gym.plugin] Failed to create primary CUDA context
Not connected to PVD
/buildAgent/work/99bede84aa0a52c2/source/cudamanager/src/CudaContextManager.cpp (533) : warning : CUDA context validation failed

[Warning] [carb.gym.plugin] Failed to create a valid PhysX CUDA Context Manager. Falling back to CPU.
Physics Engine: PhysX
Physics Device: cpu
GPU Pipeline: disabled
[Error] [carb.gym.plugin] Gym cuda error: out of memory: ../../../source/plugins/carb/gym/impl/Gym/GymCuda.h: 110
[Error] [carb.gym.plugin] Failed to create primary CUDA context
[Warning] [carb.gym.plugin] Failed to create primary CUDA context on graphics device
  [IsolatedBatch] WARNING: worker exited -11, no results file; using fallback
  [Sim]  robot_236_seed5784  steps=0  fwd=+0.000m  lat=+0.000m  drift=0.00
  [Plot] Saved → /data/code/yjh/Adaptation/batch_results/20260623_125539/robot_236_seed5784/trajectory.png
  [Sim]  robot_237_seed5980  steps=0  fwd=+0.000m  lat=+0.000m  drift=0.00
  [Plot] Saved → /data/code/yjh/Adaptation/batch_results/20260623_125539/robot_237_seed5980/trajectory.png
  [Sim]  robot_239_seed8867  steps=0  fwd=+0.000m  lat=+0.000m  drift=0.00
  [Plot] Saved → /data/code/yjh/Adaptation/batch_results/20260623_125539/robot_239_seed8867/trajectory.png
  [Sim]  robot_240_seed7575  steps=0  fwd=+0.000m  lat=+0.000m  drift=0.00
  [Plot] Saved → /data/code/yjh/Adaptation/batch_results/20260623_125539/robot_240_seed7575/trajectory.png
  [Sim]  robot_241_seed775  steps=0  fwd=+0.000m  lat=+0.000m  drift=0.00
  [Plot] Saved → /data/code/yjh/Adaptation/batch_results/20260623_125539/robot_241_seed775/trajectory.png
  [Sim]  robot_242_seed1594  steps=0  fwd=+0.000m  lat=+0.000m  drift=0.00
  [Plot] Saved → /data/code/yjh/Adaptation/batch_results/20260623_125539/robot_242_seed1594/trajectory.png
  [Sim]  robot_244_seed2448  steps=0  fwd=+0.000m  lat=+0.000m  drift=0.00
  [Plot] Saved → /data/code/yjh/Adaptation/batch_results/20260623_125539/robot_244_seed2448/trajectory.png
  [Sim]  robot_245_seed8850  steps=0  fwd=+0.000m  lat=+0.000m  drift=0.00
  [Plot] Saved → /data/code/yjh/Adaptation/batch_results/20260623_125539/robot_245_seed8850/trajectory.png

  [Sub-batch 24/46] robots 184–191
[Error] [carb.gym.plugin] Gym cuda error: out of memory: ../../../source/plugins/carb/gym/impl/Gym/GymCuda.h: 110
[Error] [carb.gym.plugin] Failed to create primary CUDA context
Not connected to PVD
/buildAgent/work/99bede84aa0a52c2/source/cudamanager/src/CudaContextManager.cpp (533) : warning : CUDA context validation failed

[Warning] [carb.gym.plugin] Failed to create a valid PhysX CUDA Context Manager. Falling back to CPU.
Physics Engine: PhysX
Physics Device: cpu
GPU Pipeline: disabled
[Error] [carb.gym.plugin] Gym cuda error: out of memory: ../../../source/plugins/carb/gym/impl/Gym/GymCuda.h: 110
[Error] [carb.gym.plugin] Failed to create primary CUDA context
[Warning] [carb.gym.plugin] Failed to create primary CUDA context on graphics device
  [IsolatedBatch] WARNING: worker exited -11, no results file; using fallback
  [Sim]  robot_246_seed9191  steps=0  fwd=+0.000m  lat=+0.000m  drift=0.00
  [Plot] Saved → /data/code/yjh/Adaptation/batch_results/20260623_125539/robot_246_seed9191/trajectory.png
  [Sim]  robot_247_seed5810  steps=0  fwd=+0.000m  lat=+0.000m  drift=0.00
  [Plot] Saved → /data/code/yjh/Adaptation/batch_results/20260623_125539/robot_247_seed5810/trajectory.png
  [Sim]  robot_248_seed9887  steps=0  fwd=+0.000m  lat=+0.000m  drift=0.00
  [Plot] Saved → /data/code/yjh/Adaptation/batch_results/20260623_125539/robot_248_seed9887/trajectory.png
  [Sim]  robot_249_seed8070  steps=0  fwd=+0.000m  lat=+0.000m  drift=0.00
  [Plot] Saved → /data/code/yjh/Adaptation/batch_results/20260623_125539/robot_249_seed8070/trajectory.png
  [Sim]  robot_251_seed4982  steps=0  fwd=+0.000m  lat=+0.000m  drift=0.00
  [Plot] Saved → /data/code/yjh/Adaptation/batch_results/20260623_125539/robot_251_seed4982/trajectory.png
  [Sim]  robot_252_seed1249  steps=0  fwd=+0.000m  lat=+0.000m  drift=0.00
  [Plot] Saved → /data/code/yjh/Adaptation/batch_results/20260623_125539/robot_252_seed1249/trajectory.png
  [Sim]  robot_254_seed6298  steps=0  fwd=+0.000m  lat=+0.000m  drift=0.00
  [Plot] Saved → /data/code/yjh/Adaptation/batch_results/20260623_125539/robot_254_seed6298/trajectory.png
  [Sim]  robot_256_seed8721  steps=0  fwd=+0.000m  lat=+0.000m  drift=0.00
  [Plot] Saved → /data/code/yjh/Adaptation/batch_results/20260623_125539/robot_256_seed8721/trajectory.png

  [Sub-batch 25/46] robots 192–199
[Error] [carb.gym.plugin] Gym cuda error: out of memory: ../../../source/plugins/carb/gym/impl/Gym/GymCuda.h: 110
[Error] [carb.gym.plugin] Failed to create primary CUDA context
Not connected to PVD
/buildAgent/work/99bede84aa0a52c2/source/cudamanager/src/CudaContextManager.cpp (533) : warning : CUDA context validation failed

[Warning] [carb.gym.plugin] Failed to create a valid PhysX CUDA Context Manager. Falling back to CPU.
Physics Engine: PhysX
Physics Device: cpu
GPU Pipeline: disabled
[Error] [carb.gym.plugin] Gym cuda error: out of memory: ../../../source/plugins/carb/gym/impl/Gym/GymCuda.h: 110
[Error] [carb.gym.plugin] Failed to create primary CUDA context
[Warning] [carb.gym.plugin] Failed to create primary CUDA context on graphics device
  [IsolatedBatch] WARNING: worker exited -11, no results file; using fallback
  [Sim]  robot_257_seed6169  steps=0  fwd=+0.000m  lat=+0.000m  drift=0.00
  [Plot] Saved → /data/code/yjh/Adaptation/batch_results/20260623_125539/robot_257_seed6169/trajectory.png
  [Sim]  robot_258_seed6042  steps=0  fwd=+0.000m  lat=+0.000m  drift=0.00
  [Plot] Saved → /data/code/yjh/Adaptation/batch_results/20260623_125539/robot_258_seed6042/trajectory.png
  [Sim]  robot_259_seed681  steps=0  fwd=+0.000m  lat=+0.000m  drift=0.00
  [Plot] Saved → /data/code/yjh/Adaptation/batch_results/20260623_125539/robot_259_seed681/trajectory.png
  [Sim]  robot_260_seed7855  steps=0  fwd=+0.000m  lat=+0.000m  drift=0.00
  [Plot] Saved → /data/code/yjh/Adaptation/batch_results/20260623_125539/robot_260_seed7855/trajectory.png
  [Sim]  robot_261_seed7308  steps=0  fwd=+0.000m  lat=+0.000m  drift=0.00
  [Plot] Saved → /data/code/yjh/Adaptation/batch_results/20260623_125539/robot_261_seed7308/trajectory.png
  [Sim]  robot_262_seed4431  steps=0  fwd=+0.000m  lat=+0.000m  drift=0.00
  [Plot] Saved → /data/code/yjh/Adaptation/batch_results/20260623_125539/robot_262_seed4431/trajectory.png
  [Sim]  robot_264_seed6806  steps=0  fwd=+0.000m  lat=+0.000m  drift=0.00
  [Plot] Saved → /data/code/yjh/Adaptation/batch_results/20260623_125539/robot_264_seed6806/trajectory.png
  [Sim]  robot_265_seed3814  steps=0  fwd=+0.000m  lat=+0.000m  drift=0.00
  [Plot] Saved → /data/code/yjh/Adaptation/batch_results/20260623_125539/robot_265_seed3814/trajectory.png

  [Sub-batch 26/46] robots 200–207
[Error] [carb.gym.plugin] Gym cuda error: out of memory: ../../../source/plugins/carb/gym/impl/Gym/GymCuda.h: 110
[Error] [carb.gym.plugin] Failed to create primary CUDA context
Not connected to PVD
/buildAgent/work/99bede84aa0a52c2/source/cudamanager/src/CudaContextManager.cpp (533) : warning : CUDA context validation failed

[Warning] [carb.gym.plugin] Failed to create a valid PhysX CUDA Context Manager. Falling back to CPU.
Physics Engine: PhysX
Physics Device: cpu
GPU Pipeline: disabled
[Error] [carb.gym.plugin] Gym cuda error: out of memory: ../../../source/plugins/carb/gym/impl/Gym/GymCuda.h: 110
[Error] [carb.gym.plugin] Failed to create primary CUDA context
[Warning] [carb.gym.plugin] Failed to create primary CUDA context on graphics device
  [IsolatedBatch] WARNING: worker exited -11, no results file; using fallback
  [Sim]  robot_266_seed4082  steps=0  fwd=+0.000m  lat=+0.000m  drift=0.00
  [Plot] Saved → /data/code/yjh/Adaptation/batch_results/20260623_125539/robot_266_seed4082/trajectory.png
  [Sim]  robot_267_seed5436  steps=0  fwd=+0.000m  lat=+0.000m  drift=0.00
  [Plot] Saved → /data/code/yjh/Adaptation/batch_results/20260623_125539/robot_267_seed5436/trajectory.png
  [Sim]  robot_268_seed7293  steps=0  fwd=+0.000m  lat=+0.000m  drift=0.00
  [Plot] Saved → /data/code/yjh/Adaptation/batch_results/20260623_125539/robot_268_seed7293/trajectory.png
  [Sim]  robot_269_seed4507  steps=0  fwd=+0.000m  lat=+0.000m  drift=0.00
  [Plot] Saved → /data/code/yjh/Adaptation/batch_results/20260623_125539/robot_269_seed4507/trajectory.png
  [Sim]  robot_271_seed5635  steps=0  fwd=+0.000m  lat=+0.000m  drift=0.00
  [Plot] Saved → /data/code/yjh/Adaptation/batch_results/20260623_125539/robot_271_seed5635/trajectory.png
  [Sim]  robot_272_seed7103  steps=0  fwd=+0.000m  lat=+0.000m  drift=0.00
  [Plot] Saved → /data/code/yjh/Adaptation/batch_results/20260623_125539/robot_272_seed7103/trajectory.png
  [Sim]  robot_273_seed7001  steps=0  fwd=+0.000m  lat=+0.000m  drift=0.00
  [Plot] Saved → /data/code/yjh/Adaptation/batch_results/20260623_125539/robot_273_seed7001/trajectory.png
  [Sim]  robot_274_seed4158  steps=0  fwd=+0.000m  lat=+0.000m  drift=0.00
  [Plot] Saved → /data/code/yjh/Adaptation/batch_results/20260623_125539/robot_274_seed4158/trajectory.png

  [Sub-batch 27/46] robots 208–215
[Error] [carb.gym.plugin] Gym cuda error: out of memory: ../../../source/plugins/carb/gym/impl/Gym/GymCuda.h: 110
[Error] [carb.gym.plugin] Failed to create primary CUDA context
Not connected to PVD
/buildAgent/work/99bede84aa0a52c2/source/cudamanager/src/CudaContextManager.cpp (533) : warning : CUDA context validation failed

[Warning] [carb.gym.plugin] Failed to create a valid PhysX CUDA Context Manager. Falling back to CPU.
Physics Engine: PhysX
Physics Device: cpu
GPU Pipeline: disabled
[Error] [carb.gym.plugin] Gym cuda error: out of memory: ../../../source/plugins/carb/gym/impl/Gym/GymCuda.h: 110
[Error] [carb.gym.plugin] Failed to create primary CUDA context
[Warning] [carb.gym.plugin] Failed to create primary CUDA context on graphics device
  [IsolatedBatch] WARNING: worker exited -11, no results file; using fallback
  [Sim]  robot_275_seed526  steps=0  fwd=+0.000m  lat=+0.000m  drift=0.00
  [Plot] Saved → /data/code/yjh/Adaptation/batch_results/20260623_125539/robot_275_seed526/trajectory.png
  [Sim]  robot_276_seed2856  steps=0  fwd=+0.000m  lat=+0.000m  drift=0.00
  [Plot] Saved → /data/code/yjh/Adaptation/batch_results/20260623_125539/robot_276_seed2856/trajectory.png
  [Sim]  robot_277_seed5427  steps=0  fwd=+0.000m  lat=+0.000m  drift=0.00
  [Plot] Saved → /data/code/yjh/Adaptation/batch_results/20260623_125539/robot_277_seed5427/trajectory.png
  [Sim]  robot_278_seed3373  steps=0  fwd=+0.000m  lat=+0.000m  drift=0.00
  [Plot] Saved → /data/code/yjh/Adaptation/batch_results/20260623_125539/robot_278_seed3373/trajectory.png
  [Sim]  robot_279_seed6022  steps=0  fwd=+0.000m  lat=+0.000m  drift=0.00
  [Plot] Saved → /data/code/yjh/Adaptation/batch_results/20260623_125539/robot_279_seed6022/trajectory.png
  [Sim]  robot_280_seed7832  steps=0  fwd=+0.000m  lat=+0.000m  drift=0.00
  [Plot] Saved → /data/code/yjh/Adaptation/batch_results/20260623_125539/robot_280_seed7832/trajectory.png
  [Sim]  robot_281_seed2940  steps=0  fwd=+0.000m  lat=+0.000m  drift=0.00
  [Plot] Saved → /data/code/yjh/Adaptation/batch_results/20260623_125539/robot_281_seed2940/trajectory.png
  [Sim]  robot_282_seed1718  steps=0  fwd=+0.000m  lat=+0.000m  drift=0.00
  [Plot] Saved → /data/code/yjh/Adaptation/batch_results/20260623_125539/robot_282_seed1718/trajectory.png

  [Sub-batch 28/46] robots 216–223
[Error] [carb.gym.plugin] Gym cuda error: out of memory: ../../../source/plugins/carb/gym/impl/Gym/GymCuda.h: 110
[Error] [carb.gym.plugin] Failed to create primary CUDA context
Not connected to PVD
/buildAgent/work/99bede84aa0a52c2/source/cudamanager/src/CudaContextManager.cpp (533) : warning : CUDA context validation failed

[Warning] [carb.gym.plugin] Failed to create a valid PhysX CUDA Context Manager. Falling back to CPU.
Physics Engine: PhysX
Physics Device: cpu
GPU Pipeline: disabled
[Error] [carb.gym.plugin] Gym cuda error: out of memory: ../../../source/plugins/carb/gym/impl/Gym/GymCuda.h: 110
[Error] [carb.gym.plugin] Failed to create primary CUDA context
[Warning] [carb.gym.plugin] Failed to create primary CUDA context on graphics device
  [IsolatedBatch] WARNING: worker exited -11, no results file; using fallback
  [Sim]  robot_283_seed7334  steps=0  fwd=+0.000m  lat=+0.000m  drift=0.00
  [Plot] Saved → /data/code/yjh/Adaptation/batch_results/20260623_125539/robot_283_seed7334/trajectory.png
  [Sim]  robot_284_seed4742  steps=0  fwd=+0.000m  lat=+0.000m  drift=0.00
  [Plot] Saved → /data/code/yjh/Adaptation/batch_results/20260623_125539/robot_284_seed4742/trajectory.png
  [Sim]  robot_290_seed5523  steps=0  fwd=+0.000m  lat=+0.000m  drift=0.00
  [Plot] Saved → /data/code/yjh/Adaptation/batch_results/20260623_125539/robot_290_seed5523/trajectory.png
  [Sim]  robot_291_seed2583  steps=0  fwd=+0.000m  lat=+0.000m  drift=0.00
  [Plot] Saved → /data/code/yjh/Adaptation/batch_results/20260623_125539/robot_291_seed2583/trajectory.png
  [Sim]  robot_292_seed9684  steps=0  fwd=+0.000m  lat=+0.000m  drift=0.00
  [Plot] Saved → /data/code/yjh/Adaptation/batch_results/20260623_125539/robot_292_seed9684/trajectory.png
  [Sim]  robot_294_seed1273  steps=0  fwd=+0.000m  lat=+0.000m  drift=0.00
  [Plot] Saved → /data/code/yjh/Adaptation/batch_results/20260623_125539/robot_294_seed1273/trajectory.png
  [Sim]  robot_295_seed4299  steps=0  fwd=+0.000m  lat=+0.000m  drift=0.00
  [Plot] Saved → /data/code/yjh/Adaptation/batch_results/20260623_125539/robot_295_seed4299/trajectory.png
  [Sim]  robot_297_seed639  steps=0  fwd=+0.000m  lat=+0.000m  drift=0.00
  [Plot] Saved → /data/code/yjh/Adaptation/batch_results/20260623_125539/robot_297_seed639/trajectory.png

  [Sub-batch 29/46] robots 224–231
[Error] [carb.gym.plugin] Gym cuda error: out of memory: ../../../source/plugins/carb/gym/impl/Gym/GymCuda.h: 110
[Error] [carb.gym.plugin] Failed to create primary CUDA context
Not connected to PVD
/buildAgent/work/99bede84aa0a52c2/source/cudamanager/src/CudaContextManager.cpp (533) : warning : CUDA context validation failed

[Warning] [carb.gym.plugin] Failed to create a valid PhysX CUDA Context Manager. Falling back to CPU.
Physics Engine: PhysX
Physics Device: cpu
GPU Pipeline: disabled
[Error] [carb.gym.plugin] Gym cuda error: out of memory: ../../../source/plugins/carb/gym/impl/Gym/GymCuda.h: 110
[Error] [carb.gym.plugin] Failed to create primary CUDA context
[Warning] [carb.gym.plugin] Failed to create primary CUDA context on graphics device
  [IsolatedBatch] WARNING: worker exited -11, no results file; using fallback
  [Sim]  robot_298_seed8347  steps=0  fwd=+0.000m  lat=+0.000m  drift=0.00
  [Plot] Saved → /data/code/yjh/Adaptation/batch_results/20260623_125539/robot_298_seed8347/trajectory.png
  [Sim]  robot_300_seed3433  steps=0  fwd=+0.000m  lat=+0.000m  drift=0.00
  [Plot] Saved → /data/code/yjh/Adaptation/batch_results/20260623_125539/robot_300_seed3433/trajectory.png
  [Sim]  robot_301_seed6611  steps=0  fwd=+0.000m  lat=+0.000m  drift=0.00
  [Plot] Saved → /data/code/yjh/Adaptation/batch_results/20260623_125539/robot_301_seed6611/trajectory.png
  [Sim]  robot_302_seed2061  steps=0  fwd=+0.000m  lat=+0.000m  drift=0.00
  [Plot] Saved → /data/code/yjh/Adaptation/batch_results/20260623_125539/robot_302_seed2061/trajectory.png
  [Sim]  robot_303_seed5099  steps=0  fwd=+0.000m  lat=+0.000m  drift=0.00
  [Plot] Saved → /data/code/yjh/Adaptation/batch_results/20260623_125539/robot_303_seed5099/trajectory.png
  [Sim]  robot_306_seed2480  steps=0  fwd=+0.000m  lat=+0.000m  drift=0.00
  [Plot] Saved → /data/code/yjh/Adaptation/batch_results/20260623_125539/robot_306_seed2480/trajectory.png
  [Sim]  robot_309_seed8858  steps=0  fwd=+0.000m  lat=+0.000m  drift=0.00
  [Plot] Saved → /data/code/yjh/Adaptation/batch_results/20260623_125539/robot_309_seed8858/trajectory.png
  [Sim]  robot_310_seed7362  steps=0  fwd=+0.000m  lat=+0.000m  drift=0.00
  [Plot] Saved → /data/code/yjh/Adaptation/batch_results/20260623_125539/robot_310_seed7362/trajectory.png

  [Sub-batch 30/46] robots 232–239
[Error] [carb.gym.plugin] Gym cuda error: out of memory: ../../../source/plugins/carb/gym/impl/Gym/GymCuda.h: 110
[Error] [carb.gym.plugin] Failed to create primary CUDA context
Not connected to PVD
/buildAgent/work/99bede84aa0a52c2/source/cudamanager/src/CudaContextManager.cpp (533) : warning : CUDA context validation failed

[Warning] [carb.gym.plugin] Failed to create a valid PhysX CUDA Context Manager. Falling back to CPU.
Physics Engine: PhysX
Physics Device: cpu
GPU Pipeline: disabled
[Error] [carb.gym.plugin] Gym cuda error: out of memory: ../../../source/plugins/carb/gym/impl/Gym/GymCuda.h: 110
[Error] [carb.gym.plugin] Failed to create primary CUDA context
[Warning] [carb.gym.plugin] Failed to create primary CUDA context on graphics device
  [IsolatedBatch] WARNING: worker exited -11, no results file; using fallback
  [Sim]  robot_311_seed3878  steps=0  fwd=+0.000m  lat=+0.000m  drift=0.00
  [Plot] Saved → /data/code/yjh/Adaptation/batch_results/20260623_125539/robot_311_seed3878/trajectory.png
  [Sim]  robot_312_seed2184  steps=0  fwd=+0.000m  lat=+0.000m  drift=0.00
  [Plot] Saved → /data/code/yjh/Adaptation/batch_results/20260623_125539/robot_312_seed2184/trajectory.png
  [Sim]  robot_313_seed3906  steps=0  fwd=+0.000m  lat=+0.000m  drift=0.00
  [Plot] Saved → /data/code/yjh/Adaptation/batch_results/20260623_125539/robot_313_seed3906/trajectory.png
  [Sim]  robot_314_seed6938  steps=0  fwd=+0.000m  lat=+0.000m  drift=0.00
  [Plot] Saved → /data/code/yjh/Adaptation/batch_results/20260623_125539/robot_314_seed6938/trajectory.png
  [Sim]  robot_315_seed2805  steps=0  fwd=+0.000m  lat=+0.000m  drift=0.00
  [Plot] Saved → /data/code/yjh/Adaptation/batch_results/20260623_125539/robot_315_seed2805/trajectory.png
  [Sim]  robot_316_seed8227  steps=0  fwd=+0.000m  lat=+0.000m  drift=0.00
  [Plot] Saved → /data/code/yjh/Adaptation/batch_results/20260623_125539/robot_316_seed8227/trajectory.png
  [Sim]  robot_317_seed5896  steps=0  fwd=+0.000m  lat=+0.000m  drift=0.00
  [Plot] Saved → /data/code/yjh/Adaptation/batch_results/20260623_125539/robot_317_seed5896/trajectory.png
  [Sim]  robot_318_seed5778  steps=0  fwd=+0.000m  lat=+0.000m  drift=0.00
  [Plot] Saved → /data/code/yjh/Adaptation/batch_results/20260623_125539/robot_318_seed5778/trajectory.png

  [Sub-batch 31/46] robots 240–247
[Error] [carb.gym.plugin] Gym cuda error: out of memory: ../../../source/plugins/carb/gym/impl/Gym/GymCuda.h: 110
[Error] [carb.gym.plugin] Failed to create primary CUDA context
Not connected to PVD
/buildAgent/work/99bede84aa0a52c2/source/cudamanager/src/CudaContextManager.cpp (533) : warning : CUDA context validation failed

[Warning] [carb.gym.plugin] Failed to create a valid PhysX CUDA Context Manager. Falling back to CPU.
Physics Engine: PhysX
Physics Device: cpu
GPU Pipeline: disabled
[Error] [carb.gym.plugin] Gym cuda error: out of memory: ../../../source/plugins/carb/gym/impl/Gym/GymCuda.h: 110
[Error] [carb.gym.plugin] Failed to create primary CUDA context
[Warning] [carb.gym.plugin] Failed to create primary CUDA context on graphics device
  [IsolatedBatch] WARNING: worker exited -11, no results file; using fallback
  [Sim]  robot_319_seed4165  steps=0  fwd=+0.000m  lat=+0.000m  drift=0.00
  [Plot] Saved → /data/code/yjh/Adaptation/batch_results/20260623_125539/robot_319_seed4165/trajectory.png
  [Sim]  robot_320_seed8564  steps=0  fwd=+0.000m  lat=+0.000m  drift=0.00
  [Plot] Saved → /data/code/yjh/Adaptation/batch_results/20260623_125539/robot_320_seed8564/trajectory.png
  [Sim]  robot_323_seed5525  steps=0  fwd=+0.000m  lat=+0.000m  drift=0.00
  [Plot] Saved → /data/code/yjh/Adaptation/batch_results/20260623_125539/robot_323_seed5525/trajectory.png
  [Sim]  robot_325_seed7663  steps=0  fwd=+0.000m  lat=+0.000m  drift=0.00
  [Plot] Saved → /data/code/yjh/Adaptation/batch_results/20260623_125539/robot_325_seed7663/trajectory.png
  [Sim]  robot_326_seed5268  steps=0  fwd=+0.000m  lat=+0.000m  drift=0.00
  [Plot] Saved → /data/code/yjh/Adaptation/batch_results/20260623_125539/robot_326_seed5268/trajectory.png
  [Sim]  robot_327_seed6909  steps=0  fwd=+0.000m  lat=+0.000m  drift=0.00
  [Plot] Saved → /data/code/yjh/Adaptation/batch_results/20260623_125539/robot_327_seed6909/trajectory.png
  [Sim]  robot_328_seed8621  steps=0  fwd=+0.000m  lat=+0.000m  drift=0.00
  [Plot] Saved → /data/code/yjh/Adaptation/batch_results/20260623_125539/robot_328_seed8621/trajectory.png
  [Sim]  robot_331_seed8704  steps=0  fwd=+0.000m  lat=+0.000m  drift=0.00
  [Plot] Saved → /data/code/yjh/Adaptation/batch_results/20260623_125539/robot_331_seed8704/trajectory.png

  [Sub-batch 32/46] robots 248–255
[Error] [carb.gym.plugin] Gym cuda error: out of memory: ../../../source/plugins/carb/gym/impl/Gym/GymCuda.h: 110
[Error] [carb.gym.plugin] Failed to create primary CUDA context
Not connected to PVD
/buildAgent/work/99bede84aa0a52c2/source/cudamanager/src/CudaContextManager.cpp (533) : warning : CUDA context validation failed

[Warning] [carb.gym.plugin] Failed to create a valid PhysX CUDA Context Manager. Falling back to CPU.
Physics Engine: PhysX
Physics Device: cpu
GPU Pipeline: disabled
[Error] [carb.gym.plugin] Gym cuda error: out of memory: ../../../source/plugins/carb/gym/impl/Gym/GymCuda.h: 110
[Error] [carb.gym.plugin] Failed to create primary CUDA context
[Warning] [carb.gym.plugin] Failed to create primary CUDA context on graphics device
  [IsolatedBatch] WARNING: worker exited -11, no results file; using fallback
  [Sim]  robot_332_seed4893  steps=0  fwd=+0.000m  lat=+0.000m  drift=0.00
  [Plot] Saved → /data/code/yjh/Adaptation/batch_results/20260623_125539/robot_332_seed4893/trajectory.png
  [Sim]  robot_333_seed501  steps=0  fwd=+0.000m  lat=+0.000m  drift=0.00
  [Plot] Saved → /data/code/yjh/Adaptation/batch_results/20260623_125539/robot_333_seed501/trajectory.png
  [Sim]  robot_334_seed3438  steps=0  fwd=+0.000m  lat=+0.000m  drift=0.00
  [Plot] Saved → /data/code/yjh/Adaptation/batch_results/20260623_125539/robot_334_seed3438/trajectory.png
  [Sim]  robot_335_seed8835  steps=0  fwd=+0.000m  lat=+0.000m  drift=0.00
  [Plot] Saved → /data/code/yjh/Adaptation/batch_results/20260623_125539/robot_335_seed8835/trajectory.png
  [Sim]  robot_338_seed263  steps=0  fwd=+0.000m  lat=+0.000m  drift=0.00
  [Plot] Saved → /data/code/yjh/Adaptation/batch_results/20260623_125539/robot_338_seed263/trajectory.png
  [Sim]  robot_339_seed6365  steps=0  fwd=+0.000m  lat=+0.000m  drift=0.00
  [Plot] Saved → /data/code/yjh/Adaptation/batch_results/20260623_125539/robot_339_seed6365/trajectory.png
  [Sim]  robot_341_seed4281  steps=0  fwd=+0.000m  lat=+0.000m  drift=0.00
  [Plot] Saved → /data/code/yjh/Adaptation/batch_results/20260623_125539/robot_341_seed4281/trajectory.png
  [Sim]  robot_343_seed3980  steps=0  fwd=+0.000m  lat=+0.000m  drift=0.00
  [Plot] Saved → /data/code/yjh/Adaptation/batch_results/20260623_125539/robot_343_seed3980/trajectory.png

  [Sub-batch 33/46] robots 256–263
[Error] [carb.gym.plugin] Gym cuda error: out of memory: ../../../source/plugins/carb/gym/impl/Gym/GymCuda.h: 110
[Error] [carb.gym.plugin] Failed to create primary CUDA context
Not connected to PVD
/buildAgent/work/99bede84aa0a52c2/source/cudamanager/src/CudaContextManager.cpp (533) : warning : CUDA context validation failed

[Warning] [carb.gym.plugin] Failed to create a valid PhysX CUDA Context Manager. Falling back to CPU.
Physics Engine: PhysX
Physics Device: cpu
GPU Pipeline: disabled
[Error] [carb.gym.plugin] Gym cuda error: out of memory: ../../../source/plugins/carb/gym/impl/Gym/GymCuda.h: 110
[Error] [carb.gym.plugin] Failed to create primary CUDA context
[Warning] [carb.gym.plugin] Failed to create primary CUDA context on graphics device
  [IsolatedBatch] WARNING: worker exited -11, no results file; using fallback
  [Sim]  robot_344_seed3891  steps=0  fwd=+0.000m  lat=+0.000m  drift=0.00
  [Plot] Saved → /data/code/yjh/Adaptation/batch_results/20260623_125539/robot_344_seed3891/trajectory.png
  [Sim]  robot_345_seed7666  steps=0  fwd=+0.000m  lat=+0.000m  drift=0.00
  [Plot] Saved → /data/code/yjh/Adaptation/batch_results/20260623_125539/robot_345_seed7666/trajectory.png
  [Sim]  robot_346_seed8907  steps=0  fwd=+0.000m  lat=+0.000m  drift=0.00
  [Plot] Saved → /data/code/yjh/Adaptation/batch_results/20260623_125539/robot_346_seed8907/trajectory.png
  [Sim]  robot_347_seed7337  steps=0  fwd=+0.000m  lat=+0.000m  drift=0.00
  [Plot] Saved → /data/code/yjh/Adaptation/batch_results/20260623_125539/robot_347_seed7337/trajectory.png
  [Sim]  robot_349_seed3720  steps=0  fwd=+0.000m  lat=+0.000m  drift=0.00
  [Plot] Saved → /data/code/yjh/Adaptation/batch_results/20260623_125539/robot_349_seed3720/trajectory.png
  [Sim]  robot_350_seed1117  steps=0  fwd=+0.000m  lat=+0.000m  drift=0.00
  [Plot] Saved → /data/code/yjh/Adaptation/batch_results/20260623_125539/robot_350_seed1117/trajectory.png
  [Sim]  robot_351_seed7999  steps=0  fwd=+0.000m  lat=+0.000m  drift=0.00
  [Plot] Saved → /data/code/yjh/Adaptation/batch_results/20260623_125539/robot_351_seed7999/trajectory.png
  [Sim]  robot_352_seed96  steps=0  fwd=+0.000m  lat=+0.000m  drift=0.00
  [Plot] Saved → /data/code/yjh/Adaptation/batch_results/20260623_125539/robot_352_seed96/trajectory.png

  [Sub-batch 34/46] robots 264–271
[Error] [carb.gym.plugin] Gym cuda error: out of memory: ../../../source/plugins/carb/gym/impl/Gym/GymCuda.h: 110
[Error] [carb.gym.plugin] Failed to create primary CUDA context
Not connected to PVD
/buildAgent/work/99bede84aa0a52c2/source/cudamanager/src/CudaContextManager.cpp (533) : warning : CUDA context validation failed

[Warning] [carb.gym.plugin] Failed to create a valid PhysX CUDA Context Manager. Falling back to CPU.
Physics Engine: PhysX
Physics Device: cpu
GPU Pipeline: disabled
[Error] [carb.gym.plugin] Gym cuda error: out of memory: ../../../source/plugins/carb/gym/impl/Gym/GymCuda.h: 110
[Error] [carb.gym.plugin] Failed to create primary CUDA context
[Warning] [carb.gym.plugin] Failed to create primary CUDA context on graphics device
  [IsolatedBatch] WARNING: worker exited -11, no results file; using fallback
  [Sim]  robot_353_seed984  steps=0  fwd=+0.000m  lat=+0.000m  drift=0.00
  [Plot] Saved → /data/code/yjh/Adaptation/batch_results/20260623_125539/robot_353_seed984/trajectory.png
  [Sim]  robot_354_seed437  steps=0  fwd=+0.000m  lat=+0.000m  drift=0.00
  [Plot] Saved → /data/code/yjh/Adaptation/batch_results/20260623_125539/robot_354_seed437/trajectory.png
  [Sim]  robot_355_seed9210  steps=0  fwd=+0.000m  lat=+0.000m  drift=0.00
  [Plot] Saved → /data/code/yjh/Adaptation/batch_results/20260623_125539/robot_355_seed9210/trajectory.png
  [Sim]  robot_357_seed4800  steps=0  fwd=+0.000m  lat=+0.000m  drift=0.00
  [Plot] Saved → /data/code/yjh/Adaptation/batch_results/20260623_125539/robot_357_seed4800/trajectory.png
  [Sim]  robot_359_seed4025  steps=0  fwd=+0.000m  lat=+0.000m  drift=0.00
  [Plot] Saved → /data/code/yjh/Adaptation/batch_results/20260623_125539/robot_359_seed4025/trajectory.png
  [Sim]  robot_361_seed1845  steps=0  fwd=+0.000m  lat=+0.000m  drift=0.00
  [Plot] Saved → /data/code/yjh/Adaptation/batch_results/20260623_125539/robot_361_seed1845/trajectory.png
  [Sim]  robot_362_seed6108  steps=0  fwd=+0.000m  lat=+0.000m  drift=0.00
  [Plot] Saved → /data/code/yjh/Adaptation/batch_results/20260623_125539/robot_362_seed6108/trajectory.png
  [Sim]  robot_363_seed6338  steps=0  fwd=+0.000m  lat=+0.000m  drift=0.00
  [Plot] Saved → /data/code/yjh/Adaptation/batch_results/20260623_125539/robot_363_seed6338/trajectory.png

  [Sub-batch 35/46] robots 272–279
[Error] [carb.gym.plugin] Gym cuda error: out of memory: ../../../source/plugins/carb/gym/impl/Gym/GymCuda.h: 110
[Error] [carb.gym.plugin] Failed to create primary CUDA context
Not connected to PVD
/buildAgent/work/99bede84aa0a52c2/source/cudamanager/src/CudaContextManager.cpp (533) : warning : CUDA context validation failed

[Warning] [carb.gym.plugin] Failed to create a valid PhysX CUDA Context Manager. Falling back to CPU.
Physics Engine: PhysX
Physics Device: cpu
GPU Pipeline: disabled
[Error] [carb.gym.plugin] Gym cuda error: out of memory: ../../../source/plugins/carb/gym/impl/Gym/GymCuda.h: 110
[Error] [carb.gym.plugin] Failed to create primary CUDA context
[Warning] [carb.gym.plugin] Failed to create primary CUDA context on graphics device
  [IsolatedBatch] WARNING: worker exited -11, no results file; using fallback
  [Sim]  robot_367_seed7447  steps=0  fwd=+0.000m  lat=+0.000m  drift=0.00
  [Plot] Saved → /data/code/yjh/Adaptation/batch_results/20260623_125539/robot_367_seed7447/trajectory.png
  [Sim]  robot_370_seed9926  steps=0  fwd=+0.000m  lat=+0.000m  drift=0.00
  [Plot] Saved → /data/code/yjh/Adaptation/batch_results/20260623_125539/robot_370_seed9926/trajectory.png
  [Sim]  robot_372_seed3211  steps=0  fwd=+0.000m  lat=+0.000m  drift=0.00
  [Plot] Saved → /data/code/yjh/Adaptation/batch_results/20260623_125539/robot_372_seed3211/trajectory.png
  [Sim]  robot_373_seed7607  steps=0  fwd=+0.000m  lat=+0.000m  drift=0.00
  [Plot] Saved → /data/code/yjh/Adaptation/batch_results/20260623_125539/robot_373_seed7607/trajectory.png
  [Sim]  robot_374_seed7312  steps=0  fwd=+0.000m  lat=+0.000m  drift=0.00
  [Plot] Saved → /data/code/yjh/Adaptation/batch_results/20260623_125539/robot_374_seed7312/trajectory.png
  [Sim]  robot_375_seed7478  steps=0  fwd=+0.000m  lat=+0.000m  drift=0.00
  [Plot] Saved → /data/code/yjh/Adaptation/batch_results/20260623_125539/robot_375_seed7478/trajectory.png
  [Sim]  robot_378_seed6657  steps=0  fwd=+0.000m  lat=+0.000m  drift=0.00
  [Plot] Saved → /data/code/yjh/Adaptation/batch_results/20260623_125539/robot_378_seed6657/trajectory.png
  [Sim]  robot_379_seed8405  steps=0  fwd=+0.000m  lat=+0.000m  drift=0.00
  [Plot] Saved → /data/code/yjh/Adaptation/batch_results/20260623_125539/robot_379_seed8405/trajectory.png

  [Sub-batch 36/46] robots 280–287
[Error] [carb.gym.plugin] Gym cuda error: out of memory: ../../../source/plugins/carb/gym/impl/Gym/GymCuda.h: 110
[Error] [carb.gym.plugin] Failed to create primary CUDA context
Not connected to PVD
/buildAgent/work/99bede84aa0a52c2/source/cudamanager/src/CudaContextManager.cpp (533) : warning : CUDA context validation failed

[Warning] [carb.gym.plugin] Failed to create a valid PhysX CUDA Context Manager. Falling back to CPU.
Physics Engine: PhysX
Physics Device: cpu
GPU Pipeline: disabled
[Error] [carb.gym.plugin] Gym cuda error: out of memory: ../../../source/plugins/carb/gym/impl/Gym/GymCuda.h: 110
[Error] [carb.gym.plugin] Failed to create primary CUDA context
[Warning] [carb.gym.plugin] Failed to create primary CUDA context on graphics device
  [IsolatedBatch] WARNING: worker exited -11, no results file; using fallback
  [Sim]  robot_380_seed1999  steps=0  fwd=+0.000m  lat=+0.000m  drift=0.00
  [Plot] Saved → /data/code/yjh/Adaptation/batch_results/20260623_125539/robot_380_seed1999/trajectory.png
  [Sim]  robot_381_seed4854  steps=0  fwd=+0.000m  lat=+0.000m  drift=0.00
  [Plot] Saved → /data/code/yjh/Adaptation/batch_results/20260623_125539/robot_381_seed4854/trajectory.png
  [Sim]  robot_385_seed9018  steps=0  fwd=+0.000m  lat=+0.000m  drift=0.00
  [Plot] Saved → /data/code/yjh/Adaptation/batch_results/20260623_125539/robot_385_seed9018/trajectory.png
  [Sim]  robot_386_seed2213  steps=0  fwd=+0.000m  lat=+0.000m  drift=0.00
  [Plot] Saved → /data/code/yjh/Adaptation/batch_results/20260623_125539/robot_386_seed2213/trajectory.png
  [Sim]  robot_387_seed9575  steps=0  fwd=+0.000m  lat=+0.000m  drift=0.00
  [Plot] Saved → /data/code/yjh/Adaptation/batch_results/20260623_125539/robot_387_seed9575/trajectory.png
  [Sim]  robot_390_seed3657  steps=0  fwd=+0.000m  lat=+0.000m  drift=0.00
  [Plot] Saved → /data/code/yjh/Adaptation/batch_results/20260623_125539/robot_390_seed3657/trajectory.png
  [Sim]  robot_391_seed8806  steps=0  fwd=+0.000m  lat=+0.000m  drift=0.00
  [Plot] Saved → /data/code/yjh/Adaptation/batch_results/20260623_125539/robot_391_seed8806/trajectory.png
  [Sim]  robot_392_seed32  steps=0  fwd=+0.000m  lat=+0.000m  drift=0.00
  [Plot] Saved → /data/code/yjh/Adaptation/batch_results/20260623_125539/robot_392_seed32/trajectory.png

  [Sub-batch 37/46] robots 288–295
[Error] [carb.gym.plugin] Gym cuda error: out of memory: ../../../source/plugins/carb/gym/impl/Gym/GymCuda.h: 110
[Error] [carb.gym.plugin] Failed to create primary CUDA context
Not connected to PVD
/buildAgent/work/99bede84aa0a52c2/source/cudamanager/src/CudaContextManager.cpp (533) : warning : CUDA context validation failed

[Warning] [carb.gym.plugin] Failed to create a valid PhysX CUDA Context Manager. Falling back to CPU.
Physics Engine: PhysX
Physics Device: cpu
GPU Pipeline: disabled
[Error] [carb.gym.plugin] Gym cuda error: out of memory: ../../../source/plugins/carb/gym/impl/Gym/GymCuda.h: 110
[Error] [carb.gym.plugin] Failed to create primary CUDA context
[Warning] [carb.gym.plugin] Failed to create primary CUDA context on graphics device
  [IsolatedBatch] WARNING: worker exited -11, no results file; using fallback
  [Sim]  robot_394_seed4102  steps=0  fwd=+0.000m  lat=+0.000m  drift=0.00
  [Plot] Saved → /data/code/yjh/Adaptation/batch_results/20260623_125539/robot_394_seed4102/trajectory.png
  [Sim]  robot_396_seed6346  steps=0  fwd=+0.000m  lat=+0.000m  drift=0.00
  [Plot] Saved → /data/code/yjh/Adaptation/batch_results/20260623_125539/robot_396_seed6346/trajectory.png
  [Sim]  robot_397_seed8145  steps=0  fwd=+0.000m  lat=+0.000m  drift=0.00
  [Plot] Saved → /data/code/yjh/Adaptation/batch_results/20260623_125539/robot_397_seed8145/trajectory.png
  [Sim]  robot_401_seed8884  steps=0  fwd=+0.000m  lat=+0.000m  drift=0.00
  [Plot] Saved → /data/code/yjh/Adaptation/batch_results/20260623_125539/robot_401_seed8884/trajectory.png
  [Sim]  robot_402_seed2592  steps=0  fwd=+0.000m  lat=+0.000m  drift=0.00
  [Plot] Saved → /data/code/yjh/Adaptation/batch_results/20260623_125539/robot_402_seed2592/trajectory.png
  [Sim]  robot_403_seed2273  steps=0  fwd=+0.000m  lat=+0.000m  drift=0.00
  [Plot] Saved → /data/code/yjh/Adaptation/batch_results/20260623_125539/robot_403_seed2273/trajectory.png
  [Sim]  robot_404_seed5722  steps=0  fwd=+0.000m  lat=+0.000m  drift=0.00
  [Plot] Saved → /data/code/yjh/Adaptation/batch_results/20260623_125539/robot_404_seed5722/trajectory.png
  [Sim]  robot_405_seed9622  steps=0  fwd=+0.000m  lat=+0.000m  drift=0.00
  [Plot] Saved → /data/code/yjh/Adaptation/batch_results/20260623_125539/robot_405_seed9622/trajectory.png

  [Sub-batch 38/46] robots 296–303
[Error] [carb.gym.plugin] Gym cuda error: out of memory: ../../../source/plugins/carb/gym/impl/Gym/GymCuda.h: 110
[Error] [carb.gym.plugin] Failed to create primary CUDA context
Not connected to PVD
/buildAgent/work/99bede84aa0a52c2/source/cudamanager/src/CudaContextManager.cpp (533) : warning : CUDA context validation failed

[Warning] [carb.gym.plugin] Failed to create a valid PhysX CUDA Context Manager. Falling back to CPU.
Physics Engine: PhysX
Physics Device: cpu
GPU Pipeline: disabled
[Error] [carb.gym.plugin] Gym cuda error: out of memory: ../../../source/plugins/carb/gym/impl/Gym/GymCuda.h: 110
[Error] [carb.gym.plugin] Failed to create primary CUDA context
[Warning] [carb.gym.plugin] Failed to create primary CUDA context on graphics device
  [IsolatedBatch] WARNING: worker exited -11, no results file; using fallback
  [Sim]  robot_407_seed2734  steps=0  fwd=+0.000m  lat=+0.000m  drift=0.00
  [Plot] Saved → /data/code/yjh/Adaptation/batch_results/20260623_125539/robot_407_seed2734/trajectory.png
  [Sim]  robot_408_seed3597  steps=0  fwd=+0.000m  lat=+0.000m  drift=0.00
  [Plot] Saved → /data/code/yjh/Adaptation/batch_results/20260623_125539/robot_408_seed3597/trajectory.png
  [Sim]  robot_409_seed9403  steps=0  fwd=+0.000m  lat=+0.000m  drift=0.00
  [Plot] Saved → /data/code/yjh/Adaptation/batch_results/20260623_125539/robot_409_seed9403/trajectory.png
  [Sim]  robot_410_seed1679  steps=0  fwd=+0.000m  lat=+0.000m  drift=0.00
  [Plot] Saved → /data/code/yjh/Adaptation/batch_results/20260623_125539/robot_410_seed1679/trajectory.png
  [Sim]  robot_411_seed6070  steps=0  fwd=+0.000m  lat=+0.000m  drift=0.00
  [Plot] Saved → /data/code/yjh/Adaptation/batch_results/20260623_125539/robot_411_seed6070/trajectory.png
  [Sim]  robot_412_seed750  steps=0  fwd=+0.000m  lat=+0.000m  drift=0.00
  [Plot] Saved → /data/code/yjh/Adaptation/batch_results/20260623_125539/robot_412_seed750/trajectory.png
  [Sim]  robot_413_seed3661  steps=0  fwd=+0.000m  lat=+0.000m  drift=0.00
  [Plot] Saved → /data/code/yjh/Adaptation/batch_results/20260623_125539/robot_413_seed3661/trajectory.png
  [Sim]  robot_414_seed185  steps=0  fwd=+0.000m  lat=+0.000m  drift=0.00
  [Plot] Saved → /data/code/yjh/Adaptation/batch_results/20260623_125539/robot_414_seed185/trajectory.png

  [Sub-batch 39/46] robots 304–311
[Error] [carb.gym.plugin] Gym cuda error: out of memory: ../../../source/plugins/carb/gym/impl/Gym/GymCuda.h: 110
[Error] [carb.gym.plugin] Failed to create primary CUDA context
Not connected to PVD
/buildAgent/work/99bede84aa0a52c2/source/cudamanager/src/CudaContextManager.cpp (533) : warning : CUDA context validation failed

[Warning] [carb.gym.plugin] Failed to create a valid PhysX CUDA Context Manager. Falling back to CPU.
Physics Engine: PhysX
Physics Device: cpu
GPU Pipeline: disabled
[Error] [carb.gym.plugin] Gym cuda error: out of memory: ../../../source/plugins/carb/gym/impl/Gym/GymCuda.h: 110
[Error] [carb.gym.plugin] Failed to create primary CUDA context
[Warning] [carb.gym.plugin] Failed to create primary CUDA context on graphics device
  [IsolatedBatch] WARNING: worker exited -11, no results file; using fallback
  [Sim]  robot_416_seed3917  steps=0  fwd=+0.000m  lat=+0.000m  drift=0.00
  [Plot] Saved → /data/code/yjh/Adaptation/batch_results/20260623_125539/robot_416_seed3917/trajectory.png
  [Sim]  robot_417_seed3772  steps=0  fwd=+0.000m  lat=+0.000m  drift=0.00
  [Plot] Saved → /data/code/yjh/Adaptation/batch_results/20260623_125539/robot_417_seed3772/trajectory.png
  [Sim]  robot_418_seed7128  steps=0  fwd=+0.000m  lat=+0.000m  drift=0.00
  [Plot] Saved → /data/code/yjh/Adaptation/batch_results/20260623_125539/robot_418_seed7128/trajectory.png
  [Sim]  robot_419_seed7921  steps=0  fwd=+0.000m  lat=+0.000m  drift=0.00
  [Plot] Saved → /data/code/yjh/Adaptation/batch_results/20260623_125539/robot_419_seed7921/trajectory.png
  [Sim]  robot_420_seed5750  steps=0  fwd=+0.000m  lat=+0.000m  drift=0.00
  [Plot] Saved → /data/code/yjh/Adaptation/batch_results/20260623_125539/robot_420_seed5750/trajectory.png
  [Sim]  robot_421_seed8181  steps=0  fwd=+0.000m  lat=+0.000m  drift=0.00
  [Plot] Saved → /data/code/yjh/Adaptation/batch_results/20260623_125539/robot_421_seed8181/trajectory.png
  [Sim]  robot_422_seed189  steps=0  fwd=+0.000m  lat=+0.000m  drift=0.00
  [Plot] Saved → /data/code/yjh/Adaptation/batch_results/20260623_125539/robot_422_seed189/trajectory.png
  [Sim]  robot_423_seed8655  steps=0  fwd=+0.000m  lat=+0.000m  drift=0.00
  [Plot] Saved → /data/code/yjh/Adaptation/batch_results/20260623_125539/robot_423_seed8655/trajectory.png

  [Sub-batch 40/46] robots 312–319
[Error] [carb.gym.plugin] Gym cuda error: out of memory: ../../../source/plugins/carb/gym/impl/Gym/GymCuda.h: 110
[Error] [carb.gym.plugin] Failed to create primary CUDA context
Not connected to PVD
/buildAgent/work/99bede84aa0a52c2/source/cudamanager/src/CudaContextManager.cpp (533) : warning : CUDA context validation failed

[Warning] [carb.gym.plugin] Failed to create a valid PhysX CUDA Context Manager. Falling back to CPU.
Physics Engine: PhysX
Physics Device: cpu
GPU Pipeline: disabled
[Error] [carb.gym.plugin] Gym cuda error: out of memory: ../../../source/plugins/carb/gym/impl/Gym/GymCuda.h: 110
[Error] [carb.gym.plugin] Failed to create primary CUDA context
[Warning] [carb.gym.plugin] Failed to create primary CUDA context on graphics device
  [IsolatedBatch] WARNING: worker exited -11, no results file; using fallback
  [Sim]  robot_425_seed3416  steps=0  fwd=+0.000m  lat=+0.000m  drift=0.00
  [Plot] Saved → /data/code/yjh/Adaptation/batch_results/20260623_125539/robot_425_seed3416/trajectory.png
  [Sim]  robot_426_seed7855  steps=0  fwd=+0.000m  lat=+0.000m  drift=0.00
  [Plot] Saved → /data/code/yjh/Adaptation/batch_results/20260623_125539/robot_426_seed7855/trajectory.png
  [Sim]  robot_427_seed9432  steps=0  fwd=+0.000m  lat=+0.000m  drift=0.00
  [Plot] Saved → /data/code/yjh/Adaptation/batch_results/20260623_125539/robot_427_seed9432/trajectory.png
  [Sim]  robot_428_seed9223  steps=0  fwd=+0.000m  lat=+0.000m  drift=0.00
  [Plot] Saved → /data/code/yjh/Adaptation/batch_results/20260623_125539/robot_428_seed9223/trajectory.png
  [Sim]  robot_429_seed4406  steps=0  fwd=+0.000m  lat=+0.000m  drift=0.00
  [Plot] Saved → /data/code/yjh/Adaptation/batch_results/20260623_125539/robot_429_seed4406/trajectory.png
  [Sim]  robot_430_seed7498  steps=0  fwd=+0.000m  lat=+0.000m  drift=0.00
  [Plot] Saved → /data/code/yjh/Adaptation/batch_results/20260623_125539/robot_430_seed7498/trajectory.png
  [Sim]  robot_433_seed3347  steps=0  fwd=+0.000m  lat=+0.000m  drift=0.00
  [Plot] Saved → /data/code/yjh/Adaptation/batch_results/20260623_125539/robot_433_seed3347/trajectory.png
  [Sim]  robot_434_seed874  steps=0  fwd=+0.000m  lat=+0.000m  drift=0.00
  [Plot] Saved → /data/code/yjh/Adaptation/batch_results/20260623_125539/robot_434_seed874/trajectory.png

  [Sub-batch 41/46] robots 320–327
[Error] [carb.gym.plugin] Gym cuda error: out of memory: ../../../source/plugins/carb/gym/impl/Gym/GymCuda.h: 110
[Error] [carb.gym.plugin] Failed to create primary CUDA context
Not connected to PVD
/buildAgent/work/99bede84aa0a52c2/source/cudamanager/src/CudaContextManager.cpp (533) : warning : CUDA context validation failed

[Warning] [carb.gym.plugin] Failed to create a valid PhysX CUDA Context Manager. Falling back to CPU.
Physics Engine: PhysX
Physics Device: cpu
GPU Pipeline: disabled
[Error] [carb.gym.plugin] Gym cuda error: out of memory: ../../../source/plugins/carb/gym/impl/Gym/GymCuda.h: 110
[Error] [carb.gym.plugin] Failed to create primary CUDA context
[Warning] [carb.gym.plugin] Failed to create primary CUDA context on graphics device
  [IsolatedBatch] WARNING: worker exited -11, no results file; using fallback
  [Sim]  robot_437_seed1186  steps=0  fwd=+0.000m  lat=+0.000m  drift=0.00
  [Plot] Saved → /data/code/yjh/Adaptation/batch_results/20260623_125539/robot_437_seed1186/trajectory.png
  [Sim]  robot_438_seed2044  steps=0  fwd=+0.000m  lat=+0.000m  drift=0.00
  [Plot] Saved → /data/code/yjh/Adaptation/batch_results/20260623_125539/robot_438_seed2044/trajectory.png
  [Sim]  robot_439_seed7266  steps=0  fwd=+0.000m  lat=+0.000m  drift=0.00
  [Plot] Saved → /data/code/yjh/Adaptation/batch_results/20260623_125539/robot_439_seed7266/trajectory.png
  [Sim]  robot_440_seed3801  steps=0  fwd=+0.000m  lat=+0.000m  drift=0.00
  [Plot] Saved → /data/code/yjh/Adaptation/batch_results/20260623_125539/robot_440_seed3801/trajectory.png
  [Sim]  robot_442_seed7426  steps=0  fwd=+0.000m  lat=+0.000m  drift=0.00
  [Plot] Saved → /data/code/yjh/Adaptation/batch_results/20260623_125539/robot_442_seed7426/trajectory.png
  [Sim]  robot_443_seed6548  steps=0  fwd=+0.000m  lat=+0.000m  drift=0.00
  [Plot] Saved → /data/code/yjh/Adaptation/batch_results/20260623_125539/robot_443_seed6548/trajectory.png
  [Sim]  robot_444_seed6567  steps=0  fwd=+0.000m  lat=+0.000m  drift=0.00
  [Plot] Saved → /data/code/yjh/Adaptation/batch_results/20260623_125539/robot_444_seed6567/trajectory.png
  [Sim]  robot_445_seed1738  steps=0  fwd=+0.000m  lat=+0.000m  drift=0.00
  [Plot] Saved → /data/code/yjh/Adaptation/batch_results/20260623_125539/robot_445_seed1738/trajectory.png

  [Sub-batch 42/46] robots 328–335
[Error] [carb.gym.plugin] Gym cuda error: out of memory: ../../../source/plugins/carb/gym/impl/Gym/GymCuda.h: 110
[Error] [carb.gym.plugin] Failed to create primary CUDA context
Not connected to PVD
/buildAgent/work/99bede84aa0a52c2/source/cudamanager/src/CudaContextManager.cpp (533) : warning : CUDA context validation failed

[Warning] [carb.gym.plugin] Failed to create a valid PhysX CUDA Context Manager. Falling back to CPU.
Physics Engine: PhysX
Physics Device: cpu
GPU Pipeline: disabled
[Error] [carb.gym.plugin] Gym cuda error: out of memory: ../../../source/plugins/carb/gym/impl/Gym/GymCuda.h: 110
[Error] [carb.gym.plugin] Failed to create primary CUDA context
[Warning] [carb.gym.plugin] Failed to create primary CUDA context on graphics device
  [IsolatedBatch] WARNING: worker exited -11, no results file; using fallback
  [Sim]  robot_446_seed294  steps=0  fwd=+0.000m  lat=+0.000m  drift=0.00
  [Plot] Saved → /data/code/yjh/Adaptation/batch_results/20260623_125539/robot_446_seed294/trajectory.png
  [Sim]  robot_447_seed4399  steps=0  fwd=+0.000m  lat=+0.000m  drift=0.00
  [Plot] Saved → /data/code/yjh/Adaptation/batch_results/20260623_125539/robot_447_seed4399/trajectory.png
  [Sim]  robot_448_seed214  steps=0  fwd=+0.000m  lat=+0.000m  drift=0.00
  [Plot] Saved → /data/code/yjh/Adaptation/batch_results/20260623_125539/robot_448_seed214/trajectory.png
  [Sim]  robot_449_seed7891  steps=0  fwd=+0.000m  lat=+0.000m  drift=0.00
  [Plot] Saved → /data/code/yjh/Adaptation/batch_results/20260623_125539/robot_449_seed7891/trajectory.png
  [Sim]  robot_450_seed6597  steps=0  fwd=+0.000m  lat=+0.000m  drift=0.00
  [Plot] Saved → /data/code/yjh/Adaptation/batch_results/20260623_125539/robot_450_seed6597/trajectory.png
  [Sim]  robot_451_seed841  steps=0  fwd=+0.000m  lat=+0.000m  drift=0.00
  [Plot] Saved → /data/code/yjh/Adaptation/batch_results/20260623_125539/robot_451_seed841/trajectory.png
  [Sim]  robot_452_seed2251  steps=0  fwd=+0.000m  lat=+0.000m  drift=0.00
  [Plot] Saved → /data/code/yjh/Adaptation/batch_results/20260623_125539/robot_452_seed2251/trajectory.png
  [Sim]  robot_454_seed7615  steps=0  fwd=+0.000m  lat=+0.000m  drift=0.00
  [Plot] Saved → /data/code/yjh/Adaptation/batch_results/20260623_125539/robot_454_seed7615/trajectory.png

  [Sub-batch 43/46] robots 336–343
[Error] [carb.gym.plugin] Gym cuda error: out of memory: ../../../source/plugins/carb/gym/impl/Gym/GymCuda.h: 110
[Error] [carb.gym.plugin] Failed to create primary CUDA context
Not connected to PVD
/buildAgent/work/99bede84aa0a52c2/source/cudamanager/src/CudaContextManager.cpp (533) : warning : CUDA context validation failed

[Warning] [carb.gym.plugin] Failed to create a valid PhysX CUDA Context Manager. Falling back to CPU.
Physics Engine: PhysX
Physics Device: cpu
GPU Pipeline: disabled
[Error] [carb.gym.plugin] Gym cuda error: out of memory: ../../../source/plugins/carb/gym/impl/Gym/GymCuda.h: 110
[Error] [carb.gym.plugin] Failed to create primary CUDA context
[Warning] [carb.gym.plugin] Failed to create primary CUDA context on graphics device
  [IsolatedBatch] WARNING: worker exited -11, no results file; using fallback
  [Sim]  robot_455_seed3152  steps=0  fwd=+0.000m  lat=+0.000m  drift=0.00
  [Plot] Saved → /data/code/yjh/Adaptation/batch_results/20260623_125539/robot_455_seed3152/trajectory.png
  [Sim]  robot_456_seed4185  steps=0  fwd=+0.000m  lat=+0.000m  drift=0.00
  [Plot] Saved → /data/code/yjh/Adaptation/batch_results/20260623_125539/robot_456_seed4185/trajectory.png
  [Sim]  robot_457_seed2540  steps=0  fwd=+0.000m  lat=+0.000m  drift=0.00
  [Plot] Saved → /data/code/yjh/Adaptation/batch_results/20260623_125539/robot_457_seed2540/trajectory.png
  [Sim]  robot_458_seed5668  steps=0  fwd=+0.000m  lat=+0.000m  drift=0.00
  [Plot] Saved → /data/code/yjh/Adaptation/batch_results/20260623_125539/robot_458_seed5668/trajectory.png
  [Sim]  robot_462_seed6681  steps=0  fwd=+0.000m  lat=+0.000m  drift=0.00
  [Plot] Saved → /data/code/yjh/Adaptation/batch_results/20260623_125539/robot_462_seed6681/trajectory.png
  [Sim]  robot_464_seed1727  steps=0  fwd=+0.000m  lat=+0.000m  drift=0.00
  [Plot] Saved → /data/code/yjh/Adaptation/batch_results/20260623_125539/robot_464_seed1727/trajectory.png
  [Sim]  robot_466_seed1548  steps=0  fwd=+0.000m  lat=+0.000m  drift=0.00
  [Plot] Saved → /data/code/yjh/Adaptation/batch_results/20260623_125539/robot_466_seed1548/trajectory.png
  [Sim]  robot_468_seed3486  steps=0  fwd=+0.000m  lat=+0.000m  drift=0.00
  [Plot] Saved → /data/code/yjh/Adaptation/batch_results/20260623_125539/robot_468_seed3486/trajectory.png

  [Sub-batch 44/46] robots 344–351
[Error] [carb.gym.plugin] Gym cuda error: out of memory: ../../../source/plugins/carb/gym/impl/Gym/GymCuda.h: 110
[Error] [carb.gym.plugin] Failed to create primary CUDA context
Not connected to PVD
/buildAgent/work/99bede84aa0a52c2/source/cudamanager/src/CudaContextManager.cpp (533) : warning : CUDA context validation failed

[Warning] [carb.gym.plugin] Failed to create a valid PhysX CUDA Context Manager. Falling back to CPU.
Physics Engine: PhysX
Physics Device: cpu
GPU Pipeline: disabled
[Error] [carb.gym.plugin] Gym cuda error: out of memory: ../../../source/plugins/carb/gym/impl/Gym/GymCuda.h: 110
[Error] [carb.gym.plugin] Failed to create primary CUDA context
[Warning] [carb.gym.plugin] Failed to create primary CUDA context on graphics device
  [IsolatedBatch] WARNING: worker exited -11, no results file; using fallback
  [Sim]  robot_469_seed9478  steps=0  fwd=+0.000m  lat=+0.000m  drift=0.00
  [Plot] Saved → /data/code/yjh/Adaptation/batch_results/20260623_125539/robot_469_seed9478/trajectory.png
  [Sim]  robot_471_seed6527  steps=0  fwd=+0.000m  lat=+0.000m  drift=0.00
  [Plot] Saved → /data/code/yjh/Adaptation/batch_results/20260623_125539/robot_471_seed6527/trajectory.png
  [Sim]  robot_472_seed9810  steps=0  fwd=+0.000m  lat=+0.000m  drift=0.00
  [Plot] Saved → /data/code/yjh/Adaptation/batch_results/20260623_125539/robot_472_seed9810/trajectory.png
  [Sim]  robot_473_seed2378  steps=0  fwd=+0.000m  lat=+0.000m  drift=0.00
  [Plot] Saved → /data/code/yjh/Adaptation/batch_results/20260623_125539/robot_473_seed2378/trajectory.png
  [Sim]  robot_475_seed8663  steps=0  fwd=+0.000m  lat=+0.000m  drift=0.00
  [Plot] Saved → /data/code/yjh/Adaptation/batch_results/20260623_125539/robot_475_seed8663/trajectory.png
  [Sim]  robot_477_seed5048  steps=0  fwd=+0.000m  lat=+0.000m  drift=0.00
  [Plot] Saved → /data/code/yjh/Adaptation/batch_results/20260623_125539/robot_477_seed5048/trajectory.png
  [Sim]  robot_478_seed6242  steps=0  fwd=+0.000m  lat=+0.000m  drift=0.00
  [Plot] Saved → /data/code/yjh/Adaptation/batch_results/20260623_125539/robot_478_seed6242/trajectory.png
  [Sim]  robot_479_seed6225  steps=0  fwd=+0.000m  lat=+0.000m  drift=0.00
  [Plot] Saved → /data/code/yjh/Adaptation/batch_results/20260623_125539/robot_479_seed6225/trajectory.png

  [Sub-batch 45/46] robots 352–359
[Error] [carb.gym.plugin] Gym cuda error: out of memory: ../../../source/plugins/carb/gym/impl/Gym/GymCuda.h: 110
[Error] [carb.gym.plugin] Failed to create primary CUDA context
Not connected to PVD
/buildAgent/work/99bede84aa0a52c2/source/cudamanager/src/CudaContextManager.cpp (533) : warning : CUDA context validation failed

[Warning] [carb.gym.plugin] Failed to create a valid PhysX CUDA Context Manager. Falling back to CPU.
Physics Engine: PhysX
Physics Device: cpu
GPU Pipeline: disabled
[Error] [carb.gym.plugin] Gym cuda error: out of memory: ../../../source/plugins/carb/gym/impl/Gym/GymCuda.h: 110
[Error] [carb.gym.plugin] Failed to create primary CUDA context
[Warning] [carb.gym.plugin] Failed to create primary CUDA context on graphics device
  [IsolatedBatch] WARNING: worker exited -11, no results file; using fallback
  [Sim]  robot_481_seed8713  steps=0  fwd=+0.000m  lat=+0.000m  drift=0.00
  [Plot] Saved → /data/code/yjh/Adaptation/batch_results/20260623_125539/robot_481_seed8713/trajectory.png
  [Sim]  robot_482_seed5783  steps=0  fwd=+0.000m  lat=+0.000m  drift=0.00
  [Plot] Saved → /data/code/yjh/Adaptation/batch_results/20260623_125539/robot_482_seed5783/trajectory.png
  [Sim]  robot_484_seed9943  steps=0  fwd=+0.000m  lat=+0.000m  drift=0.00
  [Plot] Saved → /data/code/yjh/Adaptation/batch_results/20260623_125539/robot_484_seed9943/trajectory.png
  [Sim]  robot_486_seed5071  steps=0  fwd=+0.000m  lat=+0.000m  drift=0.00
  [Plot] Saved → /data/code/yjh/Adaptation/batch_results/20260623_125539/robot_486_seed5071/trajectory.png
  [Sim]  robot_487_seed6017  steps=0  fwd=+0.000m  lat=+0.000m  drift=0.00
  [Plot] Saved → /data/code/yjh/Adaptation/batch_results/20260623_125539/robot_487_seed6017/trajectory.png
  [Sim]  robot_488_seed8399  steps=0  fwd=+0.000m  lat=+0.000m  drift=0.00
  [Plot] Saved → /data/code/yjh/Adaptation/batch_results/20260623_125539/robot_488_seed8399/trajectory.png
  [Sim]  robot_489_seed5303  steps=0  fwd=+0.000m  lat=+0.000m  drift=0.00
  [Plot] Saved → /data/code/yjh/Adaptation/batch_results/20260623_125539/robot_489_seed5303/trajectory.png
  [Sim]  robot_491_seed447  steps=0  fwd=+0.000m  lat=+0.000m  drift=0.00
  [Plot] Saved → /data/code/yjh/Adaptation/batch_results/20260623_125539/robot_491_seed447/trajectory.png

  [Sub-batch 46/46] robots 360–363
[Error] [carb.gym.plugin] Gym cuda error: out of memory: ../../../source/plugins/carb/gym/impl/Gym/GymCuda.h: 110
[Error] [carb.gym.plugin] Failed to create primary CUDA context
Not connected to PVD
/buildAgent/work/99bede84aa0a52c2/source/cudamanager/src/CudaContextManager.cpp (533) : warning : CUDA context validation failed

[Warning] [carb.gym.plugin] Failed to create a valid PhysX CUDA Context Manager. Falling back to CPU.
Physics Engine: PhysX
Physics Device: cpu
GPU Pipeline: disabled
[Error] [carb.gym.plugin] Gym cuda error: out of memory: ../../../source/plugins/carb/gym/impl/Gym/GymCuda.h: 110
[Error] [carb.gym.plugin] Failed to create primary CUDA context
[Warning] [carb.gym.plugin] Failed to create primary CUDA context on graphics device
Importing module 'gym_38' (/data/code/yjh/isaacgym/python/isaacgym/_bindings/linux-x86_64/gym_38.so)
Setting GYM_USD_PLUG_INFO_PATH to /data/code/yjh/isaacgym/python/isaacgym/_bindings/linux-x86_64/usd/plugInfo.json
    [robot_492_seed3565] P1 yaw=+0.056  fwd=-0.0364  score=-0.0532[YawComp] net_yaw_nominal=0.6395  λ=0.8228  max_adj=0.444
  → stuck, trying [-0.66, -0.751]
    [robot_495_seed9081] P1 yaw=+0.012  fwd=+0.1322  score=0.1287  → OK
    [robot_497_seed7223] P1 yaw=+0.059  fwd=+0.0721  score=0.0545  → OK
    [robot_498_seed4918] P1 yaw=+0.025  fwd=+0.0896  score=0.0822  → OK
    [robot_492_seed3565] R2 yaw=+0.059  fwd=-0.0029  score=-0.0205[YawComp] net_yaw_nominal=-0.5339  λ=-0.3326  max_adj=0.190
  → try [-0.751, 0.66]
    [robot_492_seed3565] R3 yaw=+0.080  fwd=-0.0559  score=-0.0799  → axis [-0.66, -0.751]
[Warning] [carb.gym.plugin] Incomplete articulation end index in function setRigidBodyStates
[Warning] [carb.gym.plugin] Incomplete articulation start index in function setRigidBodyStates
[Warning] [carb.gym.plugin] Incomplete articulation end index in function setRigidBodyStates
[Warning] [carb.gym.plugin] Incomplete articulation start index in function setRigidBodyStates
[Warning] [carb.gym.plugin] Incomplete articulation end index in function setRigidBodyStates
[Warning] [carb.gym.plugin] Incomplete articulation start index in function setRigidBodyStates
[Warning] [carb.gym.plugin] Incomplete articulation end index in function setRigidBodyStates
[Warning] [carb.gym.plugin] Incomplete articulation end index in function setRigidBodyStates
[Warning] [carb.gym.plugin] Incomplete articulation end index in function setRigidBodyStates
[Warning] [carb.gym.plugin] Incomplete articulation start index in function setRigidBodyStates
[Warning] [carb.gym.plugin] Incomplete articulation end index in function setRigidBodyStates
[Warning] [carb.gym.plugin] Incomplete articulation start index in function setRigidBodyStates
[Warning] [carb.gym.plugin] Incomplete articulation end index in function setRigidBodyStates
[Warning] [carb.gym.plugin] Incomplete articulation start index in function setRigidBodyStates
  [Sim]  robot_492_seed3565  steps=7560  fwd=+0.048m  lat=+0.210m  drift=4.36
    [EKF] drift=4.36 > 0.3, trying online correction … Not connected to PVD
+++ Using GPU PhysX
Physics Engine: PhysX
Physics Device: cuda:0
GPU Pipeline: disabled
