{
  "support_center_xy": [
    0.06700005191556654,
    0.12589987933409277
  ],
  "projected_com_xy": [
    0.004552339894417327,
    0.01774943631750159
  ],
  "initial_virtual_forward_axis": [
    -0.9994819892738003,
    -0.03218311851401511
  ],
  "final_forward_axis": [
    -0.9994819892738003,
    -0.03218311851401511
  ],
  "drive_resultant_xy": [
    -1.7037052369109864,
    -0.0548589650847966
  ],
  "direction_scores": {
    "positive": 1.7045882318988639,
    "negative": 0.0
  },
  "support_polygon_xy": [
    [
      -0.2082147126154915,
      -0.4509740445713224
    ],
    [
      -0.6135022667676533,
      -0.0016408334261322662
    ],
    [
      -0.42155000729500186,
      0.43780192848507526
    ],
    [
      -0.0008914466218084352,
      0.5198810396022643
    ],
    [
      0.492010348993354,
      0.3992048077173673
    ],
    [
      0.5830333276276475,
      0.11955089011551316
    ],
    [
      0.6381151200879194,
      -0.14252463258411616
    ]
  ],
  "safety_corridor_xy": [
    [
      0.5710408538220962,
      0.004066919550185927
    ],
    [
      0.5056255020289016,
      0.09913906605523318
    ],
    [
      0.44318405025792484,
      0.10185349064426004
    ],
    [
      0.38094389853444205,
      0.09831632181413141
    ],
    [
      0.3187037468109592,
      0.09477915298400277
    ],
    [
      0.25646359508747635,
      0.09124198415387416
    ],
    [
      0.19422344336399355,
      0.08770481532374552
    ],
    [
      0.1319832916405107,
      0.08416764649361688
    ],
    [
      0.06974313991702791,
      0.0806304776634883
    ],
    [
      0.0075445869264829,
      0.0758014146270885
    ],
    [
      -0.05425317304482509,
      0.058525285468752186
    ],
    [
      -0.11605093301613308,
      0.04124915631041581
    ],
    [
      -0.17784869298744105,
      0.023973027152079496
    ],
    [
      -0.24005230483830753,
      0.01930107256293709
    ],
    [
      -0.30336589396895547,
      0.04910067793655978
    ],
    [
      -0.3666794830996034,
      0.07890028331018248
    ],
    [
      -0.42939891228179633,
      0.09024760081835213
    ],
    [
      -0.4907666971104154,
      0.05961812273685731
    ],
    [
      -0.5521344819390344,
      0.028988644655362494
    ]
  ],
  "translational_compensation_xy": [
    0.04995816961691937,
    0.08652035441327295
  ],
  "planned_swings": {
    "0": {
      "swing_vector_xy": [
        -0.14101369462590707,
        0.015297662242311032
      ],
      "effective_drive_along_forward": 0.14044832154261813
    },
    "1": {
      "swing_vector_xy": [
        -0.164509600009772,
        -0.025135450722318178
      ],
      "effective_drive_along_forward": 0.16523331946190367
    },
    "2": {
      "swing_vector_xy": [
        -0.13973744098525748,
        -0.024337792196912195
      ],
      "effective_drive_along_forward": 0.1404483215426181
    },
    "3": {
      "swing_vector_xy": [
        -0.164509600009772,
        -0.025135450722318178
      ],
      "effective_drive_along_forward": 0.16523331946190367
    },
    "4": {
      "swing_vector_xy": [
        -0.1657858536504216,
        0.01450000371690505
      ],
      "effective_drive_along_forward": 0.16523331946190367
    },
    "5": {
      "swing_vector_xy": [
        -0.14101369462590707,
        0.015297662242311032
      ],
      "effective_drive_along_forward": 0.14044832154261813
    },
    "6": {
      "swing_vector_xy": [
        -0.1657858536504216,
        0.01450000371690505
      ],
      "effective_drive_along_forward": 0.16523331946190367
    }
  },
  "support_leg_ids": [
    0,
    1,
    2,
    3,
    4,
    5,
    6
  ],
  "near_stance_leg_ids": [],
  "topology": {
    "groups": {
      "group_a": [
        6,
        1,
        5,
        4
      ],
      "group_b": [
        0,
        2,
        3
      ]
    },
    "phase_offsets": {
      "group_a": 0.0,
      "group_b": 3.141592653589793
    },
    "inhibition_rules": [],
    "coupling_matrix_zeroed_edges": []
  }
}